Date,Country,Exchange rate
1973-01-02,India,8.0200
1973-01-03,India,8.0200
1973-01-04,India,8.0000
1973-01-05,India,8.0100
1973-01-08,India,8.0000
1973-01-09,India,8.0000
1973-01-10,India,8.0000
1973-01-11,India,8.0000
1973-01-12,India,8.0000
1973-01-15,India,8.0000
1973-01-16,India,8.0100
1973-01-17,India,8.0100
1973-01-18,India,8.0100
1973-01-19,India,8.0000
1973-01-22,India,8.0000
1973-01-23,India,8.0000
1973-01-24,India,8.0000
1973-01-25,India,8.0000
1973-01-26,India,8.0000
1973-01-29,India,8.0100
1973-01-30,India,8.0000
1973-01-31,India,8.0000
1973-02-01,India,8.0000
1973-02-02,India,8.0000
1973-02-05,India,7.9700
1973-02-06,India,8.0000
1973-02-07,India,8.0000
1973-02-08,India,8.0100
1973-02-09,India,8.0100
1973-02-12,India,
1973-02-13,India,
1973-02-14,India,
1973-02-15,India,7.5800
1973-02-16,India,7.5800
1973-02-19,India,
1973-02-20,India,7.5800
1973-02-21,India,7.5800
1973-02-22,India,7.5800
1973-02-23,India,7.5800
1973-02-26,India,7.5500
1973-02-27,India,7.5200
1973-02-28,India,7.5200
1973-03-01,India,7.5500
1973-03-02,India,
1973-03-05,India,
1973-03-06,India,7.3500
1973-03-07,India,7.1900
1973-03-08,India,7.2500
1973-03-09,India,7.5500
1973-03-12,India,7.5200
1973-03-13,India,7.5200
1973-03-14,India,7.9400
1973-03-15,India,7.5200
1973-03-16,India,7.8100
1973-03-19,India,7.6000
1973-03-20,India,7.5800
1973-03-21,India,7.5800
1973-03-22,India,7.5800
1973-03-23,India,7.5800
1973-03-26,India,7.5800
1973-03-27,India,7.5500
1973-03-28,India,7.5500
1973-03-29,India,7.5800
1973-03-30,India,7.5500
1973-04-02,India,7.5800
1973-04-03,India,7.5500
1973-04-04,India,7.5500
1973-04-05,India,7.5500
1973-04-06,India,7.5500
1973-04-09,India,7.5500
1973-04-10,India,7.5500
1973-04-11,India,7.5200
1973-04-12,India,7.5000
1973-04-13,India,7.5200
1973-04-16,India,7.5200
1973-04-17,India,7.5500
1973-04-18,India,7.5500
1973-04-19,India,7.5500
1973-04-20,India,7.5500
1973-04-23,India,7.5500
1973-04-24,India,7.5600
1973-04-25,India,7.5500
1973-04-26,India,7.5600
1973-04-27,India,7.5800
1973-04-30,India,7.5300
1973-05-01,India,7.5400
1973-05-02,India,7.5200
1973-05-03,India,7.5500
1973-05-04,India,7.5500
1973-05-07,India,7.5500
1973-05-08,India,7.5500
1973-05-09,India,7.5200
1973-05-10,India,7.5200
1973-05-11,India,7.5200
1973-05-14,India,7.4600
1973-05-15,India,7.4600
1973-05-16,India,7.4900
1973-05-17,India,7.5200
1973-05-18,India,7.5200
1973-05-21,India,7.5200
1973-05-22,India,7.5200
1973-05-23,India,7.5200
1973-05-24,India,7.4600
1973-05-25,India,7.4100
1973-05-28,India,
1973-05-29,India,7.4000
1973-05-30,India,7.3500
1973-05-31,India,7.3900
1973-06-01,India,7.2500
1973-06-04,India,7.2200
1973-06-05,India,7.2200
1973-06-06,India,7.2700
1973-06-07,India,7.2500
1973-06-08,India,7.3000
1973-06-11,India,7.3000
1973-06-12,India,7.3300
1973-06-13,India,7.3300
1973-06-14,India,7.2600
1973-06-15,India,7.3000
1973-06-18,India,7.2500
1973-06-19,India,7.2500
1973-06-20,India,7.2500
1973-06-21,India,7.2500
1973-06-22,India,7.3000
1973-06-25,India,7.2700
1973-06-26,India,7.2700
1973-06-27,India,7.2700
1973-06-28,India,7.2700
1973-06-29,India,7.3000
1973-07-02,India,7.3000
1973-07-03,India,7.2700
1973-07-04,India,
1973-07-05,India,7.2700
1973-07-06,India,7.3000
1973-07-09,India,7.3000
1973-07-10,India,7.3000
1973-07-11,India,7.3000
1973-07-12,India,7.2500
1973-07-13,India,7.3000
1973-07-16,India,7.3000
1973-07-17,India,7.2700
1973-07-18,India,7.2700
1973-07-19,India,7.2700
1973-07-20,India,7.4100
1973-07-23,India,7.4100
1973-07-24,India,7.4600
1973-07-25,India,7.4600
1973-07-26,India,7.4600
1973-07-27,India,7.4900
1973-07-30,India,7.4900
1973-07-31,India,7.4900
1973-08-01,India,7.4900
1973-08-02,India,7.4900
1973-08-03,India,7.4900
1973-08-06,India,7.5200
1973-08-07,India,7.5200
1973-08-08,India,7.4600
1973-08-09,India,7.4900
1973-08-10,India,7.4900
1973-08-13,India,7.6200
1973-08-14,India,7.5800
1973-08-15,India,7.6000
1973-08-16,India,7.5800
1973-08-17,India,7.6600
1973-08-20,India,7.6600
1973-08-21,India,7.6600
1973-08-22,India,7.6000
1973-08-23,India,7.6000
1973-08-24,India,7.6000
1973-08-27,India,7.5800
1973-08-28,India,7.5800
1973-08-29,India,7.5500
1973-08-30,India,7.5800
1973-08-31,India,7.5800
1973-09-03,India,
1973-09-04,India,7.5800
1973-09-05,India,7.5500
1973-09-06,India,7.5800
1973-09-07,India,7.5800
1973-09-10,India,7.6000
1973-09-11,India,7.6000
1973-09-12,India,7.7500
1973-09-13,India,7.7800
1973-09-14,India,7.7800
1973-09-17,India,7.7500
1973-09-18,India,7.7800
1973-09-19,India,7.7500
1973-09-20,India,7.7500
1973-09-21,India,7.7500
1973-09-24,India,7.7200
1973-09-25,India,7.7500
1973-09-26,India,7.7500
1973-09-27,India,7.7500
1973-09-28,India,7.7500
1973-10-01,India,7.7200
1973-10-02,India,7.7800
1973-10-03,India,7.7800
1973-10-04,India,7.7800
1973-10-05,India,7.7800
1973-10-08,India,
1973-10-09,India,7.7800
1973-10-10,India,7.7500
1973-10-11,India,7.7500
1973-10-12,India,7.7500
1973-10-15,India,7.7800
1973-10-16,India,7.7200
1973-10-17,India,7.6900
1973-10-18,India,7.6900
1973-10-19,India,7.6900
1973-10-22,India,
1973-10-23,India,7.6900
1973-10-24,India,7.6900
1973-10-25,India,7.6900
1973-10-26,India,7.6900
1973-10-29,India,7.6900
1973-10-30,India,7.6900
1973-10-31,India,7.6900
1973-11-01,India,7.6800
1973-11-02,India,7.6800
1973-11-05,India,7.7000
1973-11-06,India,
1973-11-07,India,7.7600
1973-11-08,India,7.7600
1973-11-09,India,7.7800
1973-11-12,India,7.6900
1973-11-13,India,7.6900
1973-11-14,India,7.6900
1973-11-15,India,7.6900
1973-11-16,India,7.8600
1973-11-19,India,7.8600
1973-11-20,India,7.8300
1973-11-21,India,7.8300
1973-11-22,India,
1973-11-23,India,8.0000
1973-11-26,India,8.0000
1973-11-27,India,8.0000
1973-11-28,India,8.0600
1973-11-29,India,8.0600
1973-11-30,India,8.0600
1973-12-03,India,8.0300
1973-12-04,India,8.0300
1973-12-05,India,8.0300
1973-12-06,India,8.0600
1973-12-07,India,8.0600
1973-12-10,India,8.0600
1973-12-11,India,8.0600
1973-12-12,India,8.1300
1973-12-13,India,8.1300
1973-12-14,India,8.1300
1973-12-17,India,8.2000
1973-12-18,India,8.2000
1973-12-19,India,8.1200
1973-12-20,India,8.1200
1973-12-21,India,8.1200
1973-12-24,India,8.1200
1973-12-25,India,
1973-12-26,India,8.1200
1973-12-27,India,8.1600
1973-12-28,India,8.1600
1973-12-31,India,8.1600
1974-01-01,India,
1974-01-02,India,8.1600
1974-01-03,India,8.2100
1974-01-04,India,8.2100
1974-01-07,India,8.2100
1974-01-08,India,8.4000
1974-01-09,India,8.4000
1974-01-10,India,8.4000
1974-01-11,India,8.4000
1974-01-14,India,8.3600
1974-01-15,India,8.3600
1974-01-16,India,8.3600
1974-01-17,India,8.3600
1974-01-18,India,8.5800
1974-01-21,India,8.5800
1974-01-22,India,8.5800
1974-01-23,India,8.6200
1974-01-24,India,8.6200
1974-01-25,India,8.6200
1974-01-28,India,8.5500
1974-01-29,India,8.5500
1974-01-30,India,8.5500
1974-01-31,India,8.5500
1974-02-01,India,8.2300
1974-02-04,India,8.2300
1974-02-05,India,8.2300
1974-02-06,India,8.2300
1974-02-07,India,8.2300
1974-02-08,India,8.3700
1974-02-11,India,8.3700
1974-02-12,India,
1974-02-13,India,8.3300
1974-02-14,India,8.3300
1974-02-15,India,8.2300
1974-02-18,India,
1974-02-19,India,8.2300
1974-02-20,India,8.2300
1974-02-21,India,8.2000
1974-02-22,India,8.2000
1974-02-25,India,8.2000
1974-02-26,India,8.2000
1974-02-27,India,8.2000
1974-02-28,India,8.1600
1974-03-01,India,8.2000
1974-03-04,India,8.2000
1974-03-05,India,8.2000
1974-03-06,India,8.2000
1974-03-07,India,8.0800
1974-03-08,India,8.1000
1974-03-11,India,8.1000
1974-03-12,India,8.1000
1974-03-13,India,8.1000
1974-03-14,India,8.1000
1974-03-15,India,8.0300
1974-03-18,India,8.0300
1974-03-19,India,8.0300
1974-03-20,India,8.0300
1974-03-21,India,8.0300
1974-03-22,India,7.9700
1974-03-25,India,7.9700
1974-03-26,India,7.9700
1974-03-27,India,7.9700
1974-03-28,India,7.9700
1974-03-29,India,7.8100
1974-04-01,India,7.8100
1974-04-02,India,7.8100
1974-04-03,India,7.8100
1974-04-04,India,7.8100
1974-04-05,India,7.8400
1974-04-08,India,7.8400
1974-04-09,India,7.8400
1974-04-10,India,7.8100
1974-04-11,India,7.8100
1974-04-12,India,7.9700
1974-04-15,India,7.9700
1974-04-16,India,8.0000
1974-04-17,India,7.9700
1974-04-18,India,7.9700
1974-04-19,India,7.8700
1974-04-22,India,7.8700
1974-04-23,India,7.8700
1974-04-24,India,7.8700
1974-04-25,India,7.8700
1974-04-26,India,7.8100
1974-04-29,India,7.8100
1974-04-30,India,7.8100
1974-05-01,India,7.8100
1974-05-02,India,7.8100
1974-05-03,India,7.7500
1974-05-06,India,7.7500
1974-05-07,India,7.8700
1974-05-08,India,7.7500
1974-05-09,India,7.7500
1974-05-10,India,7.7200
1974-05-13,India,7.7200
1974-05-14,India,7.7200
1974-05-15,India,7.7200
1974-05-16,India,7.7200
1974-05-17,India,7.8100
1974-05-20,India,7.8100
1974-05-21,India,7.8400
1974-05-22,India,7.8100
1974-05-23,India,7.8100
1974-05-24,India,7.8100
1974-05-27,India,
1974-05-28,India,7.8100
1974-05-29,India,7.8100
1974-05-30,India,7.8100
1974-05-31,India,7.8700
1974-06-03,India,7.8700
1974-06-04,India,7.8700
1974-06-05,India,7.8700
1974-06-06,India,7.8700
1974-06-07,India,7.8100
1974-06-10,India,7.8100
1974-06-11,India,7.8100
1974-06-12,India,7.8100
1974-06-13,India,7.8100
1974-06-14,India,7.8700
1974-06-17,India,7.8700
1974-06-18,India,7.8700
1974-06-19,India,7.8700
1974-06-20,India,7.8700
1974-06-21,India,7.8700
1974-06-24,India,7.8700
1974-06-25,India,7.8700
1974-06-26,India,7.8100
1974-06-27,India,7.8100
1974-06-28,India,7.8700
1974-07-01,India,7.8100
1974-07-02,India,7.8100
1974-07-03,India,7.8100
1974-07-04,India,
1974-07-05,India,7.8700
1974-07-08,India,7.8100
1974-07-09,India,7.8100
1974-07-10,India,7.8100
1974-07-11,India,7.8100
1974-07-12,India,7.8700
1974-07-15,India,7.8100
1974-07-16,India,7.8100
1974-07-17,India,7.8100
1974-07-18,India,7.8100
1974-07-19,India,7.8700
1974-07-22,India,7.8100
1974-07-23,India,7.8700
1974-07-24,India,7.8400
1974-07-25,India,7.8400
1974-07-26,India,7.8700
1974-07-29,India,7.8700
1974-07-30,India,7.8700
1974-07-31,India,7.8700
1974-08-01,India,7.8100
1974-08-02,India,7.8100
1974-08-05,India,7.8700
1974-08-06,India,7.8700
1974-08-07,India,7.8700
1974-08-08,India,7.8700
1974-08-09,India,7.9400
1974-08-12,India,7.9400
1974-08-13,India,7.9400
1974-08-14,India,7.9400
1974-08-15,India,7.9400
1974-08-16,India,8.0600
1974-08-19,India,8.0600
1974-08-20,India,8.0600
1974-08-21,India,8.0600
1974-08-22,India,8.0600
1974-08-23,India,8.0600
1974-08-26,India,8.0600
1974-08-27,India,8.1000
1974-08-28,India,8.1000
1974-08-29,India,8.1000
1974-08-30,India,8.1300
1974-09-02,India,
1974-09-03,India,8.1300
1974-09-04,India,8.1300
1974-09-05,India,8.1300
1974-09-06,India,8.1300
1974-09-09,India,8.1300
1974-09-10,India,8.1300
1974-09-11,India,8.1300
1974-09-12,India,8.1300
1974-09-13,India,8.1200
1974-09-16,India,8.1200
1974-09-17,India,8.1200
1974-09-18,India,8.1200
1974-09-19,India,8.1200
1974-09-20,India,8.1200
1974-09-23,India,8.1200
1974-09-24,India,8.1200
1974-09-25,India,8.1200
1974-09-26,India,8.1200
1974-09-27,India,8.1200
1974-09-30,India,8.0600
1974-10-01,India,8.0600
1974-10-02,India,8.0300
1974-10-03,India,8.0300
1974-10-04,India,8.0300
1974-10-07,India,8.0600
1974-10-08,India,8.0600
1974-10-09,India,8.0600
1974-10-10,India,8.0600
1974-10-11,India,8.0300
1974-10-14,India,
1974-10-15,India,8.0300
1974-10-16,India,8.0300
1974-10-17,India,8.0300
1974-10-18,India,8.0600
1974-10-21,India,8.0600
1974-10-22,India,8.0600
1974-10-23,India,8.0600
1974-10-24,India,8.0600
1974-10-25,India,8.0600
1974-10-28,India,8.0600
1974-10-29,India,8.0600
1974-10-30,India,8.0600
1974-10-31,India,8.0600
1974-11-01,India,8.0600
1974-11-04,India,8.0600
1974-11-05,India,
1974-11-06,India,8.0600
1974-11-07,India,8.0600
1974-11-08,India,8.0300
1974-11-11,India,
1974-11-12,India,8.0300
1974-11-13,India,8.0300
1974-11-14,India,8.0300
1974-11-15,India,8.1000
1974-11-18,India,8.1000
1974-11-19,India,8.1000
1974-11-20,India,8.1000
1974-11-21,India,8.1000
1974-11-22,India,8.0600
1974-11-25,India,8.0600
1974-11-26,India,8.0600
1974-11-27,India,8.0600
1974-11-28,India,
1974-11-29,India,8.0600
1974-12-02,India,8.0600
1974-12-03,India,8.0600
1974-12-04,India,8.0600
1974-12-05,India,8.0600
1974-12-06,India,8.1000
1974-12-09,India,8.1000
1974-12-10,India,8.0000
1974-12-11,India,8.0000
1974-12-12,India,8.0000
1974-12-13,India,8.1300
1974-12-16,India,8.1300
1974-12-17,India,8.1300
1974-12-18,India,8.1300
1974-12-19,India,8.1300
1974-12-20,India,8.1300
1974-12-23,India,8.1300
1974-12-24,India,8.1300
1974-12-25,India,
1974-12-26,India,8.1300
1974-12-27,India,8.1300
1974-12-30,India,8.1300
1974-12-31,India,8.1300
1975-01-01,India,
1975-01-02,India,8.1300
1975-01-03,India,8.1300
1975-01-06,India,8.1300
1975-01-07,India,8.1300
1975-01-08,India,8.1300
1975-01-09,India,8.1300
1975-01-10,India,8.1300
1975-01-13,India,8.1300
1975-01-14,India,8.1300
1975-01-15,India,8.1300
1975-01-16,India,8.1300
1975-01-17,India,8.1300
1975-01-20,India,8.1300
1975-01-21,India,8.1300
1975-01-22,India,8.1300
1975-01-23,India,8.1300
1975-01-24,India,8.1300
1975-01-27,India,8.1300
1975-01-28,India,8.1300
1975-01-29,India,8.1300
1975-01-30,India,8.1300
1975-01-31,India,8.1300
1975-02-03,India,8.1300
1975-02-04,India,8.1300
1975-02-05,India,8.1300
1975-02-06,India,8.1300
1975-02-07,India,7.9400
1975-02-10,India,7.9400
1975-02-11,India,7.9400
1975-02-12,India,
1975-02-13,India,7.9400
1975-02-14,India,7.9400
1975-02-17,India,
1975-02-18,India,7.9400
1975-02-19,India,7.9400
1975-02-20,India,7.9400
1975-02-21,India,7.9400
1975-02-24,India,7.9400
1975-02-25,India,7.9400
1975-02-26,India,7.9400
1975-02-27,India,7.9400
1975-02-28,India,7.7500
1975-03-03,India,7.7500
1975-03-04,India,7.7500
1975-03-05,India,7.7500
1975-03-06,India,7.7500
1975-03-07,India,7.7500
1975-03-10,India,7.7500
1975-03-11,India,7.7500
1975-03-12,India,7.7500
1975-03-13,India,7.7500
1975-03-14,India,7.7500
1975-03-17,India,7.7500
1975-03-18,India,7.7500
1975-03-19,India,7.7500
1975-03-20,India,7.7500
1975-03-21,India,7.7500
1975-03-24,India,7.7500
1975-03-25,India,7.7500
1975-03-26,India,7.7500
1975-03-27,India,7.7500
1975-03-28,India,7.7500
1975-03-31,India,7.7500
1975-04-01,India,7.7500
1975-04-02,India,7.7500
1975-04-03,India,7.7500
1975-04-04,India,7.7500
1975-04-07,India,7.8400
1975-04-08,India,7.8400
1975-04-09,India,7.8400
1975-04-10,India,7.8400
1975-04-11,India,7.8400
1975-04-14,India,7.9400
1975-04-15,India,7.9400
1975-04-16,India,7.9400
1975-04-17,India,7.9400
1975-04-18,India,7.9400
1975-04-21,India,7.9100
1975-04-22,India,7.9100
1975-04-23,India,7.9100
1975-04-24,India,7.9100
1975-04-25,India,7.9100
1975-04-28,India,8.0000
1975-04-29,India,8.0000
1975-04-30,India,8.0000
1975-05-01,India,8.0000
1975-05-02,India,8.0000
1975-05-05,India,8.0000
1975-05-06,India,8.0300
1975-05-07,India,8.0300
1975-05-08,India,8.0300
1975-05-09,India,8.0300
1975-05-12,India,8.0300
1975-05-13,India,8.0300
1975-05-14,India,8.0300
1975-05-15,India,8.0300
1975-05-16,India,8.0300
1975-05-19,India,8.1600
1975-05-20,India,8.1600
1975-05-21,India,8.1600
1975-05-22,India,8.1600
1975-05-23,India,8.1600
1975-05-26,India,
1975-05-27,India,8.1000
1975-05-28,India,8.1000
1975-05-29,India,8.1000
1975-05-30,India,8.1000
1975-06-02,India,8.1000
1975-06-03,India,8.1000
1975-06-04,India,8.1000
1975-06-05,India,8.1000
1975-06-06,India,8.1000
1975-06-09,India,8.1000
1975-06-10,India,8.1000
1975-06-11,India,8.1000
1975-06-12,India,8.1000
1975-06-13,India,8.1000
1975-06-16,India,8.2300
1975-06-17,India,8.2300
1975-06-18,India,8.2300
1975-06-19,India,8.2300
1975-06-20,India,8.2600
1975-06-23,India,8.2600
1975-06-24,India,8.2600
1975-06-25,India,8.2600
1975-06-26,India,8.2600
1975-06-27,India,8.4000
1975-06-30,India,8.4000
1975-07-01,India,8.4000
1975-07-02,India,8.5100
1975-07-03,India,8.4700
1975-07-04,India,
1975-07-07,India,8.4700
1975-07-08,India,8.4700
1975-07-09,India,8.4000
1975-07-10,India,8.4000
1975-07-11,India,8.4700
1975-07-14,India,8.4700
1975-07-15,India,8.4700
1975-07-16,India,8.4700
1975-07-17,India,8.4700
1975-07-18,India,8.5500
1975-07-21,India,8.5500
1975-07-22,India,8.5500
1975-07-23,India,8.5500
1975-07-24,India,8.5500
1975-07-25,India,8.5100
1975-07-28,India,8.5100
1975-07-29,India,8.5100
1975-07-30,India,8.5100
1975-07-31,India,8.5100
1975-08-01,India,8.6200
1975-08-04,India,8.6200
1975-08-05,India,8.6200
1975-08-06,India,8.6200
1975-08-07,India,8.6200
1975-08-08,India,8.8500
1975-08-11,India,8.8500
1975-08-12,India,8.8500
1975-08-13,India,8.8500
1975-08-14,India,8.8500
1975-08-15,India,8.8100
1975-08-18,India,8.8100
1975-08-19,India,8.8100
1975-08-20,India,8.8100
1975-08-21,India,8.8100
1975-08-22,India,8.8500
1975-08-25,India,8.8500
1975-08-26,India,8.8500
1975-08-27,India,8.8500
1975-08-28,India,8.8500
1975-08-29,India,8.9300
1975-09-01,India,
1975-09-02,India,8.9300
1975-09-03,India,8.9300
1975-09-04,India,8.9300
1975-09-05,India,8.7700
1975-09-08,India,8.7700
1975-09-09,India,8.7700
1975-09-10,India,8.7700
1975-09-11,India,8.7700
1975-09-12,India,8.8100
1975-09-15,India,8.8100
1975-09-16,India,8.8100
1975-09-17,India,8.8100
1975-09-18,India,8.8100
1975-09-19,India,8.9300
1975-09-22,India,8.9300
1975-09-23,India,8.9300
1975-09-24,India,8.9300
1975-09-25,India,8.9300
1975-09-26,India,8.9400
1975-09-29,India,8.9400
1975-09-30,India,8.9400
1975-10-01,India,8.9400
1975-10-02,India,8.9400
1975-10-03,India,8.9700
1975-10-06,India,8.9700
1975-10-07,India,8.9700
1975-10-08,India,8.9700
1975-10-09,India,8.9700
1975-10-10,India,8.8900
1975-10-13,India,
1975-10-14,India,8.8900
1975-10-15,India,8.8900
1975-10-16,India,8.8900
1975-10-17,India,8.8900
1975-10-20,India,8.8900
1975-10-21,India,8.8900
1975-10-22,India,8.8900
1975-10-23,India,8.8900
1975-10-24,India,8.8500
1975-10-27,India,8.8500
1975-10-28,India,8.8500
1975-10-29,India,8.8500
1975-10-30,India,8.7300
1975-10-31,India,8.8100
1975-11-03,India,8.8100
1975-11-04,India,
1975-11-05,India,8.8100
1975-11-06,India,8.8100
1975-11-07,India,8.8100
1975-11-10,India,8.8100
1975-11-11,India,
1975-11-12,India,8.8100
1975-11-13,India,8.8100
1975-11-14,India,8.9300
1975-11-17,India,8.9300
1975-11-18,India,8.9300
1975-11-19,India,8.9300
1975-11-20,India,8.9300
1975-11-21,India,8.9700
1975-11-24,India,8.9700
1975-11-25,India,8.9700
1975-11-26,India,8.9700
1975-11-27,India,
1975-11-28,India,9.0900
1975-12-01,India,9.0900
1975-12-02,India,9.0900
1975-12-03,India,9.0900
1975-12-04,India,9.0900
1975-12-05,India,8.9300
1975-12-08,India,8.9300
1975-12-09,India,8.9300
1975-12-10,India,8.9300
1975-12-11,India,8.9300
1975-12-12,India,8.9700
1975-12-15,India,8.9700
1975-12-16,India,8.9700
1975-12-17,India,8.9700
1975-12-18,India,8.9700
1975-12-19,India,8.9700
1975-12-22,India,8.9700
1975-12-23,India,8.9700
1975-12-24,India,8.9700
1975-12-25,India,
1975-12-26,India,8.9700
1975-12-29,India,8.9700
1975-12-30,India,8.9700
1975-12-31,India,8.9700
1976-01-01,India,
1976-01-02,India,8.9700
1976-01-05,India,8.9700
1976-01-06,India,8.9700
1976-01-07,India,8.9700
1976-01-08,India,8.9700
1976-01-09,India,8.9300
1976-01-12,India,8.9300
1976-01-13,India,8.9300
1976-01-14,India,8.9300
1976-01-15,India,8.9100
1976-01-16,India,8.9300
1976-01-19,India,8.9300
1976-01-20,India,8.9300
1976-01-21,India,8.9300
1976-01-22,India,8.9300
1976-01-23,India,8.9700
1976-01-26,India,8.9700
1976-01-27,India,8.9700
1976-01-28,India,8.9700
1976-01-29,India,8.9700
1976-01-30,India,8.9100
1976-02-02,India,8.9100
1976-02-03,India,8.9100
1976-02-04,India,8.9100
1976-02-05,India,8.9100
1976-02-06,India,8.9300
1976-02-09,India,8.9300
1976-02-10,India,8.9300
1976-02-11,India,8.9300
1976-02-12,India,
1976-02-13,India,8.9400
1976-02-16,India,
1976-02-17,India,8.9400
1976-02-18,India,8.9400
1976-02-19,India,8.9400
1976-02-20,India,8.9700
1976-02-23,India,8.9700
1976-02-24,India,8.9700
1976-02-25,India,8.9700
1976-02-26,India,8.9700
1976-02-27,India,8.9300
1976-03-01,India,8.9300
1976-03-02,India,8.9300
1976-03-03,India,8.9300
1976-03-04,India,8.9300
1976-03-05,India,8.9300
1976-03-08,India,9.0900
1976-03-09,India,9.0900
1976-03-10,India,9.0900
1976-03-11,India,9.0900
1976-03-12,India,8.9300
1976-03-15,India,8.9300
1976-03-16,India,8.9300
1976-03-17,India,8.9300
1976-03-18,India,8.9300
1976-03-19,India,8.9300
1976-03-22,India,8.9300
1976-03-23,India,8.9300
1976-03-24,India,8.9300
1976-03-25,India,8.9300
1976-03-26,India,8.9700
1976-03-29,India,8.9700
1976-03-30,India,8.9700
1976-03-31,India,8.9700
1976-04-01,India,8.9700
1976-04-02,India,9.0100
1976-04-05,India,9.0100
1976-04-06,India,9.0100
1976-04-07,India,9.0100
1976-04-08,India,9.0100
1976-04-09,India,9.0100
1976-04-12,India,9.0100
1976-04-13,India,9.0100
1976-04-14,India,9.0100
1976-04-15,India,9.0100
1976-04-16,India,9.0100
1976-04-19,India,9.0100
1976-04-20,India,9.0100
1976-04-21,India,9.0100
1976-04-22,India,9.0900
1976-04-23,India,8.9300
1976-04-26,India,8.9300
1976-04-27,India,8.9300
1976-04-28,India,8.9300
1976-04-29,India,8.9300
1976-04-30,India,8.9700
1976-05-03,India,8.9700
1976-05-04,India,8.9700
1976-05-05,India,8.9700
1976-05-06,India,8.9700
1976-05-07,India,9.0100
1976-05-10,India,9.0100
1976-05-11,India,9.0100
1976-05-12,India,9.0100
1976-05-13,India,9.0100
1976-05-14,India,9.0100
1976-05-17,India,9.0100
1976-05-18,India,9.0100
1976-05-19,India,9.0100
1976-05-20,India,9.0100
1976-05-21,India,9.0500
1976-05-24,India,9.0500
1976-05-25,India,9.0500
1976-05-26,India,9.0500
1976-05-27,India,9.0500
1976-05-28,India,9.3000
1976-05-31,India,
1976-06-01,India,9.3000
1976-06-02,India,9.3500
1976-06-03,India,9.3500
1976-06-04,India,9.3000
1976-06-07,India,9.3000
1976-06-08,India,9.3000
1976-06-09,India,9.3000
1976-06-10,India,9.3000
1976-06-11,India,9.0100
1976-06-14,India,9.0100
1976-06-15,India,9.0100
1976-06-16,India,9.0100
1976-06-17,India,9.0100
1976-06-18,India,8.9700
1976-06-21,India,8.9700
1976-06-22,India,8.9700
1976-06-23,India,8.9700
1976-06-24,India,8.9700
1976-06-25,India,9.0100
1976-06-28,India,9.0100
1976-06-29,India,9.0100
1976-06-30,India,9.0100
1976-07-01,India,9.0100
1976-07-02,India,8.8900
1976-07-05,India,
1976-07-06,India,8.8900
1976-07-07,India,8.8900
1976-07-08,India,8.8900
1976-07-09,India,8.9700
1976-07-12,India,8.9700
1976-07-13,India,8.9700
1976-07-14,India,8.9700
1976-07-15,India,8.9700
1976-07-16,India,8.9000
1976-07-19,India,8.9000
1976-07-20,India,8.9000
1976-07-21,India,8.9000
1976-07-22,India,8.9000
1976-07-23,India,8.9000
1976-07-26,India,8.9000
1976-07-27,India,8.9000
1976-07-28,India,8.9000
1976-07-29,India,8.9000
1976-07-30,India,8.9700
1976-08-02,India,8.9700
1976-08-03,India,8.9700
1976-08-04,India,8.9700
1976-08-05,India,8.9700
1976-08-06,India,8.9700
1976-08-09,India,8.9700
1976-08-10,India,8.9700
1976-08-11,India,8.9700
1976-08-12,India,8.9700
1976-08-13,India,8.9700
1976-08-16,India,8.9700
1976-08-17,India,8.9700
1976-08-18,India,8.9700
1976-08-19,India,8.9700
1976-08-20,India,8.9700
1976-08-23,India,8.9700
1976-08-24,India,8.9700
1976-08-25,India,8.9700
1976-08-26,India,8.9700
1976-08-27,India,9.0100
1976-08-30,India,9.0100
1976-08-31,India,9.0100
1976-09-01,India,9.0100
1976-09-02,India,9.0100
1976-09-03,India,9.0100
1976-09-06,India,
1976-09-07,India,9.0100
1976-09-08,India,9.0100
1976-09-09,India,9.0100
1976-09-10,India,9.1300
1976-09-13,India,9.1300
1976-09-14,India,9.1300
1976-09-15,India,9.1300
1976-09-16,India,9.1300
1976-09-17,India,9.1300
1976-09-20,India,9.1300
1976-09-21,India,9.1300
1976-09-22,India,9.1300
1976-09-23,India,9.1300
1976-09-24,India,9.0300
1976-09-27,India,9.0300
1976-09-28,India,9.1700
1976-09-29,India,8.8500
1976-09-30,India,8.8500
1976-10-01,India,8.8500
1976-10-04,India,8.8500
1976-10-05,India,8.8500
1976-10-06,India,8.8500
1976-10-07,India,8.8500
1976-10-08,India,8.8500
1976-10-11,India,
1976-10-12,India,8.8500
1976-10-13,India,8.8500
1976-10-14,India,8.8500
1976-10-15,India,8.9300
1976-10-18,India,8.9300
1976-10-19,India,8.9300
1976-10-20,India,8.9300
1976-10-21,India,8.9300
1976-10-22,India,8.9300
1976-10-25,India,8.9300
1976-10-26,India,8.9300
1976-10-27,India,8.9300
1976-10-28,India,8.9300
1976-10-29,India,8.9700
1976-11-01,India,8.9700
1976-11-02,India,
1976-11-03,India,8.9700
1976-11-04,India,8.9700
1976-11-05,India,9.0500
1976-11-08,India,9.0500
1976-11-09,India,9.0500
1976-11-10,India,9.0500
1976-11-11,India,
1976-11-12,India,9.0100
1976-11-15,India,9.0100
1976-11-16,India,9.0100
1976-11-17,India,9.0100
1976-11-18,India,9.0100
1976-11-19,India,9.0100
1976-11-22,India,8.7300
1976-11-23,India,8.7300
1976-11-24,India,8.9300
1976-11-25,India,
1976-11-26,India,8.9300
1976-11-29,India,8.9300
1976-11-30,India,8.9300
1976-12-01,India,8.9300
1976-12-02,India,8.9300
1976-12-03,India,8.8100
1976-12-06,India,8.8100
1976-12-07,India,8.8100
1976-12-08,India,8.8100
1976-12-09,India,8.8100
1976-12-10,India,8.7700
1976-12-13,India,8.7700
1976-12-14,India,8.7700
1976-12-15,India,8.7700
1976-12-16,India,8.7700
1976-12-17,India,8.8100
1976-12-20,India,8.8100
1976-12-21,India,8.8100
1976-12-22,India,8.8100
1976-12-23,India,8.8100
1976-12-24,India,9.0100
1976-12-27,India,8.9700
1976-12-28,India,8.9700
1976-12-29,India,8.9700
1976-12-30,India,8.9700
1976-12-31,India,8.9300
1977-01-03,India,8.9300
1977-01-04,India,8.9300
1977-01-05,India,8.9300
1977-01-06,India,8.9300
1977-01-07,India,8.9300
1977-01-10,India,9.0100
1977-01-11,India,9.0100
1977-01-12,India,9.0100
1977-01-13,India,9.0100
1977-01-14,India,8.8900
1977-01-17,India,8.8900
1977-01-18,India,8.8900
1977-01-19,India,8.8900
1977-01-20,India,8.8900
1977-01-21,India,8.8500
1977-01-24,India,8.8500
1977-01-25,India,8.8500
1977-01-26,India,8.8500
1977-01-27,India,8.8500
1977-01-28,India,8.8100
1977-01-31,India,8.8100
1977-02-01,India,8.8100
1977-02-02,India,8.8100
1977-02-03,India,8.8100
1977-02-04,India,8.8900
1977-02-07,India,8.8900
1977-02-08,India,8.8900
1977-02-09,India,8.8900
1977-02-10,India,8.8900
1977-02-11,India,8.8500
1977-02-14,India,8.8500
1977-02-15,India,8.8500
1977-02-16,India,8.8500
1977-02-17,India,8.8500
1977-02-18,India,8.8500
1977-02-21,India,
1977-02-22,India,8.8900
1977-02-23,India,8.8900
1977-02-24,India,8.8900
1977-02-25,India,8.8700
1977-02-28,India,8.8700
1977-03-01,India,8.8700
1977-03-02,India,8.8700
1977-03-03,India,8.8700
1977-03-04,India,8.8500
1977-03-07,India,8.8500
1977-03-08,India,8.8500
1977-03-09,India,8.8500
1977-03-10,India,8.8500
1977-03-11,India,8.8500
1977-03-14,India,8.8500
1977-03-15,India,8.8500
1977-03-16,India,8.8500
1977-03-17,India,8.8500
1977-03-18,India,8.8300
1977-03-21,India,8.8300
1977-03-22,India,8.8300
1977-03-23,India,8.8300
1977-03-24,India,8.8300
1977-03-25,India,8.8200
1977-03-28,India,8.8200
1977-03-29,India,8.8200
1977-03-30,India,8.8200
1977-03-31,India,8.8200
1977-04-01,India,8.8200
1977-04-04,India,8.8200
1977-04-05,India,8.8200
1977-04-06,India,8.8200
1977-04-07,India,8.8200
1977-04-08,India,8.8500
1977-04-11,India,8.8500
1977-04-12,India,8.8500
1977-04-13,India,8.8500
1977-04-14,India,8.8500
1977-04-15,India,8.8500
1977-04-18,India,8.8500
1977-04-19,India,8.8500
1977-04-20,India,8.8500
1977-04-21,India,8.8500
1977-04-22,India,8.8500
1977-04-25,India,8.8500
1977-04-26,India,8.8500
1977-04-27,India,8.8500
1977-04-28,India,8.8500
1977-04-29,India,8.8500
1977-05-02,India,8.8500
1977-05-03,India,8.8500
1977-05-04,India,8.8500
1977-05-05,India,8.8500
1977-05-06,India,8.8500
1977-05-09,India,8.8500
1977-05-10,India,8.8500
1977-05-11,India,8.8500
1977-05-12,India,8.8500
1977-05-13,India,8.8100
1977-05-16,India,8.8100
1977-05-17,India,8.8100
1977-05-18,India,8.8100
1977-05-19,India,8.8100
1977-05-20,India,8.8300
1977-05-23,India,8.8300
1977-05-24,India,8.8300
1977-05-25,India,8.8300
1977-05-26,India,8.8300
1977-05-27,India,8.8300
1977-05-30,India,
1977-05-31,India,8.8300
1977-06-01,India,8.8300
1977-06-02,India,8.8300
1977-06-03,India,8.8500
1977-06-06,India,8.8500
1977-06-07,India,8.8500
1977-06-08,India,8.8500
1977-06-09,India,8.8500
1977-06-10,India,8.8500
1977-06-13,India,8.8500
1977-06-14,India,8.8500
1977-06-15,India,8.8500
1977-06-16,India,8.8500
1977-06-17,India,8.8500
1977-06-20,India,8.8800
1977-06-21,India,8.8800
1977-06-22,India,8.8800
1977-06-23,India,8.8800
1977-06-24,India,8.8800
1977-06-27,India,8.8800
1977-06-28,India,8.8800
1977-06-29,India,8.8800
1977-06-30,India,8.8800
1977-07-01,India,8.8100
1977-07-04,India,
1977-07-05,India,8.8100
1977-07-06,India,8.8100
1977-07-07,India,8.8100
1977-07-08,India,8.8100
1977-07-11,India,8.8100
1977-07-12,India,8.8100
1977-07-13,India,8.8100
1977-07-14,India,
1977-07-15,India,8.8500
1977-07-18,India,8.8500
1977-07-19,India,8.8500
1977-07-20,India,8.8500
1977-07-21,India,8.8500
1977-07-22,India,8.8100
1977-07-25,India,8.8100
1977-07-26,India,8.8100
1977-07-27,India,8.8100
1977-07-28,India,8.8100
1977-07-29,India,8.7300
1977-08-01,India,8.7300
1977-08-02,India,8.7300
1977-08-03,India,8.7300
1977-08-04,India,8.7300
1977-08-05,India,8.7200
1977-08-08,India,8.7200
1977-08-09,India,8.7200
1977-08-10,India,8.7200
1977-08-11,India,8.7200
1977-08-12,India,8.7200
1977-08-15,India,8.7200
1977-08-16,India,8.7200
1977-08-17,India,8.7200
1977-08-18,India,8.7200
1977-08-19,India,8.7100
1977-08-22,India,8.7100
1977-08-23,India,8.7100
1977-08-24,India,8.7100
1977-08-25,India,8.7100
1977-08-26,India,8.7300
1977-08-29,India,8.7300
1977-08-30,India,8.7300
1977-08-31,India,8.7300
1977-09-01,India,8.7300
1977-09-02,India,8.7300
1977-09-05,India,
1977-09-06,India,8.7300
1977-09-07,India,8.7300
1977-09-08,India,8.7300
1977-09-09,India,8.7300
1977-09-12,India,8.7300
1977-09-13,India,8.7300
1977-09-14,India,8.7300
1977-09-15,India,8.7300
1977-09-16,India,8.7300
1977-09-19,India,8.7300
1977-09-20,India,8.7300
1977-09-21,India,8.7300
1977-09-22,India,8.7300
1977-09-23,India,8.7300
1977-09-26,India,8.7300
1977-09-27,India,8.7300
1977-09-28,India,8.7300
1977-09-29,India,8.7300
1977-09-30,India,8.7300
1977-10-03,India,8.7300
1977-10-04,India,8.7300
1977-10-05,India,8.7300
1977-10-06,India,8.7300
1977-10-07,India,8.6200
1977-10-10,India,
1977-10-11,India,8.6200
1977-10-12,India,8.6200
1977-10-13,India,8.6200
1977-10-14,India,8.5800
1977-10-17,India,8.5800
1977-10-18,India,8.5800
1977-10-19,India,8.5800
1977-10-20,India,8.5800
1977-10-21,India,8.5800
1977-10-24,India,8.5800
1977-10-25,India,8.5800
1977-10-26,India,8.5800
1977-10-27,India,8.5800
1977-10-28,India,8.5500
1977-10-31,India,8.5500
1977-11-01,India,8.5500
1977-11-02,India,8.5500
1977-11-03,India,8.5500
1977-11-04,India,8.7000
1977-11-07,India,8.7000
1977-11-08,India,
1977-11-09,India,8.7000
1977-11-10,India,8.7000
1977-11-11,India,
1977-11-14,India,8.7000
1977-11-15,India,8.7000
1977-11-16,India,8.7000
1977-11-17,India,8.7000
1977-11-18,India,8.6100
1977-11-21,India,8.6100
1977-11-22,India,8.6100
1977-11-23,India,8.6100
1977-11-24,India,
1977-11-25,India,8.6200
1977-11-28,India,8.6200
1977-11-29,India,8.6200
1977-11-30,India,8.6200
1977-12-01,India,8.6200
1977-12-02,India,8.6200
1977-12-05,India,8.6200
1977-12-06,India,8.6200
1977-12-07,India,8.6200
1977-12-08,India,8.6200
1977-12-09,India,8.6200
1977-12-12,India,8.6200
1977-12-13,India,8.6200
1977-12-14,India,8.6200
1977-12-15,India,8.6200
1977-12-16,India,8.4700
1977-12-19,India,8.4700
1977-12-20,India,8.4700
1977-12-21,India,8.4700
1977-12-22,India,8.4700
1977-12-23,India,8.4700
1977-12-26,India,
1977-12-27,India,8.4700
1977-12-28,India,8.4700
1977-12-29,India,8.4700
1977-12-30,India,8.2300
1978-01-02,India,
1978-01-03,India,8.4700
1978-01-04,India,8.4700
1978-01-05,India,8.4700
1978-01-06,India,8.2300
1978-01-09,India,8.2300
1978-01-10,India,8.2300
1978-01-11,India,8.2300
1978-01-12,India,8.2300
1978-01-13,India,8.1600
1978-01-16,India,8.1600
1978-01-17,India,8.1600
1978-01-18,India,8.1600
1978-01-19,India,8.1600
1978-01-20,India,8.1600
1978-01-23,India,8.1000
1978-01-24,India,8.1000
1978-01-25,India,8.1000
1978-01-26,India,8.1000
1978-01-27,India,8.1000
1978-01-30,India,8.1000
1978-01-31,India,8.1000
1978-02-01,India,8.0600
1978-02-02,India,8.0600
1978-02-03,India,8.0600
1978-02-06,India,8.0600
1978-02-07,India,8.1000
1978-02-08,India,8.1000
1978-02-09,India,8.1000
1978-02-10,India,8.1300
1978-02-13,India,
1978-02-14,India,8.1300
1978-02-15,India,8.1300
1978-02-16,India,8.1300
1978-02-17,India,8.1300
1978-02-20,India,
1978-02-21,India,8.1300
1978-02-22,India,8.1300
1978-02-23,India,8.1300
1978-02-24,India,8.1300
1978-02-27,India,8.1300
1978-02-28,India,8.1300
1978-03-01,India,8.1300
1978-03-02,India,8.1300
1978-03-03,India,8.1300
1978-03-06,India,8.1000
1978-03-07,India,8.1000
1978-03-08,India,8.1000
1978-03-09,India,8.1000
1978-03-10,India,8.1000
1978-03-13,India,8.2300
1978-03-14,India,8.2300
1978-03-15,India,8.2300
1978-03-16,India,8.2300
1978-03-17,India,8.2300
1978-03-20,India,8.1000
1978-03-21,India,8.1000
1978-03-22,India,8.2300
1978-03-23,India,8.3300
1978-03-24,India,8.3300
1978-03-27,India,8.3300
1978-03-28,India,8.3300
1978-03-29,India,8.3300
1978-03-30,India,8.3300
1978-03-31,India,8.3300
1978-04-03,India,8.3300
1978-04-04,India,8.3300
1978-04-05,India,8.3300
1978-04-06,India,8.3300
1978-04-07,India,8.3800
1978-04-10,India,8.3800
1978-04-11,India,8.3800
1978-04-12,India,8.3800
1978-04-13,India,8.3800
1978-04-14,India,8.4000
1978-04-17,India,8.4000
1978-04-18,India,8.4000
1978-04-19,India,8.4000
1978-04-20,India,8.4000
1978-04-21,India,8.7000
1978-04-24,India,8.7000
1978-04-25,India,8.7000
1978-04-26,India,8.7000
1978-04-27,India,8.7000
1978-04-28,India,8.5800
1978-05-01,India,8.5800
1978-05-02,India,8.5800
1978-05-03,India,8.5800
1978-05-04,India,8.5800
1978-05-05,India,8.5500
1978-05-08,India,8.5500
1978-05-09,India,8.5500
1978-05-10,India,8.5500
1978-05-11,India,8.5500
1978-05-12,India,8.5500
1978-05-15,India,8.6400
1978-05-16,India,8.6400
1978-05-17,India,8.6400
1978-05-18,India,8.6400
1978-05-19,India,8.6400
1978-05-22,India,8.6700
1978-05-23,India,8.6700
1978-05-24,India,8.6700
1978-05-25,India,8.6700
1978-05-26,India,8.4400
1978-05-29,India,8.4400
1978-05-30,India,
1978-05-31,India,8.4400
1978-06-01,India,8.4400
1978-06-02,India,8.4000
1978-06-05,India,8.4000
1978-06-06,India,8.4000
1978-06-07,India,8.4000
1978-06-08,India,8.4000
1978-06-09,India,8.4000
1978-06-12,India,8.4400
1978-06-13,India,8.4400
1978-06-14,India,8.4400
1978-06-15,India,8.4400
1978-06-16,India,8.4400
1978-06-19,India,8.4400
1978-06-20,India,8.4400
1978-06-21,India,8.4400
1978-06-22,India,8.4400
1978-06-23,India,8.4400
1978-06-26,India,8.3300
1978-06-27,India,8.3300
1978-06-28,India,8.3300
1978-06-29,India,8.3300
1978-06-30,India,8.3300
1978-07-03,India,8.2600
1978-07-04,India,
1978-07-05,India,8.2600
1978-07-06,India,8.2600
1978-07-07,India,8.2300
1978-07-10,India,8.2300
1978-07-11,India,8.2300
1978-07-12,India,8.2300
1978-07-13,India,8.2300
1978-07-14,India,8.1300
1978-07-17,India,8.1300
1978-07-18,India,8.1300
1978-07-19,India,8.1300
1978-07-20,India,8.1300
1978-07-21,India,8.1300
1978-07-24,India,8.1300
1978-07-25,India,8.1300
1978-07-26,India,8.1300
1978-07-27,India,8.1300
1978-07-28,India,8.1300
1978-07-31,India,7.9700
1978-08-01,India,7.9700
1978-08-02,India,7.9700
1978-08-03,India,7.9700
1978-08-04,India,7.9700
1978-08-07,India,8.0300
1978-08-08,India,8.0300
1978-08-09,India,8.0300
1978-08-10,India,8.0300
1978-08-11,India,8.0300
1978-08-14,India,7.9000
1978-08-15,India,7.9000
1978-08-16,India,7.9000
1978-08-17,India,7.9000
1978-08-18,India,7.9000
1978-08-21,India,8.0300
1978-08-22,India,8.0300
1978-08-23,India,8.0300
1978-08-24,India,8.0300
1978-08-25,India,8.0300
1978-08-28,India,8.1600
1978-08-29,India,8.1600
1978-08-30,India,8.1600
1978-08-31,India,8.1600
1978-09-01,India,8.1600
1978-09-04,India,
1978-09-05,India,8.0300
1978-09-06,India,8.0300
1978-09-07,India,8.0300
1978-09-08,India,8.0300
1978-09-11,India,8.1100
1978-09-12,India,8.1100
1978-09-13,India,8.1100
1978-09-14,India,8.1100
1978-09-15,India,8.1100
1978-09-18,India,8.0100
1978-09-19,India,8.0100
1978-09-20,India,8.0100
1978-09-21,India,8.0100
1978-09-22,India,8.0100
1978-09-25,India,7.9700
1978-09-26,India,7.9700
1978-09-27,India,7.9700
1978-09-28,India,7.9700
1978-09-29,India,7.9700
1978-10-02,India,7.9700
1978-10-03,India,7.9700
1978-10-04,India,7.9700
1978-10-05,India,7.9700
1978-10-06,India,7.9700
1978-10-09,India,
1978-10-10,India,7.9200
1978-10-11,India,7.9200
1978-10-12,India,7.9100
1978-10-13,India,7.9100
1978-10-16,India,7.8700
1978-10-17,India,7.8700
1978-10-18,India,7.8700
1978-10-19,India,7.8700
1978-10-20,India,7.9700
1978-10-23,India,7.9700
1978-10-24,India,7.9700
1978-10-25,India,7.9700
1978-10-26,India,7.9700
1978-10-27,India,7.9700
1978-10-30,India,7.6600
1978-10-31,India,7.6600
1978-11-01,India,7.6600
1978-11-02,India,7.6600
1978-11-03,India,7.6600
1978-11-06,India,7.8100
1978-11-07,India,
1978-11-08,India,7.8100
1978-11-09,India,7.8100
1978-11-10,India,7.8100
1978-11-13,India,8.0000
1978-11-14,India,8.0000
1978-11-15,India,8.0000
1978-11-16,India,8.0000
1978-11-17,India,8.2000
1978-11-20,India,8.2000
1978-11-21,India,8.2000
1978-11-22,India,8.2000
1978-11-23,India,
1978-11-24,India,8.3300
1978-11-27,India,8.3300
1978-11-28,India,8.3300
1978-11-29,India,8.3300
1978-11-30,India,8.3300
1978-12-01,India,8.1800
1978-12-04,India,8.1800
1978-12-05,India,8.1800
1978-12-06,India,8.1800
1978-12-07,India,8.1800
1978-12-08,India,8.1800
1978-12-11,India,8.2900
1978-12-12,India,8.2900
1978-12-13,India,8.2900
1978-12-14,India,8.2900
1978-12-15,India,8.2900
1978-12-18,India,8.1600
1978-12-19,India,8.1600
1978-12-20,India,8.1600
1978-12-21,India,8.1600
1978-12-22,India,8.2300
1978-12-25,India,
1978-12-26,India,8.2300
1978-12-27,India,8.2300
1978-12-28,India,8.2300
1978-12-29,India,8.2300
1979-01-01,India,
1979-01-02,India,8.0800
1979-01-03,India,8.0800
1979-01-04,India,8.0800
1979-01-05,India,8.0800
1979-01-08,India,8.0800
1979-01-09,India,8.0800
1979-01-10,India,8.0800
1979-01-11,India,8.0800
1979-01-12,India,8.3300
1979-01-15,India,8.3300
1979-01-16,India,8.3300
1979-01-17,India,8.3300
1979-01-18,India,8.3300
1979-01-19,India,8.2300
1979-01-22,India,8.2300
1979-01-23,India,8.2300
1979-01-24,India,8.2300
1979-01-25,India,8.2300
1979-01-26,India,8.2900
1979-01-29,India,8.2900
1979-01-30,India,8.2900
1979-01-31,India,8.2900
1979-02-01,India,8.2900
1979-02-02,India,8.2900
1979-02-05,India,8.3000
1979-02-06,India,8.3000
1979-02-07,India,8.3000
1979-02-08,India,8.3000
1979-02-09,India,8.3000
1979-02-12,India,
1979-02-13,India,8.2200
1979-02-14,India,8.2200
1979-02-15,India,8.2200
1979-02-16,India,8.2200
1979-02-19,India,
1979-02-20,India,8.2200
1979-02-21,India,8.2200
1979-02-22,India,8.2200
1979-02-23,India,8.2200
1979-02-26,India,8.2200
1979-02-27,India,8.2200
1979-02-28,India,8.2200
1979-03-01,India,8.2200
1979-03-02,India,8.1700
1979-03-05,India,8.2200
1979-03-06,India,8.2200
1979-03-07,India,8.2200
1979-03-08,India,8.2200
1979-03-09,India,8.2200
1979-03-12,India,8.1800
1979-03-13,India,8.1800
1979-03-14,India,8.1800
1979-03-15,India,8.1800
1979-03-16,India,8.2900
1979-03-19,India,8.2900
1979-03-20,India,8.2900
1979-03-21,India,8.2900
1979-03-22,India,8.2900
1979-03-23,India,8.3000
1979-03-26,India,8.3000
1979-03-27,India,8.3000
1979-03-28,India,8.3000
1979-03-29,India,8.3000
1979-03-30,India,8.1600
1979-04-02,India,8.1400
1979-04-03,India,8.1400
1979-04-04,India,8.1400
1979-04-05,India,8.0800
1979-04-06,India,8.1000
1979-04-09,India,8.2000
1979-04-10,India,8.2000
1979-04-11,India,8.2000
1979-04-12,India,8.2000
1979-04-13,India,8.1300
1979-04-16,India,8.1000
1979-04-17,India,8.1000
1979-04-18,India,8.1000
1979-04-19,India,8.2000
1979-04-20,India,8.3000
1979-04-23,India,8.3000
1979-04-24,India,8.3000
1979-04-25,India,8.3300
1979-04-26,India,8.3300
1979-04-27,India,8.3700
1979-04-30,India,8.3700
1979-05-01,India,8.3700
1979-05-02,India,8.3700
1979-05-03,India,8.3700
1979-05-04,India,8.2600
1979-05-07,India,8.2600
1979-05-08,India,8.2600
1979-05-09,India,8.2600
1979-05-10,India,8.3000
1979-05-11,India,8.3900
1979-05-14,India,8.3900
1979-05-15,India,8.3900
1979-05-16,India,8.3900
1979-05-17,India,8.3900
1979-05-18,India,8.2200
1979-05-21,India,8.2200
1979-05-22,India,8.2200
1979-05-23,India,8.2200
1979-05-24,India,8.2200
1979-05-25,India,8.2600
1979-05-28,India,8.2200
1979-05-29,India,8.2200
1979-05-30,India,
1979-05-31,India,8.1600
1979-06-01,India,8.1600
1979-06-04,India,8.1600
1979-06-05,India,8.1600
1979-06-06,India,8.1600
1979-06-07,India,8.1600
1979-06-08,India,8.1700
1979-06-11,India,8.1700
1979-06-12,India,8.1000
1979-06-13,India,8.0600
1979-06-14,India,8.0000
1979-06-15,India,8.1500
1979-06-18,India,8.1600
1979-06-19,India,8.1600
1979-06-20,India,8.0600
1979-06-21,India,8.0600
1979-06-22,India,8.1300
1979-06-25,India,8.1300
1979-06-26,India,8.1000
1979-06-27,India,8.1100
1979-06-28,India,8.0800
1979-06-29,India,8.0600
1979-07-02,India,8.0100
1979-07-03,India,7.8700
1979-07-04,India,
1979-07-05,India,7.9700
1979-07-06,India,7.9600
1979-07-09,India,7.9600
1979-07-10,India,7.9600
1979-07-11,India,7.9600
1979-07-12,India,7.9600
1979-07-13,India,8.0000
1979-07-16,India,8.0000
1979-07-17,India,7.9100
1979-07-18,India,7.9100
1979-07-19,India,7.8400
1979-07-20,India,7.8400
1979-07-23,India,7.8000
1979-07-24,India,7.7500
1979-07-25,India,7.7500
1979-07-26,India,7.7500
1979-07-27,India,7.9400
1979-07-30,India,7.9400
1979-07-31,India,7.9600
1979-08-01,India,8.0000
1979-08-02,India,8.0000
1979-08-03,India,7.8700
1979-08-06,India,7.9900
1979-08-07,India,7.9900
1979-08-08,India,7.9900
1979-08-09,India,8.0300
1979-08-10,India,8.0000
1979-08-13,India,7.9900
1979-08-14,India,7.9900
1979-08-15,India,7.9900
1979-08-16,India,7.9900
1979-08-17,India,8.0000
1979-08-20,India,8.0000
1979-08-21,India,8.0000
1979-08-22,India,8.0000
1979-08-23,India,8.0000
1979-08-24,India,8.0800
1979-08-27,India,8.0800
1979-08-28,India,8.0800
1979-08-29,India,8.0800
1979-08-30,India,8.0800
1979-08-31,India,8.0300
1979-09-03,India,
1979-09-04,India,8.0800
1979-09-05,India,8.0300
1979-09-06,India,8.0300
1979-09-07,India,8.0300
1979-09-10,India,8.0300
1979-09-11,India,8.0300
1979-09-12,India,8.0300
1979-09-13,India,8.1400
1979-09-14,India,8.2400
1979-09-17,India,8.2400
1979-09-18,India,8.2400
1979-09-19,India,8.2400
1979-09-20,India,8.2400
1979-09-21,India,8.1300
1979-09-24,India,8.2400
1979-09-25,India,8.2400
1979-09-26,India,8.2400
1979-09-27,India,8.0600
1979-09-28,India,8.0700
1979-10-01,India,8.0900
1979-10-02,India,8.0900
1979-10-03,India,8.0800
1979-10-04,India,8.0800
1979-10-05,India,8.1200
1979-10-08,India,
1979-10-09,India,8.2500
1979-10-10,India,8.2500
1979-10-11,India,8.1800
1979-10-12,India,8.1800
1979-10-15,India,8.1800
1979-10-16,India,8.1800
1979-10-17,India,8.1800
1979-10-18,India,8.2500
1979-10-19,India,8.2600
1979-10-22,India,8.2600
1979-10-23,India,8.3400
1979-10-24,India,8.3000
1979-10-25,India,8.3000
1979-10-26,India,8.3000
1979-10-29,India,8.3000
1979-10-30,India,8.4000
1979-10-31,India,8.4000
1979-11-01,India,8.3200
1979-11-02,India,8.3700
1979-11-05,India,8.3300
1979-11-06,India,
1979-11-07,India,8.2800
1979-11-08,India,8.2500
1979-11-09,India,8.2800
1979-11-12,India,
1979-11-13,India,8.2800
1979-11-14,India,8.2300
1979-11-15,India,8.1000
1979-11-16,India,8.1000
1979-11-19,India,8.1500
1979-11-20,India,8.1500
1979-11-21,India,8.1500
1979-11-22,India,
1979-11-23,India,8.1200
1979-11-26,India,8.1000
1979-11-27,India,8.1600
1979-11-28,India,8.1600
1979-11-29,India,8.1000
1979-11-30,India,8.0300
1979-12-03,India,8.0000
1979-12-04,India,8.0800
1979-12-05,India,8.1000
1979-12-06,India,8.1300
1979-12-07,India,8.0300
1979-12-10,India,8.1500
1979-12-11,India,8.1500
1979-12-12,India,8.0400
1979-12-13,India,8.1300
1979-12-14,India,8.1400
1979-12-17,India,8.1400
1979-12-18,India,8.1400
1979-12-19,India,8.1400
1979-12-20,India,8.1000
1979-12-21,India,8.1400
1979-12-24,India,8.1400
1979-12-25,India,
1979-12-26,India,8.1400
1979-12-27,India,8.1000
1979-12-28,India,8.0000
1979-12-31,India,8.0000
1980-01-01,India,
1980-01-02,India,8.0000
1980-01-03,India,7.9500
1980-01-04,India,8.0500
1980-01-07,India,8.0500
1980-01-08,India,8.0500
1980-01-09,India,8.0000
1980-01-10,India,8.0000
1980-01-11,India,8.0300
1980-01-14,India,8.0300
1980-01-15,India,7.9000
1980-01-16,India,7.9000
1980-01-17,India,7.9600
1980-01-18,India,7.8500
1980-01-21,India,7.9300
1980-01-22,India,7.9800
1980-01-23,India,8.0000
1980-01-24,India,8.0000
1980-01-25,India,8.0000
1980-01-28,India,8.0000
1980-01-29,India,8.0000
1980-01-30,India,8.0000
1980-01-31,India,8.0600
1980-02-01,India,8.0400
1980-02-04,India,8.0400
1980-02-05,India,8.0000
1980-02-06,India,7.9600
1980-02-07,India,7.9200
1980-02-08,India,7.8500
1980-02-11,India,7.9000
1980-02-12,India,
1980-02-13,India,7.9000
1980-02-14,India,7.9000
1980-02-15,India,7.9200
1980-02-18,India,
1980-02-19,India,7.9800
1980-02-20,India,8.0000
1980-02-21,India,8.0000
1980-02-22,India,8.0000
1980-02-25,India,8.0500
1980-02-26,India,8.0500
1980-02-27,India,8.0200
1980-02-28,India,8.0600
1980-02-29,India,8.0600
1980-03-03,India,8.0800
1980-03-04,India,8.0800
1980-03-05,India,8.1000
1980-03-06,India,8.1300
1980-03-07,India,8.1300
1980-03-10,India,8.1300
1980-03-11,India,8.1500
1980-03-12,India,8.1300
1980-03-13,India,8.1300
1980-03-14,India,8.1700
1980-03-17,India,8.2000
1980-03-18,India,8.2000
1980-03-19,India,8.1600
1980-03-20,India,8.1600
1980-03-21,India,8.1600
1980-03-24,India,8.1600
1980-03-25,India,8.1500
1980-03-26,India,8.1500
1980-03-27,India,8.2000
1980-03-28,India,8.2000
1980-03-31,India,8.2200
1980-04-01,India,8.3000
1980-04-02,India,8.2500
1980-04-03,India,8.2000
1980-04-04,India,8.2000
1980-04-07,India,8.2000
1980-04-08,India,8.2000
1980-04-09,India,8.2000
1980-04-10,India,8.0800
1980-04-11,India,8.0800
1980-04-14,India,8.0300
1980-04-15,India,8.0500
1980-04-16,India,7.9800
1980-04-17,India,8.0500
1980-04-18,India,8.0500
1980-04-21,India,8.0300
1980-04-22,India,8.0000
1980-04-23,India,7.9700
1980-04-24,India,7.9700
1980-04-25,India,8.0000
1980-04-28,India,7.9000
1980-04-29,India,7.9000
1980-04-30,India,7.9000
1980-05-01,India,7.9000
1980-05-02,India,7.9000
1980-05-05,India,7.9000
1980-05-06,India,7.9000
1980-05-07,India,7.9000
1980-05-08,India,7.9000
1980-05-09,India,7.9000
1980-05-12,India,7.8800
1980-05-13,India,7.9000
1980-05-14,India,7.9000
1980-05-15,India,7.9000
1980-05-16,India,7.9000
1980-05-19,India,7.9000
1980-05-20,India,7.9000
1980-05-21,India,7.8500
1980-05-22,India,7.8200
1980-05-23,India,7.8200
1980-05-26,India,
1980-05-27,India,7.7100
1980-05-28,India,7.7500
1980-05-29,India,7.7500
1980-05-30,India,7.7500
1980-06-02,India,7.7500
1980-06-03,India,7.7700
1980-06-04,India,7.9200
1980-06-05,India,7.8600
1980-06-06,India,7.8600
1980-06-09,India,7.8200
1980-06-10,India,7.8200
1980-06-11,India,7.8500
1980-06-12,India,7.8200
1980-06-13,India,7.8200
1980-06-16,India,7.8300
1980-06-17,India,7.8500
1980-06-18,India,7.8500
1980-06-19,India,7.8900
1980-06-20,India,7.8700
1980-06-23,India,7.8500
1980-06-24,India,7.8700
1980-06-25,India,7.8700
1980-06-26,India,7.8700
1980-06-27,India,7.8500
1980-06-30,India,7.8000
1980-07-01,India,7.8000
1980-07-02,India,7.7700
1980-07-03,India,7.8000
1980-07-04,India,
1980-07-07,India,7.8000
1980-07-08,India,7.7500
1980-07-09,India,7.7500
1980-07-10,India,7.7700
1980-07-11,India,7.7700
1980-07-14,India,7.7500
1980-07-15,India,7.7500
1980-07-16,India,7.7500
1980-07-17,India,7.7700
1980-07-18,India,7.7700
1980-07-21,India,7.7700
1980-07-22,India,7.7600
1980-07-23,India,7.7500
1980-07-24,India,7.7500
1980-07-25,India,7.7300
1980-07-28,India,7.7700
1980-07-29,India,7.7700
1980-07-30,India,7.7600
1980-07-31,India,7.8000
1980-08-01,India,7.8000
1980-08-04,India,7.7700
1980-08-05,India,7.7800
1980-08-06,India,7.7500
1980-08-07,India,7.7500
1980-08-08,India,7.7900
1980-08-11,India,7.7900
1980-08-12,India,7.7900
1980-08-13,India,7.7700
1980-08-14,India,7.7700
1980-08-15,India,7.7700
1980-08-18,India,7.8000
1980-08-19,India,7.8300
1980-08-20,India,7.8000
1980-08-21,India,7.8000
1980-08-22,India,7.8000
1980-08-25,India,7.8000
1980-08-26,India,7.8000
1980-08-27,India,7.7700
1980-08-28,India,7.7500
1980-08-29,India,7.7500
1980-09-01,India,
1980-09-02,India,7.7300
1980-09-03,India,7.7300
1980-09-04,India,7.7300
1980-09-05,India,7.7300
1980-09-08,India,7.7400
1980-09-09,India,7.7400
1980-09-10,India,7.7700
1980-09-11,India,7.7200
1980-09-12,India,7.7300
1980-09-15,India,7.7700
1980-09-16,India,7.8000
1980-09-17,India,7.8000
1980-09-18,India,7.7500
1980-09-19,India,7.7500
1980-09-22,India,7.7500
1980-09-23,India,7.7500
1980-09-24,India,7.7500
1980-09-25,India,7.7500
1980-09-26,India,7.7500
1980-09-29,India,7.7500
1980-09-30,India,7.7500
1980-10-01,India,7.7500
1980-10-02,India,7.7700
1980-10-03,India,7.7700
1980-10-06,India,7.7500
1980-10-07,India,7.7600
1980-10-08,India,7.7600
1980-10-09,India,7.7600
1980-10-10,India,7.7500
1980-10-13,India,
1980-10-14,India,7.7300
1980-10-15,India,7.7300
1980-10-16,India,7.7300
1980-10-17,India,7.7300
1980-10-20,India,7.7200
1980-10-21,India,7.7200
1980-10-22,India,7.7200
1980-10-23,India,7.7200
1980-10-24,India,7.6800
1980-10-27,India,7.6800
1980-10-28,India,7.7200
1980-10-29,India,7.7200
1980-10-30,India,7.7200
1980-10-31,India,7.7200
1980-11-03,India,7.7200
1980-11-04,India,
1980-11-05,India,7.7000
1980-11-06,India,7.7000
1980-11-07,India,7.7200
1980-11-10,India,7.7300
1980-11-11,India,
1980-11-12,India,7.7500
1980-11-13,India,7.7400
1980-11-14,India,7.7100
1980-11-17,India,7.8000
1980-11-18,India,7.8000
1980-11-19,India,7.8000
1980-11-20,India,7.8000
1980-11-21,India,7.8000
1980-11-24,India,7.8500
1980-11-25,India,7.8500
1980-11-26,India,7.8200
1980-11-27,India,
1980-11-28,India,7.8200
1980-12-01,India,7.8600
1980-12-02,India,7.8600
1980-12-03,India,7.9200
1980-12-04,India,7.9200
1980-12-05,India,7.9200
1980-12-08,India,7.9100
1980-12-09,India,7.9200
1980-12-10,India,7.9200
1980-12-11,India,7.9700
1980-12-12,India,7.9500
1980-12-15,India,7.9200
1980-12-16,India,7.9800
1980-12-17,India,7.9900
1980-12-18,India,7.9800
1980-12-19,India,7.9700
1980-12-22,India,7.9500
1980-12-23,India,7.9100
1980-12-24,India,7.9100
1980-12-25,India,
1980-12-26,India,7.9100
1980-12-29,India,7.9400
1980-12-30,India,7.9400
1980-12-31,India,7.9400
1981-01-01,India,
1981-01-02,India,7.8900
1981-01-05,India,7.8100
1981-01-06,India,7.8900
1981-01-07,India,7.8600
1981-01-08,India,7.9500
1981-01-09,India,7.9500
1981-01-12,India,7.9300
1981-01-13,India,7.9900
1981-01-14,India,7.9700
1981-01-15,India,7.9600
1981-01-16,India,7.9700
1981-01-19,India,7.9700
1981-01-20,India,7.9000
1981-01-21,India,7.9300
1981-01-22,India,7.9300
1981-01-23,India,7.9800
1981-01-26,India,7.9800
1981-01-27,India,8.0300
1981-01-28,India,8.0500
1981-01-29,India,8.0700
1981-01-30,India,8.1000
1981-02-02,India,8.2000
1981-02-03,India,8.1500
1981-02-04,India,8.1200
1981-02-05,India,8.1500
1981-02-06,India,8.1600
1981-02-09,India,8.1600
1981-02-10,India,8.1600
1981-02-11,India,8.1800
1981-02-12,India,
1981-02-13,India,8.2100
1981-02-16,India,
1981-02-17,India,8.2400
1981-02-18,India,8.2200
1981-02-19,India,8.2200
1981-02-20,India,8.2300
1981-02-23,India,8.2900
1981-02-24,India,8.3100
1981-02-25,India,8.3300
1981-02-26,India,8.3200
1981-02-27,India,8.3300
1981-03-02,India,8.3300
1981-03-03,India,8.2500
1981-03-04,India,8.1900
1981-03-05,India,8.2300
1981-03-06,India,8.2300
1981-03-09,India,8.2600
1981-03-10,India,8.2300
1981-03-11,India,8.1600
1981-03-12,India,8.1800
1981-03-13,India,8.2300
1981-03-16,India,8.2300
1981-03-17,India,8.2000
1981-03-18,India,8.2100
1981-03-19,India,8.2300
1981-03-20,India,8.2300
1981-03-23,India,8.2800
1981-03-24,India,8.2600
1981-03-25,India,8.2700
1981-03-26,India,8.2600
1981-03-27,India,8.3100
1981-03-30,India,8.3100
1981-03-31,India,8.2700
1981-04-01,India,8.2700
1981-04-02,India,8.2700
1981-04-03,India,8.3100
1981-04-06,India,8.3500
1981-04-07,India,8.3300
1981-04-08,India,8.2300
1981-04-09,India,8.2600
1981-04-10,India,8.2600
1981-04-13,India,8.3200
1981-04-14,India,8.3200
1981-04-15,India,8.3300
1981-04-16,India,8.3200
1981-04-17,India,8.3200
1981-04-20,India,8.3200
1981-04-21,India,8.3100
1981-04-22,India,8.2700
1981-04-23,India,8.2300
1981-04-24,India,8.2500
1981-04-27,India,8.2500
1981-04-28,India,8.2600
1981-04-29,India,8.3100
1981-04-30,India,8.3300
1981-05-01,India,8.3500
1981-05-04,India,8.3800
1981-05-05,India,8.3800
1981-05-06,India,8.3300
1981-05-07,India,8.3400
1981-05-08,India,8.3300
1981-05-11,India,8.3400
1981-05-12,India,8.3600
1981-05-13,India,8.3700
1981-05-14,India,8.4300
1981-05-15,India,8.4500
1981-05-18,India,8.3900
1981-05-19,India,8.4000
1981-05-20,India,8.4200
1981-05-21,India,8.4100
1981-05-22,India,8.4300
1981-05-25,India,
1981-05-26,India,8.5000
1981-05-27,India,8.5000
1981-05-28,India,8.5000
1981-05-29,India,8.4800
1981-06-01,India,8.5000
1981-06-02,India,8.5000
1981-06-03,India,8.5300
1981-06-04,India,8.5700
1981-06-05,India,8.6000
1981-06-08,India,8.6000
1981-06-09,India,8.6200
1981-06-10,India,8.6000
1981-06-11,India,8.5800
1981-06-12,India,8.6100
1981-06-15,India,8.5500
1981-06-16,India,8.4900
1981-06-17,India,8.4900
1981-06-18,India,8.5100
1981-06-19,India,8.5300
1981-06-22,India,8.5200
1981-06-23,India,8.5100
1981-06-24,India,8.5400
1981-06-25,India,8.5600
1981-06-26,India,8.5900
1981-06-29,India,8.6200
1981-06-30,India,8.6200
1981-07-01,India,8.6500
1981-07-02,India,8.8100
1981-07-03,India,8.8400
1981-07-06,India,8.8500
1981-07-07,India,8.7700
1981-07-08,India,8.8500
1981-07-09,India,8.8700
1981-07-10,India,8.8300
1981-07-13,India,8.8400
1981-07-14,India,8.9500
1981-07-15,India,8.9300
1981-07-16,India,8.9300
1981-07-17,India,8.9300
1981-07-20,India,8.9700
1981-07-21,India,8.9800
1981-07-22,India,9.0000
1981-07-23,India,8.9700
1981-07-24,India,8.9800
1981-07-27,India,8.9200
1981-07-28,India,8.9800
1981-07-29,India,8.9800
1981-07-30,India,9.0200
1981-07-31,India,9.0000
1981-08-03,India,9.0700
1981-08-04,India,9.0900
1981-08-05,India,9.0900
1981-08-06,India,9.1000
1981-08-07,India,9.1600
1981-08-10,India,9.2600
1981-08-11,India,9.2400
1981-08-12,India,9.1100
1981-08-13,India,9.0700
1981-08-14,India,9.0700
1981-08-17,India,8.9900
1981-08-18,India,8.9400
1981-08-19,India,8.9700
1981-08-20,India,8.9700
1981-08-21,India,8.9300
1981-08-24,India,8.9300
1981-08-25,India,9.0700
1981-08-26,India,9.0500
1981-08-27,India,9.0600
1981-08-28,India,9.0500
1981-08-31,India,9.0500
1981-09-01,India,9.0500
1981-09-02,India,9.0400
1981-09-03,India,9.0100
1981-09-04,India,9.0100
1981-09-07,India,
1981-09-08,India,9.1700
1981-09-09,India,9.1800
1981-09-10,India,9.1500
1981-09-11,India,9.1400
1981-09-14,India,9.1700
1981-09-15,India,9.0800
1981-09-16,India,9.0600
1981-09-17,India,9.0400
1981-09-18,India,9.0700
1981-09-21,India,9.1100
1981-09-22,India,9.1100
1981-09-23,India,9.1300
1981-09-24,India,9.2400
1981-09-25,India,9.2200
1981-09-28,India,9.2000
1981-09-29,India,9.1200
1981-09-30,India,9.1200
1981-10-01,India,9.1000
1981-10-02,India,9.0900
1981-10-05,India,9.0500
1981-10-06,India,9.1100
1981-10-07,India,9.0800
1981-10-08,India,8.9600
1981-10-09,India,8.9300
1981-10-12,India,
1981-10-13,India,9.1800
1981-10-14,India,9.1700
1981-10-15,India,9.1000
1981-10-16,India,9.1800
1981-10-19,India,9.2000
1981-10-20,India,9.2100
1981-10-21,India,9.2100
1981-10-22,India,9.2100
1981-10-23,India,9.2000
1981-10-26,India,9.2400
1981-10-27,India,9.1800
1981-10-28,India,9.1700
1981-10-29,India,9.1300
1981-10-30,India,9.1300
1981-11-02,India,9.1700
1981-11-03,India,
1981-11-04,India,9.1800
1981-11-05,India,9.1800
1981-11-06,India,9.1700
1981-11-09,India,9.1000
1981-11-10,India,9.1400
1981-11-11,India,
1981-11-12,India,9.1000
1981-11-13,India,9.1000
1981-11-16,India,9.0900
1981-11-17,India,9.1200
1981-11-18,India,9.1700
1981-11-19,India,9.0800
1981-11-20,India,9.1400
1981-11-23,India,9.1700
1981-11-24,India,9.1300
1981-11-25,India,9.1600
1981-11-26,India,
1981-11-27,India,9.1100
1981-11-30,India,9.1200
1981-12-01,India,9.0900
1981-12-02,India,9.1500
1981-12-03,India,9.1300
1981-12-04,India,9.1300
1981-12-07,India,9.1300
1981-12-08,India,9.1600
1981-12-09,India,9.1200
1981-12-10,India,9.1700
1981-12-11,India,9.1500
1981-12-14,India,9.1500
1981-12-15,India,9.1100
1981-12-16,India,9.1300
1981-12-17,India,9.1200
1981-12-18,India,9.1200
1981-12-21,India,9.1600
1981-12-22,India,9.1300
1981-12-23,India,9.1200
1981-12-24,India,9.1200
1981-12-25,India,
1981-12-28,India,9.1300
1981-12-29,India,9.1100
1981-12-30,India,9.1100
1981-12-31,India,9.1300
1982-01-01,India,
1982-01-04,India,9.0700
1982-01-05,India,9.1000
1982-01-06,India,9.1100
1982-01-07,India,9.1500
1982-01-08,India,9.1400
1982-01-11,India,9.1700
1982-01-12,India,9.1700
1982-01-13,India,9.1800
1982-01-14,India,9.1700
1982-01-15,India,9.1500
1982-01-18,India,9.1400
1982-01-19,India,9.1400
1982-01-20,India,9.1700
1982-01-21,India,9.1500
1982-01-22,India,9.1800
1982-01-25,India,9.2000
1982-01-26,India,9.2000
1982-01-27,India,9.1700
1982-01-28,India,9.1500
1982-01-29,India,9.1400
1982-02-01,India,9.1900
1982-02-02,India,9.1800
1982-02-03,India,9.1500
1982-02-04,India,9.1500
1982-02-05,India,9.1500
1982-02-08,India,9.1600
1982-02-09,India,9.1900
1982-02-10,India,9.1800
1982-02-11,India,9.1700
1982-02-12,India,
1982-02-15,India,
1982-02-16,India,9.2600
1982-02-17,India,9.2600
1982-02-18,India,9.2500
1982-02-19,India,9.2300
1982-02-22,India,9.2300
1982-02-23,India,9.2600
1982-02-24,India,9.2700
1982-02-25,India,9.2700
1982-02-26,India,9.3100
1982-03-01,India,9.2900
1982-03-02,India,9.2700
1982-03-03,India,9.2800
1982-03-04,India,9.2500
1982-03-05,India,9.2300
1982-03-08,India,9.2600
1982-03-09,India,9.2700
1982-03-10,India,9.2700
1982-03-11,India,9.2700
1982-03-12,India,9.2900
1982-03-15,India,9.2700
1982-03-16,India,9.2700
1982-03-17,India,9.2900
1982-03-18,India,9.2900
1982-03-19,India,9.3000
1982-03-22,India,9.3100
1982-03-23,India,9.3100
1982-03-24,India,9.3100
1982-03-25,India,9.3100
1982-03-26,India,9.3600
1982-03-29,India,9.3500
1982-03-30,India,9.3500
1982-03-31,India,9.3500
1982-04-01,India,9.3500
1982-04-02,India,9.3400
1982-04-05,India,9.3700
1982-04-06,India,9.3900
1982-04-07,India,9.3900
1982-04-08,India,9.3900
1982-04-09,India,9.3900
1982-04-12,India,9.4200
1982-04-13,India,9.3900
1982-04-14,India,9.4100
1982-04-15,India,9.4400
1982-04-16,India,9.4300
1982-04-19,India,9.4200
1982-04-20,India,9.4000
1982-04-21,India,9.4200
1982-04-22,India,9.4000
1982-04-23,India,9.4100
1982-04-26,India,9.3800
1982-04-27,India,9.3900
1982-04-28,India,9.3700
1982-04-29,India,9.3800
1982-04-30,India,9.3500
1982-05-03,India,9.3200
1982-05-04,India,9.3000
1982-05-05,India,9.3100
1982-05-06,India,9.2600
1982-05-07,India,9.2500
1982-05-10,India,9.2200
1982-05-11,India,9.2200
1982-05-12,India,9.2100
1982-05-13,India,9.2600
1982-05-14,India,9.3000
1982-05-17,India,9.2700
1982-05-18,India,9.2900
1982-05-19,India,9.3700
1982-05-20,India,9.3800
1982-05-21,India,9.2800
1982-05-24,India,9.3200
1982-05-25,India,9.3100
1982-05-26,India,9.3300
1982-05-27,India,9.3400
1982-05-28,India,9.3900
1982-05-31,India,
1982-06-01,India,9.3800
1982-06-02,India,9.3800
1982-06-03,India,9.3500
1982-06-04,India,9.3400
1982-06-07,India,9.3700
1982-06-08,India,9.3700
1982-06-09,India,9.3700
1982-06-10,India,9.3900
1982-06-11,India,9.4000
1982-06-14,India,9.4600
1982-06-15,India,9.4500
1982-06-16,India,9.4600
1982-06-17,India,9.5200
1982-06-18,India,9.5600
1982-06-21,India,9.5600
1982-06-22,India,9.5400
1982-06-23,India,9.5700
1982-06-24,India,9.5300
1982-06-25,India,9.5700
1982-06-28,India,9.6000
1982-06-29,India,9.5700
1982-06-30,India,9.5300
1982-07-01,India,9.5700
1982-07-02,India,9.5600
1982-07-05,India,
1982-07-06,India,9.5900
1982-07-07,India,9.6600
1982-07-08,India,9.6500
1982-07-09,India,9.6100
1982-07-12,India,9.5500
1982-07-13,India,9.5700
1982-07-14,India,9.5900
1982-07-15,India,9.5800
1982-07-16,India,9.6100
1982-07-19,India,9.5300
1982-07-20,India,9.5600
1982-07-21,India,9.5400
1982-07-22,India,9.5300
1982-07-23,India,9.4700
1982-07-26,India,9.4800
1982-07-27,India,9.5200
1982-07-28,India,9.5400
1982-07-29,India,9.5600
1982-07-30,India,9.5600
1982-08-02,India,9.5100
1982-08-03,India,9.5100
1982-08-04,India,9.5800
1982-08-05,India,9.6000
1982-08-06,India,9.6200
1982-08-09,India,9.6600
1982-08-10,India,9.6000
1982-08-11,India,9.6100
1982-08-12,India,9.6400
1982-08-13,India,9.5700
1982-08-16,India,9.6000
1982-08-17,India,9.6200
1982-08-18,India,9.5300
1982-08-19,India,9.5400
1982-08-20,India,9.5300
1982-08-23,India,9.5600
1982-08-24,India,9.5200
1982-08-25,India,9.5100
1982-08-26,India,9.5100
1982-08-27,India,9.5500
1982-08-30,India,9.6300
1982-08-31,India,9.6300
1982-09-01,India,9.6500
1982-09-02,India,9.5800
1982-09-03,India,9.5400
1982-09-06,India,
1982-09-07,India,9.6100
1982-09-08,India,9.6100
1982-09-09,India,9.6200
1982-09-10,India,9.6500
1982-09-13,India,9.6900
1982-09-14,India,9.6600
1982-09-15,India,9.6500
1982-09-16,India,9.6800
1982-09-17,India,9.6600
1982-09-20,India,9.6500
1982-09-21,India,9.6500
1982-09-22,India,9.6300
1982-09-23,India,9.6400
1982-09-24,India,9.6700
1982-09-27,India,9.7000
1982-09-28,India,9.7000
1982-09-29,India,9.6900
1982-09-30,India,9.7100
1982-10-01,India,9.7200
1982-10-04,India,9.7300
1982-10-05,India,9.7300
1982-10-06,India,9.7200
1982-10-07,India,9.7200
1982-10-08,India,9.6600
1982-10-11,India,
1982-10-12,India,9.6300
1982-10-13,India,9.6500
1982-10-14,India,9.6500
1982-10-15,India,9.6900
1982-10-18,India,9.6800
1982-10-19,India,9.6900
1982-10-20,India,9.7100
1982-10-21,India,9.7000
1982-10-22,India,9.6900
1982-10-25,India,9.7400
1982-10-26,India,9.7400
1982-10-27,India,9.7400
1982-10-28,India,9.7100
1982-10-29,India,9.7100
1982-11-01,India,9.7600
1982-11-02,India,
1982-11-03,India,9.7100
1982-11-04,India,9.7500
1982-11-05,India,9.7500
1982-11-08,India,9.7800
1982-11-09,India,9.7800
1982-11-10,India,9.7500
1982-11-11,India,
1982-11-12,India,9.8000
1982-11-15,India,9.8200
1982-11-16,India,9.8400
1982-11-17,India,9.8500
1982-11-18,India,9.8500
1982-11-19,India,9.8100
1982-11-22,India,9.8500
1982-11-23,India,9.8600
1982-11-24,India,9.8500
1982-11-25,India,
1982-11-26,India,9.8200
1982-11-29,India,9.7700
1982-11-30,India,9.7400
1982-12-01,India,9.6500
1982-12-02,India,9.6500
1982-12-03,India,9.6300
1982-12-06,India,9.6900
1982-12-07,India,9.6800
1982-12-08,India,9.6700
1982-12-09,India,9.7100
1982-12-10,India,9.7300
1982-12-13,India,9.7500
1982-12-14,India,9.7400
1982-12-15,India,9.7300
1982-12-16,India,9.7000
1982-12-17,India,9.6700
1982-12-20,India,9.7300
1982-12-21,India,9.7300
1982-12-22,India,9.7300
1982-12-23,India,9.7200
1982-12-24,India,9.7200
1982-12-27,India,9.7200
1982-12-28,India,9.7200
1982-12-29,India,9.6200
1982-12-30,India,9.6200
1982-12-31,India,9.6200
1983-01-03,India,9.6200
1983-01-04,India,9.6400
1983-01-05,India,9.6400
1983-01-06,India,9.7000
1983-01-07,India,9.7300
1983-01-10,India,9.7200
1983-01-11,India,9.7700
1983-01-12,India,9.7800
1983-01-13,India,9.7900
1983-01-14,India,9.8000
1983-01-17,India,9.8200
1983-01-18,India,9.8100
1983-01-19,India,9.8500
1983-01-20,India,9.8600
1983-01-21,India,9.8500
1983-01-24,India,9.8600
1983-01-25,India,9.8800
1983-01-26,India,9.8500
1983-01-27,India,9.8900
1983-01-28,India,9.9000
1983-01-31,India,9.9100
1983-02-01,India,9.9200
1983-02-02,India,9.9400
1983-02-03,India,9.9400
1983-02-04,India,9.9600
1983-02-07,India,9.9800
1983-02-08,India,9.9300
1983-02-09,India,9.9000
1983-02-10,India,9.8500
1983-02-11,India,9.8600
1983-02-14,India,9.9200
1983-02-15,India,9.8700
1983-02-16,India,9.8700
1983-02-17,India,9.8700
1983-02-18,India,9.9100
1983-02-21,India,
1983-02-22,India,9.9300
1983-02-23,India,9.9600
1983-02-24,India,9.9400
1983-02-25,India,9.9400
1983-02-28,India,9.9600
1983-03-01,India,9.9800
1983-03-02,India,9.9700
1983-03-03,India,9.9500
1983-03-04,India,9.9500
1983-03-07,India,9.9400
1983-03-08,India,9.9500
1983-03-09,India,9.9500
1983-03-10,India,9.9400
1983-03-11,India,9.9400
1983-03-14,India,9.9500
1983-03-15,India,9.9200
1983-03-16,India,9.9300
1983-03-17,India,9.9400
1983-03-18,India,9.9500
1983-03-21,India,9.9600
1983-03-22,India,9.9600
1983-03-23,India,9.9500
1983-03-24,India,9.9700
1983-03-25,India,10.0000
1983-03-28,India,10.0200
1983-03-29,India,10.0100
1983-03-30,India,10.0500
1983-03-31,India,10.0200
1983-04-01,India,10.0200
1983-04-04,India,10.0300
1983-04-05,India,9.9900
1983-04-06,India,9.9600
1983-04-07,India,9.9600
1983-04-08,India,10.0100
1983-04-11,India,9.9600
1983-04-12,India,9.9600
1983-04-13,India,9.9600
1983-04-14,India,9.9900
1983-04-15,India,9.9900
1983-04-18,India,9.9500
1983-04-19,India,9.9400
1983-04-20,India,9.9800
1983-04-21,India,10.0000
1983-04-22,India,10.0100
1983-04-25,India,9.9900
1983-04-26,India,9.9800
1983-04-27,India,9.9800
1983-04-28,India,9.9700
1983-04-29,India,10.0000
1983-05-02,India,10.0000
1983-05-03,India,9.9800
1983-05-04,India,9.9700
1983-05-05,India,9.9800
1983-05-06,India,9.9900
1983-05-09,India,9.9900
1983-05-10,India,9.9900
1983-05-11,India,9.9700
1983-05-12,India,9.9900
1983-05-13,India,9.9900
1983-05-16,India,9.9000
1983-05-17,India,10.0000
1983-05-18,India,10.0100
1983-05-19,India,10.0300
1983-05-20,India,10.0100
1983-05-23,India,10.0100
1983-05-24,India,10.0000
1983-05-25,India,10.0000
1983-05-26,India,9.9700
1983-05-27,India,10.0200
1983-05-30,India,
1983-05-31,India,9.9800
1983-06-01,India,10.0000
1983-06-02,India,10.0000
1983-06-03,India,10.0100
1983-06-06,India,9.9900
1983-06-07,India,10.0000
1983-06-08,India,10.0100
1983-06-09,India,10.0000
1983-06-10,India,10.0100
1983-06-13,India,10.0200
1983-06-14,India,10.0400
1983-06-15,India,10.0600
1983-06-16,India,10.0700
1983-06-17,India,10.0700
1983-06-20,India,10.0800
1983-06-21,India,10.0800
1983-06-22,India,10.0900
1983-06-23,India,10.1000
1983-06-24,India,10.0900
1983-06-27,India,10.0800
1983-06-28,India,10.0900
1983-06-29,India,10.1000
1983-06-30,India,10.0900
1983-07-01,India,10.0900
1983-07-04,India,
1983-07-05,India,10.0500
1983-07-06,India,10.0500
1983-07-07,India,10.0400
1983-07-08,India,10.0500
1983-07-11,India,10.0700
1983-07-12,India,10.1100
1983-07-13,India,10.1200
1983-07-14,India,10.1100
1983-07-15,India,10.1200
1983-07-18,India,10.0900
1983-07-19,India,10.0700
1983-07-20,India,10.0700
1983-07-21,India,10.0800
1983-07-22,India,10.0900
1983-07-25,India,10.0900
1983-07-26,India,10.0900
1983-07-27,India,10.1000
1983-07-28,India,10.1200
1983-07-29,India,10.1400
1983-08-01,India,10.1400
1983-08-02,India,10.1600
1983-08-03,India,10.1600
1983-08-04,India,10.1700
1983-08-05,India,10.2100
1983-08-08,India,10.2000
1983-08-09,India,10.1900
1983-08-10,India,10.1900
1983-08-11,India,10.2000
1983-08-12,India,10.2300
1983-08-15,India,10.1600
1983-08-16,India,10.1800
1983-08-17,India,10.1600
1983-08-18,India,10.1700
1983-08-19,India,10.1900
1983-08-22,India,10.1700
1983-08-23,India,10.1500
1983-08-24,India,10.1900
1983-08-25,India,10.1900
1983-08-26,India,10.2200
1983-08-29,India,10.2500
1983-08-30,India,10.2100
1983-08-31,India,10.2200
1983-09-01,India,10.2000
1983-09-02,India,10.2200
1983-09-05,India,
1983-09-06,India,10.2100
1983-09-07,India,10.2200
1983-09-08,India,10.2000
1983-09-09,India,10.1900
1983-09-12,India,10.1800
1983-09-13,India,10.2000
1983-09-14,India,10.2000
1983-09-15,India,10.2100
1983-09-16,India,10.2000
1983-09-19,India,10.2000
1983-09-20,India,10.1900
1983-09-21,India,10.1900
1983-09-22,India,10.1800
1983-09-23,India,10.2000
1983-09-26,India,10.2100
1983-09-27,India,10.2000
1983-09-28,India,10.2000
1983-09-29,India,10.2100
1983-09-30,India,10.2000
1983-10-03,India,10.2000
1983-10-04,India,10.2200
1983-10-05,India,10.2000
1983-10-06,India,10.2000
1983-10-07,India,10.2100
1983-10-10,India,
1983-10-11,India,10.1900
1983-10-12,India,10.2000
1983-10-13,India,10.2100
1983-10-14,India,10.2100
1983-10-17,India,10.2000
1983-10-18,India,10.2100
1983-10-19,India,10.2000
1983-10-20,India,10.2200
1983-10-21,India,10.2400
1983-10-24,India,10.2500
1983-10-25,India,10.2700
1983-10-26,India,10.2900
1983-10-27,India,10.2900
1983-10-28,India,10.2800
1983-10-31,India,10.2900
1983-11-01,India,10.3000
1983-11-02,India,10.3100
1983-11-03,India,10.3100
1983-11-04,India,10.3100
1983-11-07,India,10.3200
1983-11-08,India,
1983-11-09,India,10.3600
1983-11-10,India,10.3400
1983-11-11,India,
1983-11-14,India,10.3600
1983-11-15,India,10.3800
1983-11-16,India,10.3800
1983-11-17,India,10.4000
1983-11-18,India,10.4100
1983-11-21,India,10.4500
1983-11-22,India,10.4100
1983-11-23,India,10.4000
1983-11-24,India,
1983-11-25,India,10.4300
1983-11-28,India,10.4500
1983-11-29,India,10.4500
1983-11-30,India,10.4200
1983-12-01,India,10.4100
1983-12-02,India,10.4100
1983-12-05,India,10.4400
1983-12-06,India,10.4600
1983-12-07,India,10.4700
1983-12-08,India,10.4600
1983-12-09,India,10.4500
1983-12-12,India,10.4400
1983-12-13,India,10.4400
1983-12-14,India,10.4600
1983-12-15,India,10.4800
1983-12-16,India,10.5200
1983-12-19,India,10.5200
1983-12-20,India,10.5500
1983-12-21,India,10.5500
1983-12-22,India,10.5300
1983-12-23,India,10.6000
1983-12-26,India,
1983-12-27,India,10.5700
1983-12-28,India,10.5200
1983-12-29,India,10.5100
1983-12-30,India,10.4900
1984-01-02,India,
1984-01-03,India,10.5700
1984-01-04,India,10.6300
1984-01-05,India,10.6900
1984-01-06,India,10.7400
1984-01-09,India,10.7400
1984-01-10,India,10.7200
1984-01-11,India,10.7000
1984-01-12,India,10.7200
1984-01-13,India,10.7500
1984-01-16,India,10.7000
1984-01-17,India,10.6900
1984-01-18,India,10.7200
1984-01-19,India,10.7300
1984-01-20,India,10.7000
1984-01-23,India,10.7400
1984-01-24,India,10.7400
1984-01-25,India,10.7500
1984-01-26,India,10.7400
1984-01-27,India,10.7500
1984-01-30,India,10.7400
1984-01-31,India,10.7600
1984-02-01,India,10.7600
1984-02-02,India,10.7600
1984-02-03,India,10.7500
1984-02-06,India,10.7600
1984-02-07,India,10.7600
1984-02-08,India,10.7600
1984-02-09,India,10.7600
1984-02-10,India,10.7700
1984-02-13,India,
1984-02-14,India,10.7600
1984-02-15,India,10.7500
1984-02-16,India,10.7400
1984-02-17,India,10.7300
1984-02-20,India,
1984-02-21,India,10.7400
1984-02-22,India,10.7400
1984-02-23,India,10.7500
1984-02-24,India,10.7100
1984-02-27,India,10.7400
1984-02-28,India,10.7000
1984-02-29,India,10.6900
1984-03-01,India,10.6800
1984-03-02,India,10.6700
1984-03-05,India,10.6700
1984-03-06,India,10.6700
1984-03-07,India,10.6700
1984-03-08,India,10.6700
1984-03-09,India,10.6900
1984-03-12,India,10.6900
1984-03-13,India,10.7000
1984-03-14,India,10.6600
1984-03-15,India,10.6800
1984-03-16,India,10.7200
1984-03-19,India,10.7600
1984-03-20,India,10.7700
1984-03-21,India,10.7800
1984-03-22,India,10.7900
1984-03-23,India,10.7700
1984-03-26,India,10.7500
1984-03-27,India,10.7300
1984-03-28,India,10.7400
1984-03-29,India,10.7000
1984-03-30,India,10.7600
1984-04-02,India,10.7600
1984-04-03,India,10.7800
1984-04-04,India,10.7700
1984-04-05,India,10.7700
1984-04-06,India,10.7700
1984-04-09,India,10.7800
1984-04-10,India,10.8000
1984-04-11,India,10.8000
1984-04-12,India,10.8000
1984-04-13,India,10.8000
1984-04-16,India,10.8200
1984-04-17,India,10.8200
1984-04-18,India,10.8100
1984-04-19,India,10.8200
1984-04-20,India,10.8200
1984-04-23,India,10.8200
1984-04-24,India,10.8700
1984-04-25,India,10.8800
1984-04-26,India,10.8900
1984-04-27,India,10.9100
1984-04-30,India,10.9300
1984-05-01,India,10.9200
1984-05-02,India,10.9400
1984-05-03,India,10.9200
1984-05-04,India,10.9300
1984-05-07,India,10.9800
1984-05-08,India,11.0000
1984-05-09,India,11.0000
1984-05-10,India,11.1000
1984-05-11,India,11.0200
1984-05-14,India,11.0600
1984-05-15,India,11.0400
1984-05-16,India,11.0200
1984-05-17,India,11.0200
1984-05-18,India,11.0300
1984-05-21,India,11.0400
1984-05-22,India,11.0400
1984-05-23,India,11.0400
1984-05-24,India,11.0600
1984-05-25,India,11.0500
1984-05-28,India,
1984-05-29,India,11.0700
1984-05-30,India,11.0400
1984-05-31,India,11.0500
1984-06-01,India,11.0200
1984-06-04,India,10.9800
1984-06-05,India,10.9900
1984-06-06,India,10.9800
1984-06-07,India,10.9700
1984-06-08,India,10.9900
1984-06-11,India,10.9900
1984-06-12,India,11.0000
1984-06-13,India,11.0200
1984-06-14,India,11.0200
1984-06-15,India,11.0200
1984-06-18,India,11.0400
1984-06-19,India,11.0500
1984-06-20,India,11.0700
1984-06-21,India,11.1400
1984-06-22,India,11.1200
1984-06-25,India,11.1700
1984-06-26,India,11.1800
1984-06-27,India,11.1600
1984-06-28,India,11.2100
1984-06-29,India,11.2200
1984-07-02,India,11.2200
1984-07-03,India,11.2400
1984-07-04,India,
1984-07-05,India,11.2500
1984-07-06,India,11.2700
1984-07-09,India,11.2900
1984-07-10,India,11.2900
1984-07-11,India,11.3200
1984-07-12,India,11.3200
1984-07-13,India,11.3200
1984-07-16,India,11.3200
1984-07-17,India,11.3500
1984-07-18,India,11.3700
1984-07-19,India,11.4000
1984-07-20,India,11.4000
1984-07-23,India,11.4900
1984-07-24,India,11.4600
1984-07-25,India,11.4700
1984-07-26,India,11.4500
1984-07-27,India,11.5000
1984-07-30,India,11.5200
1984-07-31,India,11.5500
1984-08-01,India,11.5600
1984-08-02,India,11.5600
1984-08-03,India,11.5500
1984-08-06,India,11.5000
1984-08-07,India,11.5500
1984-08-08,India,11.5600
1984-08-09,India,11.5700
1984-08-10,India,11.5200
1984-08-13,India,11.5700
1984-08-14,India,11.5600
1984-08-15,India,11.5200
1984-08-16,India,11.5600
1984-08-17,India,11.5400
1984-08-20,India,11.5500
1984-08-21,India,11.5700
1984-08-22,India,11.5800
1984-08-23,India,11.5500
1984-08-24,India,11.5500
1984-08-27,India,11.5500
1984-08-28,India,11.5800
1984-08-29,India,11.5600
1984-08-30,India,11.5800
1984-08-31,India,11.6000
1984-09-03,India,
1984-09-04,India,11.7200
1984-09-05,India,11.7700
1984-09-06,India,11.7800
1984-09-07,India,11.7800
1984-09-10,India,11.7900
1984-09-11,India,11.8000
1984-09-12,India,11.7800
1984-09-13,India,11.7900
1984-09-14,India,11.8200
1984-09-17,India,11.8200
1984-09-18,India,12.0000
1984-09-19,India,11.9800
1984-09-20,India,11.9600
1984-09-21,India,11.9600
1984-09-24,India,11.8400
1984-09-25,India,11.9000
1984-09-26,India,11.9600
1984-09-27,India,11.9400
1984-09-28,India,11.9200
1984-10-01,India,11.9500
1984-10-02,India,11.9200
1984-10-03,India,11.8700
1984-10-04,India,11.9000
1984-10-05,India,11.9200
1984-10-08,India,
1984-10-09,India,11.9800
1984-10-10,India,11.9900
1984-10-11,India,11.9900
1984-10-12,India,12.0200
1984-10-15,India,12.0200
1984-10-16,India,12.1000
1984-10-17,India,12.1100
1984-10-18,India,12.1000
1984-10-19,India,12.0400
1984-10-22,India,12.1000
1984-10-23,India,12.0600
1984-10-24,India,12.0200
1984-10-25,India,12.0200
1984-10-26,India,12.0800
1984-10-29,India,12.1300
1984-10-30,India,12.1500
1984-10-31,India,12.1200
1984-11-01,India,12.0500
1984-11-02,India,11.9700
1984-11-05,India,11.9700
1984-11-06,India,
1984-11-07,India,12.0100
1984-11-08,India,12.0100
1984-11-09,India,12.0000
1984-11-12,India,
1984-11-13,India,12.0000
1984-11-14,India,12.0400
1984-11-15,India,12.0400
1984-11-16,India,12.0600
1984-11-19,India,12.0600
1984-11-20,India,12.0900
1984-11-21,India,12.1500
1984-11-22,India,
1984-11-23,India,12.1500
1984-11-26,India,12.1500
1984-11-27,India,12.1500
1984-11-28,India,12.1500
1984-11-29,India,12.1500
1984-11-30,India,12.2900
1984-12-03,India,12.2900
1984-12-04,India,12.2900
1984-12-05,India,12.2900
1984-12-06,India,12.2600
1984-12-07,India,12.2600
1984-12-10,India,12.2600
1984-12-11,India,12.2600
1984-12-12,India,12.2600
1984-12-13,India,12.2600
1984-12-14,India,12.2600
1984-12-17,India,12.2600
1984-12-18,India,12.2600
1984-12-19,India,12.2600
1984-12-20,India,12.2600
1984-12-21,India,12.3200
1984-12-24,India,12.3200
1984-12-25,India,
1984-12-26,India,12.3200
1984-12-27,India,12.3800
1984-12-28,India,12.4000
1984-12-31,India,12.3800
1985-01-01,India,
1985-01-02,India,12.3800
1985-01-03,India,12.3800
1985-01-04,India,12.5000
1985-01-07,India,12.5300
1985-01-08,India,12.5600
1985-01-09,India,12.5800
1985-01-10,India,12.6200
1985-01-11,India,12.6500
1985-01-14,India,12.6300
1985-01-15,India,12.7000
1985-01-16,India,12.6700
1985-01-17,India,12.6700
1985-01-18,India,12.6700
1985-01-21,India,
1985-01-22,India,12.6400
1985-01-23,India,12.6400
1985-01-24,India,12.7000
1985-01-25,India,12.6500
1985-01-28,India,12.6500
1985-01-29,India,12.6500
1985-01-30,India,12.7100
1985-01-31,India,12.6700
1985-02-01,India,12.6800
1985-02-04,India,12.7500
1985-02-05,India,12.7700
1985-02-06,India,12.8100
1985-02-07,India,12.8100
1985-02-08,India,12.8400
1985-02-11,India,12.8500
1985-02-12,India,
1985-02-13,India,12.9500
1985-02-14,India,12.9700
1985-02-15,India,12.8900
1985-02-18,India,
1985-02-19,India,12.9600
1985-02-20,India,12.9800
1985-02-21,India,13.0100
1985-02-22,India,13.0700
1985-02-25,India,13.1000
1985-02-26,India,13.2200
1985-02-27,India,13.0000
1985-02-28,India,12.9300
1985-03-01,India,12.9800
1985-03-04,India,13.0800
1985-03-05,India,13.1500
1985-03-06,India,13.1600
1985-03-07,India,13.0600
1985-03-08,India,13.1600
1985-03-11,India,13.0400
1985-03-12,India,12.9200
1985-03-13,India,13.0200
1985-03-14,India,13.0600
1985-03-15,India,13.1000
1985-03-18,India,13.0000
1985-03-19,India,12.7700
1985-03-20,India,12.6000
1985-03-21,India,12.6500
1985-03-22,India,12.6600
1985-03-25,India,12.7700
1985-03-26,India,12.8100
1985-03-27,India,12.4000
1985-03-28,India,12.5000
1985-03-29,India,12.2000
1985-04-01,India,12.3800
1985-04-02,India,12.5600
1985-04-03,India,12.4000
1985-04-04,India,12.5700
1985-04-05,India,12.5700
1985-04-08,India,12.4000
1985-04-09,India,12.5700
1985-04-10,India,12.6000
1985-04-11,India,12.4500
1985-04-12,India,12.3000
1985-04-15,India,12.2500
1985-04-16,India,12.2000
1985-04-17,India,12.1700
1985-04-18,India,12.3700
1985-04-19,India,12.1700
1985-04-22,India,12.2200
1985-04-23,India,12.3200
1985-04-24,India,12.4300
1985-04-25,India,12.4500
1985-04-26,India,12.5000
1985-04-29,India,12.5000
1985-04-30,India,12.4300
1985-05-01,India,12.5500
1985-05-02,India,12.6500
1985-05-03,India,12.6200
1985-05-06,India,12.6200
1985-05-07,India,12.6000
1985-05-08,India,12.6400
1985-05-09,India,12.5400
1985-05-10,India,12.5500
1985-05-13,India,12.5500
1985-05-14,India,12.4900
1985-05-15,India,12.3900
1985-05-16,India,12.4600
1985-05-17,India,12.4800
1985-05-20,India,12.2400
1985-05-21,India,12.3600
1985-05-22,India,12.4200
1985-05-23,India,12.4700
1985-05-24,India,12.4200
1985-05-27,India,
1985-05-28,India,12.5200
1985-05-29,India,12.5300
1985-05-30,India,12.4400
1985-05-31,India,12.4700
1985-06-03,India,12.3900
1985-06-04,India,12.4200
1985-06-05,India,12.4400
1985-06-06,India,12.4600
1985-06-07,India,12.4700
1985-06-10,India,12.5100
1985-06-11,India,12.5400
1985-06-12,India,12.5300
1985-06-13,India,12.5400
1985-06-14,India,12.4800
1985-06-17,India,12.4900
1985-06-18,India,12.4400
1985-06-19,India,12.3200
1985-06-20,India,12.3200
1985-06-21,India,12.4200
1985-06-24,India,12.4500
1985-06-25,India,12.3900
1985-06-26,India,12.4000
1985-06-27,India,12.4000
1985-06-28,India,12.4000
1985-07-01,India,12.3000
1985-07-02,India,12.3800
1985-07-03,India,12.3700
1985-07-04,India,
1985-07-05,India,12.3700
1985-07-08,India,12.3200
1985-07-09,India,12.1700
1985-07-10,India,12.0200
1985-07-11,India,12.0200
1985-07-12,India,12.0200
1985-07-15,India,11.9700
1985-07-16,India,11.9400
1985-07-17,India,11.8300
1985-07-18,India,11.8200
1985-07-19,India,11.9000
1985-07-22,India,12.0200
1985-07-23,India,11.8600
1985-07-24,India,11.9800
1985-07-25,India,11.9200
1985-07-26,India,11.9800
1985-07-29,India,11.8600
1985-07-30,India,11.8400
1985-07-31,India,11.8000
1985-08-01,India,11.8600
1985-08-02,India,11.4400
1985-08-05,India,11.9500
1985-08-06,India,11.9800
1985-08-07,India,12.0800
1985-08-08,India,12.0000
1985-08-09,India,12.0200
1985-08-12,India,11.9400
1985-08-13,India,11.9000
1985-08-14,India,11.9600
1985-08-15,India,11.8900
1985-08-16,India,11.8200
1985-08-19,India,11.8300
1985-08-20,India,11.8800
1985-08-21,India,11.9200
1985-08-22,India,11.8300
1985-08-23,India,11.9200
1985-08-26,India,11.9200
1985-08-27,India,11.8700
1985-08-28,India,11.8800
1985-08-29,India,11.9000
1985-08-30,India,11.9600
1985-09-02,India,
1985-09-03,India,12.0600
1985-09-04,India,12.0800
1985-09-05,India,12.1000
1985-09-06,India,12.2200
1985-09-09,India,12.4000
1985-09-10,India,12.3300
1985-09-11,India,12.3200
1985-09-12,India,12.4400
1985-09-13,India,12.2500
1985-09-16,India,12.3000
1985-09-17,India,12.2800
1985-09-18,India,12.3100
1985-09-19,India,12.3000
1985-09-20,India,12.2200
1985-09-23,India,11.8000
1985-09-24,India,11.8500
1985-09-25,India,11.8800
1985-09-26,India,11.7000
1985-09-27,India,11.7000
1985-09-30,India,11.9700
1985-10-01,India,11.9200
1985-10-02,India,11.8700
1985-10-03,India,11.9700
1985-10-04,India,11.9500
1985-10-07,India,12.0600
1985-10-08,India,12.0500
1985-10-09,India,12.0600
1985-10-10,India,12.0800
1985-10-11,India,12.0900
1985-10-14,India,
1985-10-15,India,12.0900
1985-10-16,India,12.1000
1985-10-17,India,12.0800
1985-10-18,India,12.0900
1985-10-21,India,12.0300
1985-10-22,India,12.0400
1985-10-23,India,12.0100
1985-10-24,India,12.0000
1985-10-25,India,12.0400
1985-10-28,India,12.0200
1985-10-29,India,12.0700
1985-10-30,India,12.0600
1985-10-31,India,12.0500
1985-11-01,India,12.0700
1985-11-04,India,12.0600
1985-11-05,India,12.0600
1985-11-06,India,12.0800
1985-11-07,India,12.0800
1985-11-08,India,12.1900
1985-11-11,India,
1985-11-12,India,12.1700
1985-11-13,India,12.1600
1985-11-14,India,12.1600
1985-11-15,India,12.1400
1985-11-18,India,12.1800
1985-11-19,India,12.1200
1985-11-20,India,12.1300
1985-11-21,India,12.0700
1985-11-22,India,12.0800
1985-11-25,India,12.0300
1985-11-26,India,12.0700
1985-11-27,India,12.0200
1985-11-28,India,
1985-11-29,India,12.0500
1985-12-02,India,12.0400
1985-12-03,India,12.0700
1985-12-04,India,12.0700
1985-12-05,India,12.0700
1985-12-06,India,12.1000
1985-12-09,India,12.1900
1985-12-10,India,12.2000
1985-12-11,India,12.2000
1985-12-12,India,12.1800
1985-12-13,India,12.1700
1985-12-16,India,12.1700
1985-12-17,India,12.1500
1985-12-18,India,12.1900
1985-12-19,India,12.2000
1985-12-20,India,12.1900
1985-12-23,India,12.1900
1985-12-24,India,12.2100
1985-12-25,India,
1985-12-26,India,12.2100
1985-12-27,India,12.1900
1985-12-30,India,12.1000
1985-12-31,India,12.1100
1986-01-01,India,
1986-01-02,India,12.0500
1986-01-03,India,12.1200
1986-01-06,India,12.1700
1986-01-07,India,12.1300
1986-01-08,India,12.1600
1986-01-09,India,12.1900
1986-01-10,India,12.0900
1986-01-13,India,12.1800
1986-01-14,India,12.2000
1986-01-15,India,12.2100
1986-01-16,India,12.2000
1986-01-17,India,12.2200
1986-01-20,India,
1986-01-21,India,12.3100
1986-01-22,India,12.3800
1986-01-23,India,12.3800
1986-01-24,India,12.3700
1986-01-27,India,12.4400
1986-01-28,India,12.3400
1986-01-29,India,12.3300
1986-01-30,India,12.3000
1986-01-31,India,12.3400
1986-02-03,India,12.4500
1986-02-04,India,12.5500
1986-02-05,India,12.4900
1986-02-06,India,12.4700
1986-02-07,India,12.5300
1986-02-10,India,12.5200
1986-02-11,India,12.4900
1986-02-12,India,12.4400
1986-02-13,India,12.4300
1986-02-14,India,12.4400
1986-02-17,India,
1986-02-18,India,12.4000
1986-02-19,India,12.2900
1986-02-20,India,12.2400
1986-02-21,India,12.3700
1986-02-24,India,12.2600
1986-02-25,India,12.1200
1986-02-26,India,12.1300
1986-02-27,India,12.1400
1986-02-28,India,12.2700
1986-03-03,India,12.3400
1986-03-04,India,12.2300
1986-03-05,India,12.2200
1986-03-06,India,12.2700
1986-03-07,India,12.8300
1986-03-10,India,12.2500
1986-03-11,India,12.3500
1986-03-12,India,12.2000
1986-03-13,India,12.3000
1986-03-14,India,12.2500
1986-03-17,India,12.2400
1986-03-18,India,12.2300
1986-03-19,India,12.2400
1986-03-20,India,12.1700
1986-03-21,India,12.1700
1986-03-24,India,12.1900
1986-03-25,India,12.3300
1986-03-26,India,12.3300
1986-03-27,India,12.3100
1986-03-28,India,12.3100
1986-03-31,India,12.3100
1986-04-01,India,12.4300
1986-04-02,India,12.4200
1986-04-03,India,12.4400
1986-04-04,India,12.4900
1986-04-07,India,12.5400
1986-04-08,India,12.5000
1986-04-09,India,12.5600
1986-04-10,India,12.5500
1986-04-11,India,12.4800
1986-04-14,India,12.4500
1986-04-15,India,12.4900
1986-04-16,India,12.4100
1986-04-17,India,12.3400
1986-04-18,India,12.2800
1986-04-21,India,12.3600
1986-04-22,India,12.3000
1986-04-23,India,12.2900
1986-04-24,India,12.2200
1986-04-25,India,12.2800
1986-04-28,India,12.2500
1986-04-29,India,12.2700
1986-04-30,India,12.3000
1986-05-01,India,12.3500
1986-05-02,India,12.4400
1986-05-05,India,12.4400
1986-05-06,India,12.3700
1986-05-07,India,12.3400
1986-05-08,India,12.3000
1986-05-09,India,12.3600
1986-05-12,India,12.3200
1986-05-13,India,12.3200
1986-05-14,India,12.3800
1986-05-15,India,12.3600
1986-05-16,India,12.4300
1986-05-19,India,12.4600
1986-05-20,India,12.4200
1986-05-21,India,12.5000
1986-05-22,India,12.5700
1986-05-23,India,12.6400
1986-05-26,India,
1986-05-27,India,12.6900
1986-05-28,India,12.6300
1986-05-29,India,12.6900
1986-05-30,India,12.7700
1986-06-02,India,12.8700
1986-06-03,India,12.7000
1986-06-04,India,12.6700
1986-06-05,India,12.6900
1986-06-06,India,12.5800
1986-06-09,India,12.6300
1986-06-10,India,12.5500
1986-06-11,India,12.4400
1986-06-12,India,12.4800
1986-06-13,India,12.5900
1986-06-16,India,12.5300
1986-06-17,India,12.6200
1986-06-18,India,12.6200
1986-06-19,India,12.6200
1986-06-20,India,12.6500
1986-06-23,India,12.7100
1986-06-24,India,12.5800
1986-06-25,India,12.5200
1986-06-26,India,12.5600
1986-06-27,India,12.5400
1986-06-30,India,12.4200
1986-07-01,India,12.4000
1986-07-02,India,12.4200
1986-07-03,India,12.3600
1986-07-04,India,
1986-07-07,India,12.3500
1986-07-08,India,12.3700
1986-07-09,India,12.4500
1986-07-10,India,12.4800
1986-07-11,India,12.5100
1986-07-14,India,12.6200
1986-07-15,India,12.5400
1986-07-16,India,12.4700
1986-07-17,India,12.5300
1986-07-18,India,12.5900
1986-07-21,India,12.5900
1986-07-22,India,12.5600
1986-07-23,India,12.5700
1986-07-24,India,12.5300
1986-07-25,India,12.5400
1986-07-28,India,12.5800
1986-07-29,India,12.5600
1986-07-30,India,12.5700
1986-07-31,India,12.5800
1986-08-01,India,12.5800
1986-08-04,India,12.5900
1986-08-05,India,12.5300
1986-08-06,India,12.5500
1986-08-07,India,12.5700
1986-08-08,India,12.5600
1986-08-11,India,12.5400
1986-08-12,India,12.5500
1986-08-13,India,12.5800
1986-08-14,India,12.5700
1986-08-15,India,12.5500
1986-08-18,India,12.5900
1986-08-19,India,12.6100
1986-08-20,India,12.5700
1986-08-21,India,12.5900
1986-08-22,India,12.5700
1986-08-25,India,12.5700
1986-08-26,India,12.5600
1986-08-27,India,12.5800
1986-08-28,India,12.5500
1986-08-29,India,12.5400
1986-09-01,India,
1986-09-02,India,12.5700
1986-09-03,India,12.5800
1986-09-04,India,12.5700
1986-09-05,India,12.5700
1986-09-08,India,12.6100
1986-09-09,India,12.6200
1986-09-10,India,12.6200
1986-09-11,India,12.6400
1986-09-12,India,12.6700
1986-09-15,India,12.7000
1986-09-16,India,12.7000
1986-09-17,India,12.7200
1986-09-18,India,12.6700
1986-09-19,India,12.6800
1986-09-22,India,12.7300
1986-09-23,India,12.7500
1986-09-24,India,12.7200
1986-09-25,India,12.7400
1986-09-26,India,12.7800
1986-09-29,India,12.7800
1986-09-30,India,12.7700
1986-10-01,India,12.8000
1986-10-02,India,12.8100
1986-10-03,India,12.7700
1986-10-06,India,12.7700
1986-10-07,India,12.7700
1986-10-08,India,12.8100
1986-10-09,India,12.7800
1986-10-10,India,12.8100
1986-10-13,India,
1986-10-14,India,12.7600
1986-10-15,India,12.7900
1986-10-16,India,12.8100
1986-10-17,India,12.8400
1986-10-20,India,12.8300
1986-10-21,India,12.8400
1986-10-22,India,12.8600
1986-10-23,India,12.9100
1986-10-24,India,12.9600
1986-10-27,India,12.9700
1986-10-28,India,12.9200
1986-10-29,India,12.9300
1986-10-30,India,12.9500
1986-10-31,India,12.9800
1986-11-03,India,12.9500
1986-11-04,India,12.9600
1986-11-05,India,12.9400
1986-11-06,India,12.9900
1986-11-07,India,13.0100
1986-11-10,India,13.0100
1986-11-11,India,
1986-11-12,India,13.0900
1986-11-13,India,13.1300
1986-11-14,India,13.1000
1986-11-17,India,13.1100
1986-11-18,India,13.1500
1986-11-19,India,13.1500
1986-11-20,India,13.1500
1986-11-21,India,13.1600
1986-11-24,India,13.1400
1986-11-25,India,13.1200
1986-11-26,India,13.1100
1986-11-27,India,
1986-11-28,India,13.1000
1986-12-01,India,13.1300
1986-12-02,India,13.1400
1986-12-03,India,13.1400
1986-12-04,India,13.1400
1986-12-05,India,13.1600
1986-12-08,India,13.1800
1986-12-09,India,13.1800
1986-12-10,India,13.1600
1986-12-11,India,13.1800
1986-12-12,India,13.1700
1986-12-15,India,13.1400
1986-12-16,India,13.1700
1986-12-17,India,13.1800
1986-12-18,India,13.1500
1986-12-19,India,13.1600
1986-12-22,India,13.1300
1986-12-23,India,13.1200
1986-12-24,India,13.1300
1986-12-25,India,
1986-12-26,India,13.1300
1986-12-29,India,13.1300
1986-12-30,India,13.1300
1986-12-31,India,13.1200
1987-01-01,India,
1987-01-02,India,13.0200
1987-01-05,India,13.0500
1987-01-06,India,13.0500
1987-01-07,India,13.0500
1987-01-08,India,13.0800
1987-01-09,India,13.0500
1987-01-12,India,13.0200
1987-01-13,India,13.0400
1987-01-14,India,13.0200
1987-01-15,India,13.0100
1987-01-16,India,13.0000
1987-01-19,India,
1987-01-20,India,13.0500
1987-01-21,India,13.0700
1987-01-22,India,13.0200
1987-01-23,India,13.0400
1987-01-26,India,13.0200
1987-01-27,India,13.0400
1987-01-28,India,12.9500
1987-01-29,India,12.9700
1987-01-30,India,13.0400
1987-02-02,India,13.0600
1987-02-03,India,13.0200
1987-02-04,India,13.0300
1987-02-05,India,13.1200
1987-02-06,India,13.1900
1987-02-09,India,13.1300
1987-02-10,India,13.0500
1987-02-11,India,13.0400
1987-02-12,India,13.0300
1987-02-13,India,13.0500
1987-02-16,India,
1987-02-17,India,13.0400
1987-02-18,India,13.0400
1987-02-19,India,13.0900
1987-02-20,India,13.0800
1987-02-23,India,13.0300
1987-02-24,India,13.0400
1987-02-25,India,13.0400
1987-02-26,India,13.0500
1987-02-27,India,13.0500
1987-03-02,India,13.0200
1987-03-03,India,13.0200
1987-03-04,India,13.0300
1987-03-05,India,13.0200
1987-03-06,India,12.9800
1987-03-09,India,12.9500
1987-03-10,India,12.9700
1987-03-11,India,12.9200
1987-03-12,India,12.9300
1987-03-13,India,12.9900
1987-03-16,India,12.9900
1987-03-17,India,12.9200
1987-03-18,India,12.8500
1987-03-19,India,12.8600
1987-03-20,India,12.8800
1987-03-23,India,12.8000
1987-03-24,India,12.7900
1987-03-25,India,12.8200
1987-03-26,India,12.9000
1987-03-27,India,12.8900
1987-03-30,India,12.8500
1987-03-31,India,12.9400
1987-04-01,India,12.9400
1987-04-02,India,13.0000
1987-04-03,India,12.8800
1987-04-06,India,12.8500
1987-04-07,India,12.8500
1987-04-08,India,12.8700
1987-04-09,India,12.8500
1987-04-10,India,12.8200
1987-04-13,India,12.8600
1987-04-14,India,12.8000
1987-04-15,India,12.8300
1987-04-16,India,12.8600
1987-04-17,India,12.8400
1987-04-20,India,12.8600
1987-04-21,India,12.8000
1987-04-22,India,12.8200
1987-04-23,India,12.8000
1987-04-24,India,12.7000
1987-04-27,India,12.6300
1987-04-28,India,12.6900
1987-04-29,India,12.7200
1987-04-30,India,12.6500
1987-05-01,India,12.6300
1987-05-04,India,12.6300
1987-05-05,India,12.6100
1987-05-06,India,12.5700
1987-05-07,India,12.5900
1987-05-08,India,12.5900
1987-05-11,India,12.6600
1987-05-12,India,12.7000
1987-05-13,India,12.7000
1987-05-14,India,12.6500
1987-05-15,India,12.6200
1987-05-18,India,12.6100
1987-05-19,India,12.5900
1987-05-20,India,12.5900
1987-05-21,India,12.6300
1987-05-22,India,12.6300
1987-05-25,India,
1987-05-26,India,12.7400
1987-05-27,India,12.8900
1987-05-28,India,12.8500
1987-05-29,India,12.8400
1987-06-01,India,12.8900
1987-06-02,India,12.8000
1987-06-03,India,12.8100
1987-06-04,India,12.8400
1987-06-05,India,12.8300
1987-06-08,India,12.8100
1987-06-09,India,12.7500
1987-06-10,India,12.7200
1987-06-11,India,12.7200
1987-06-12,India,12.7500
1987-06-15,India,12.8600
1987-06-16,India,12.8500
1987-06-17,India,12.8500
1987-06-18,India,12.8400
1987-06-19,India,12.8500
1987-06-22,India,12.9100
1987-06-23,India,12.9300
1987-06-24,India,12.8200
1987-06-25,India,12.8700
1987-06-26,India,12.8800
1987-06-29,India,12.9400
1987-06-30,India,12.8900
1987-07-01,India,12.8700
1987-07-02,India,12.9000
1987-07-03,India,12.8900
1987-07-06,India,12.9000
1987-07-07,India,12.9000
1987-07-08,India,12.9400
1987-07-09,India,12.9400
1987-07-10,India,13.0000
1987-07-13,India,12.9900
1987-07-14,India,13.0300
1987-07-15,India,12.9600
1987-07-16,India,12.9900
1987-07-17,India,13.0400
1987-07-20,India,13.1000
1987-07-21,India,13.1100
1987-07-22,India,13.1000
1987-07-23,India,13.0500
1987-07-24,India,13.0800
1987-07-27,India,13.0900
1987-07-28,India,13.1100
1987-07-29,India,13.0800
1987-07-30,India,13.1100
1987-07-31,India,13.1100
1987-08-03,India,13.1200
1987-08-04,India,13.1500
1987-08-05,India,13.0900
1987-08-06,India,13.0900
1987-08-07,India,13.1200
1987-08-10,India,13.1100
1987-08-11,India,13.1100
1987-08-12,India,13.1000
1987-08-13,India,13.0900
1987-08-14,India,13.1000
1987-08-17,India,13.0900
1987-08-18,India,13.0400
1987-08-19,India,13.0800
1987-08-20,India,13.0700
1987-08-21,India,13.0600
1987-08-24,India,13.0600
1987-08-25,India,13.0700
1987-08-26,India,13.0900
1987-08-27,India,13.0500
1987-08-28,India,13.0500
1987-08-31,India,13.0500
1987-09-01,India,12.9800
1987-09-02,India,12.9500
1987-09-03,India,12.9400
1987-09-04,India,12.9300
1987-09-07,India,
1987-09-08,India,12.9000
1987-09-09,India,12.9200
1987-09-10,India,12.9600
1987-09-11,India,12.9500
1987-09-14,India,13.0000
1987-09-15,India,13.0000
1987-09-16,India,12.9900
1987-09-17,India,12.9800
1987-09-18,India,12.9500
1987-09-21,India,12.9600
1987-09-22,India,13.0000
1987-09-23,India,13.0400
1987-09-24,India,13.0300
1987-09-25,India,13.0700
1987-09-28,India,13.0700
1987-09-29,India,13.1300
1987-09-30,India,13.1100
1987-10-01,India,13.1100
1987-10-02,India,13.0800
1987-10-05,India,13.1000
1987-10-06,India,13.0600
1987-10-07,India,13.0600
1987-10-08,India,13.0800
1987-10-09,India,13.0600
1987-10-12,India,
1987-10-13,India,13.0800
1987-10-14,India,13.0500
1987-10-15,India,13.0500
1987-10-16,India,13.0700
1987-10-19,India,12.9900
1987-10-20,India,13.0300
1987-10-21,India,13.0600
1987-10-22,India,13.0400
1987-10-23,India,13.0200
1987-10-26,India,12.9900
1987-10-27,India,12.9900
1987-10-28,India,12.9900
1987-10-29,India,13.0000
1987-10-30,India,12.9900
1987-11-02,India,13.0000
1987-11-03,India,13.0100
1987-11-04,India,12.9900
1987-11-05,India,12.9300
1987-11-06,India,12.9000
1987-11-09,India,12.8800
1987-11-10,India,12.8600
1987-11-11,India,
1987-11-12,India,13.0400
1987-11-13,India,13.0100
1987-11-16,India,13.1400
1987-11-17,India,13.0400
1987-11-18,India,13.0000
1987-11-19,India,12.9600
1987-11-20,India,12.9200
1987-11-23,India,12.9500
1987-11-24,India,13.0200
1987-11-25,India,13.0000
1987-11-26,India,
1987-11-27,India,12.9300
1987-11-30,India,12.8900
1987-12-01,India,12.9400
1987-12-02,India,12.9700
1987-12-03,India,12.9800
1987-12-04,India,12.9500
1987-12-07,India,13.0000
1987-12-08,India,13.0500
1987-12-09,India,12.9900
1987-12-10,India,12.9400
1987-12-11,India,12.9400
1987-12-14,India,12.8900
1987-12-15,India,12.9100
1987-12-16,India,12.9500
1987-12-17,India,12.9000
1987-12-18,India,12.9000
1987-12-21,India,12.9400
1987-12-22,India,12.9600
1987-12-23,India,13.0000
1987-12-24,India,13.0000
1987-12-25,India,
1987-12-28,India,12.9200
1987-12-29,India,12.8200
1987-12-30,India,12.8600
1987-12-31,India,12.7500
1988-01-01,India,
1988-01-04,India,12.8800
1988-01-05,India,12.9900
1988-01-06,India,13.1000
1988-01-07,India,13.0500
1988-01-08,India,13.0900
1988-01-11,India,13.0200
1988-01-12,India,13.0300
1988-01-13,India,12.9900
1988-01-14,India,13.0600
1988-01-15,India,13.1300
1988-01-18,India,
1988-01-19,India,13.0800
1988-01-20,India,13.0400
1988-01-21,India,12.9900
1988-01-22,India,13.0300
1988-01-25,India,13.0500
1988-01-26,India,13.0400
1988-01-27,India,13.0500
1988-01-28,India,13.0500
1988-01-29,India,13.0800
1988-02-01,India,13.1000
1988-02-02,India,13.1000
1988-02-03,India,13.0300
1988-02-04,India,13.0700
1988-02-05,India,13.0600
1988-02-08,India,13.1100
1988-02-09,India,13.1100
1988-02-10,India,13.0600
1988-02-11,India,13.0400
1988-02-12,India,13.1100
1988-02-15,India,
1988-02-16,India,13.0900
1988-02-17,India,13.0800
1988-02-18,India,13.0700
1988-02-19,India,13.0700
1988-02-22,India,13.0300
1988-02-23,India,13.0300
1988-02-24,India,13.0300
1988-02-25,India,13.0300
1988-02-26,India,13.0200
1988-02-29,India,13.0600
1988-03-01,India,13.0600
1988-03-02,India,13.0600
1988-03-03,India,13.0700
1988-03-04,India,13.0700
1988-03-07,India,12.9700
1988-03-08,India,12.8500
1988-03-09,India,12.8700
1988-03-10,India,12.9300
1988-03-11,India,12.9000
1988-03-14,India,12.8900
1988-03-15,India,12.9200
1988-03-16,India,12.9300
1988-03-17,India,12.9400
1988-03-18,India,13.0000
1988-03-21,India,13.0000
1988-03-22,India,13.0200
1988-03-23,India,13.0200
1988-03-24,India,13.0200
1988-03-25,India,13.0300
1988-03-28,India,13.0000
1988-03-29,India,12.9600
1988-03-30,India,13.0500
1988-03-31,India,12.9600
1988-04-01,India,13.0000
1988-04-04,India,12.9600
1988-04-05,India,13.0900
1988-04-06,India,13.0900
1988-04-07,India,13.1600
1988-04-08,India,13.1200
1988-04-11,India,13.1700
1988-04-12,India,13.2200
1988-04-13,India,13.2600
1988-04-14,India,13.2000
1988-04-15,India,13.1200
1988-04-18,India,13.1000
1988-04-19,India,13.1700
1988-04-20,India,13.1600
1988-04-21,India,13.1600
1988-04-22,India,13.2000
1988-04-25,India,13.2300
1988-04-26,India,13.2000
1988-04-27,India,13.2700
1988-04-28,India,13.2200
1988-04-29,India,13.2100
1988-05-02,India,13.3000
1988-05-03,India,13.2800
1988-05-04,India,13.2800
1988-05-05,India,13.2700
1988-05-06,India,13.2800
1988-05-09,India,13.2500
1988-05-10,India,13.2600
1988-05-11,India,13.2400
1988-05-12,India,13.2800
1988-05-13,India,13.2500
1988-05-16,India,13.2600
1988-05-17,India,13.3300
1988-05-18,India,13.3100
1988-05-19,India,13.3300
1988-05-20,India,13.3700
1988-05-23,India,13.3600
1988-05-24,India,13.3400
1988-05-25,India,13.3900
1988-05-26,India,13.3900
1988-05-27,India,13.3900
1988-05-30,India,
1988-05-31,India,13.4700
1988-06-01,India,13.5100
1988-06-02,India,13.5900
1988-06-03,India,13.5800
1988-06-06,India,13.6000
1988-06-07,India,13.6000
1988-06-08,India,13.5800
1988-06-09,India,13.5900
1988-06-10,India,13.6200
1988-06-13,India,13.6100
1988-06-14,India,13.6800
1988-06-15,India,13.7700
1988-06-16,India,13.7600
1988-06-17,India,13.8500
1988-06-20,India,13.8200
1988-06-21,India,13.8200
1988-06-22,India,13.9000
1988-06-23,India,13.9700
1988-06-24,India,13.9800
1988-06-27,India,14.1700
1988-06-28,India,14.0800
1988-06-29,India,14.1400
1988-06-30,India,14.0700
1988-07-01,India,14.1400
1988-07-04,India,
1988-07-05,India,14.1200
1988-07-06,India,14.0200
1988-07-07,India,14.0200
1988-07-08,India,14.0200
1988-07-11,India,14.0700
1988-07-12,India,14.0700
1988-07-13,India,14.0600
1988-07-14,India,14.0900
1988-07-15,India,14.1000
1988-07-18,India,14.0800
1988-07-19,India,14.0600
1988-07-20,India,14.0600
1988-07-21,India,14.0400
1988-07-22,India,14.0600
1988-07-25,India,14.0600
1988-07-26,India,14.1100
1988-07-27,India,14.1000
1988-07-28,India,14.1400
1988-07-29,India,14.1700
1988-08-01,India,14.1800
1988-08-02,India,14.1600
1988-08-03,India,14.1700
1988-08-04,India,14.1700
1988-08-05,India,14.1900
1988-08-08,India,14.1600
1988-08-09,India,14.1700
1988-08-10,India,14.1900
1988-08-11,India,14.1700
1988-08-12,India,14.1400
1988-08-15,India,14.1500
1988-08-16,India,14.1200
1988-08-17,India,14.1900
1988-08-18,India,14.2000
1988-08-19,India,14.2200
1988-08-22,India,14.3500
1988-08-23,India,14.3000
1988-08-24,India,14.2900
1988-08-25,India,14.2300
1988-08-26,India,14.2800
1988-08-29,India,14.2800
1988-08-30,India,14.3200
1988-08-31,India,14.3600
1988-09-01,India,14.4100
1988-09-02,India,14.4400
1988-09-05,India,
1988-09-06,India,14.3900
1988-09-07,India,14.3800
1988-09-08,India,14.4000
1988-09-09,India,14.4300
1988-09-12,India,14.4000
1988-09-13,India,14.4300
1988-09-14,India,14.4400
1988-09-15,India,14.4800
1988-09-16,India,14.5100
1988-09-19,India,14.5200
1988-09-20,India,14.4900
1988-09-21,India,14.5600
1988-09-22,India,14.6000
1988-09-23,India,14.5800
1988-09-26,India,14.6000
1988-09-27,India,14.5700
1988-09-28,India,14.5600
1988-09-29,India,14.5400
1988-09-30,India,14.5500
1988-10-03,India,14.5600
1988-10-04,India,14.5600
1988-10-05,India,14.5900
1988-10-06,India,14.5700
1988-10-07,India,14.5600
1988-10-10,India,
1988-10-11,India,14.6200
1988-10-12,India,14.7000
1988-10-13,India,14.6700
1988-10-14,India,14.7200
1988-10-17,India,14.7300
1988-10-18,India,14.7400
1988-10-19,India,14.7600
1988-10-20,India,14.7500
1988-10-21,India,14.7500
1988-10-24,India,14.7800
1988-10-25,India,14.8000
1988-10-26,India,14.8200
1988-10-27,India,14.8800
1988-10-28,India,14.8700
1988-10-31,India,14.9700
1988-11-01,India,14.8800
1988-11-02,India,14.8900
1988-11-03,India,14.9000
1988-11-04,India,14.9500
1988-11-07,India,14.9900
1988-11-08,India,14.9800
1988-11-09,India,14.9400
1988-11-10,India,14.9600
1988-11-11,India,
1988-11-14,India,14.9600
1988-11-15,India,14.9700
1988-11-16,India,14.9400
1988-11-17,India,14.9500
1988-11-18,India,15.0600
1988-11-21,India,15.0600
1988-11-22,India,15.0200
1988-11-23,India,15.0000
1988-11-24,India,
1988-11-25,India,14.9900
1988-11-28,India,14.9800
1988-11-29,India,14.9500
1988-11-30,India,14.9500
1988-12-01,India,14.9000
1988-12-02,India,14.8700
1988-12-05,India,14.9500
1988-12-06,India,14.9700
1988-12-07,India,15.0900
1988-12-08,India,15.0000
1988-12-09,India,15.0500
1988-12-12,India,15.0500
1988-12-13,India,15.0900
1988-12-14,India,15.0400
1988-12-15,India,15.0300
1988-12-16,India,15.0600
1988-12-19,India,15.0100
1988-12-20,India,15.0600
1988-12-21,India,15.0300
1988-12-22,India,15.0400
1988-12-23,India,15.0300
1988-12-26,India,
1988-12-27,India,15.0300
1988-12-28,India,15.0900
1988-12-29,India,15.0200
1988-12-30,India,14.9900
1989-01-02,India,
1989-01-03,India,15.0200
1989-01-04,India,15.0800
1989-01-05,India,15.0500
1989-01-06,India,15.0700
1989-01-09,India,15.1000
1989-01-10,India,15.0700
1989-01-11,India,15.0500
1989-01-12,India,15.0600
1989-01-13,India,15.0400
1989-01-16,India,
1989-01-17,India,15.0900
1989-01-18,India,15.0900
1989-01-19,India,15.1100
1989-01-20,India,15.1000
1989-01-23,India,15.1100
1989-01-24,India,15.1200
1989-01-25,India,15.1300
1989-01-26,India,15.0900
1989-01-27,India,15.1200
1989-01-30,India,15.1700
1989-01-31,India,15.1800
1989-02-01,India,15.2000
1989-02-02,India,15.1800
1989-02-03,India,15.1800
1989-02-06,India,15.2300
1989-02-07,India,15.2000
1989-02-08,India,15.2000
1989-02-09,India,15.1900
1989-02-10,India,15.1900
1989-02-13,India,15.2400
1989-02-14,India,15.2200
1989-02-15,India,15.2000
1989-02-16,India,15.2300
1989-02-17,India,15.1900
1989-02-20,India,
1989-02-21,India,15.2900
1989-02-22,India,15.3500
1989-02-23,India,15.3000
1989-02-24,India,15.3000
1989-02-27,India,15.3300
1989-02-28,India,15.3500
1989-03-01,India,15.3500
1989-03-02,India,15.3400
1989-03-03,India,15.3100
1989-03-06,India,15.3200
1989-03-07,India,15.3400
1989-03-08,India,15.3200
1989-03-09,India,15.3400
1989-03-10,India,15.3500
1989-03-13,India,15.3800
1989-03-14,India,15.4700
1989-03-15,India,15.4300
1989-03-16,India,15.4900
1989-03-17,India,15.5200
1989-03-20,India,15.5300
1989-03-21,India,15.5300
1989-03-22,India,15.5200
1989-03-23,India,15.5400
1989-03-24,India,15.5000
1989-03-27,India,15.6000
1989-03-28,India,15.6600
1989-03-29,India,15.6400
1989-03-30,India,15.6400
1989-03-31,India,15.6300
1989-04-03,India,15.6200
1989-04-04,India,15.5800
1989-04-05,India,15.6400
1989-04-06,India,15.6400
1989-04-07,India,15.6700
1989-04-10,India,15.7100
1989-04-11,India,15.6900
1989-04-12,India,15.7400
1989-04-13,India,15.7100
1989-04-14,India,15.6900
1989-04-17,India,15.7100
1989-04-18,India,15.7000
1989-04-19,India,15.7200
1989-04-20,India,15.7200
1989-04-21,India,15.7000
1989-04-24,India,15.7600
1989-04-25,India,15.8000
1989-04-26,India,15.8600
1989-04-27,India,15.8400
1989-04-28,India,15.8600
1989-05-01,India,15.8600
1989-05-02,India,15.9200
1989-05-03,India,15.9400
1989-05-04,India,15.9300
1989-05-05,India,16.0200
1989-05-08,India,16.0200
1989-05-09,India,16.0500
1989-05-10,India,16.0500
1989-05-11,India,16.0900
1989-05-12,India,16.0400
1989-05-15,India,16.0600
1989-05-16,India,16.0500
1989-05-17,India,16.0900
1989-05-18,India,16.1200
1989-05-19,India,16.1200
1989-05-22,India,16.2800
1989-05-23,India,16.2400
1989-05-24,India,16.3100
1989-05-25,India,16.2600
1989-05-26,India,16.1800
1989-05-29,India,
1989-05-30,India,16.3300
1989-05-31,India,16.2800
1989-06-01,India,16.3200
1989-06-02,India,16.2800
1989-06-05,India,16.2900
1989-06-06,India,16.3500
1989-06-07,India,16.2900
1989-06-08,India,16.3400
1989-06-09,India,16.4200
1989-06-12,India,16.4900
1989-06-13,India,16.5000
1989-06-14,India,16.4900
1989-06-15,India,16.5100
1989-06-16,India,16.4300
1989-06-19,India,16.4200
1989-06-20,India,16.4200
1989-06-21,India,16.4700
1989-06-22,India,16.4300
1989-06-23,India,16.4600
1989-06-26,India,16.4900
1989-06-27,India,16.4400
1989-06-28,India,16.4700
1989-06-29,India,16.4300
1989-06-30,India,16.4900
1989-07-03,India,16.3600
1989-07-04,India,
1989-07-05,India,16.2900
1989-07-06,India,16.3000
1989-07-07,India,16.2400
1989-07-10,India,16.3200
1989-07-11,India,16.3300
1989-07-12,India,16.3900
1989-07-13,India,16.3800
1989-07-14,India,16.3800
1989-07-17,India,16.5000
1989-07-18,India,16.4400
1989-07-19,India,16.4900
1989-07-20,India,16.4900
1989-07-21,India,16.5200
1989-07-24,India,16.5700
1989-07-25,India,16.5500
1989-07-26,India,16.4700
1989-07-27,India,16.4100
1989-07-28,India,16.4500
1989-07-31,India,16.4400
1989-08-01,India,16.4600
1989-08-02,India,16.4300
1989-08-03,India,16.5000
1989-08-04,India,16.5700
1989-08-07,India,16.6200
1989-08-08,India,16.5600
1989-08-09,India,16.5700
1989-08-10,India,16.5700
1989-08-11,India,16.6300
1989-08-14,India,16.6500
1989-08-15,India,16.6200
1989-08-16,India,16.6200
1989-08-17,India,16.6800
1989-08-18,India,16.8000
1989-08-21,India,16.6200
1989-08-22,India,16.5500
1989-08-23,India,16.6200
1989-08-24,India,16.6200
1989-08-25,India,16.6400
1989-08-28,India,16.7000
1989-08-29,India,16.6700
1989-08-30,India,16.6600
1989-08-31,India,16.6500
1989-09-01,India,16.6900
1989-09-04,India,
1989-09-05,India,16.7400
1989-09-06,India,16.7200
1989-09-07,India,16.7600
1989-09-08,India,16.7400
1989-09-11,India,16.7700
1989-09-12,India,16.7400
1989-09-13,India,16.7000
1989-09-14,India,16.7700
1989-09-15,India,16.8200
1989-09-18,India,16.8000
1989-09-19,India,16.8000
1989-09-20,India,16.7700
1989-09-21,India,16.7700
1989-09-22,India,16.8000
1989-09-25,India,16.6900
1989-09-26,India,16.6900
1989-09-27,India,16.7000
1989-09-28,India,16.7400
1989-09-29,India,16.6900
1989-10-02,India,16.6700
1989-10-03,India,16.8600
1989-10-04,India,16.7800
1989-10-05,India,16.7700
1989-10-06,India,16.8000
1989-10-09,India,
1989-10-10,India,16.8500
1989-10-11,India,16.9000
1989-10-12,India,16.8600
1989-10-13,India,16.8600
1989-10-16,India,16.8000
1989-10-17,India,16.7800
1989-10-18,India,16.8000
1989-10-19,India,16.8100
1989-10-20,India,16.8100
1989-10-23,India,16.8200
1989-10-24,India,16.7700
1989-10-25,India,16.8100
1989-10-26,India,16.8200
1989-10-27,India,16.8500
1989-10-30,India,16.9000
1989-10-31,India,16.8800
1989-11-01,India,16.8900
1989-11-02,India,16.9100
1989-11-03,India,16.9100
1989-11-06,India,16.9100
1989-11-07,India,16.8800
1989-11-08,India,16.8800
1989-11-09,India,16.9000
1989-11-10,India,16.9300
1989-11-13,India,16.9300
1989-11-14,India,16.8900
1989-11-15,India,16.9200
1989-11-16,India,16.9000
1989-11-17,India,16.9200
1989-11-20,India,16.9500
1989-11-21,India,16.9200
1989-11-22,India,16.9100
1989-11-23,India,
1989-11-24,India,16.9200
1989-11-27,India,17.0300
1989-11-28,India,16.9800
1989-11-29,India,16.9800
1989-11-30,India,16.9600
1989-12-01,India,16.9700
1989-12-04,India,16.9800
1989-12-05,India,16.9600
1989-12-06,India,16.9500
1989-12-07,India,16.9400
1989-12-08,India,16.9400
1989-12-11,India,16.9300
1989-12-12,India,16.9300
1989-12-13,India,16.9200
1989-12-14,India,16.9300
1989-12-15,India,16.9200
1989-12-18,India,16.9400
1989-12-19,India,16.9300
1989-12-20,India,16.9400
1989-12-21,India,16.9300
1989-12-22,India,16.9000
1989-12-25,India,
1989-12-26,India,16.9000
1989-12-27,India,16.8800
1989-12-28,India,16.8900
1989-12-29,India,16.9600
1990-01-01,India,
1990-01-02,India,16.9600
1990-01-03,India,16.9900
1990-01-04,India,16.9400
1990-01-05,India,16.9300
1990-01-08,India,16.9300
1990-01-09,India,16.9300
1990-01-10,India,16.9200
1990-01-11,India,16.9300
1990-01-12,India,16.9400
1990-01-15,India,
1990-01-16,India,16.9700
1990-01-17,India,16.9700
1990-01-18,India,16.9800
1990-01-19,India,16.9700
1990-01-22,India,17.0300
1990-01-23,India,17.0000
1990-01-24,India,16.9800
1990-01-25,India,16.9900
1990-01-26,India,16.9700
1990-01-29,India,16.9700
1990-01-30,India,16.9600
1990-01-31,India,16.9700
1990-02-01,India,16.9600
1990-02-02,India,16.9600
1990-02-05,India,16.9500
1990-02-06,India,16.9500
1990-02-07,India,16.9500
1990-02-08,India,16.9600
1990-02-09,India,16.9600
1990-02-12,India,16.9900
1990-02-13,India,16.9800
1990-02-14,India,16.9700
1990-02-15,India,16.9700
1990-02-16,India,16.9600
1990-02-19,India,
1990-02-20,India,17.0000
1990-02-21,India,17.0300
1990-02-22,India,17.0000
1990-02-23,India,17.0200
1990-02-26,India,17.0500
1990-02-27,India,17.0700
1990-02-28,India,17.0700
1990-03-01,India,17.0700
1990-03-02,India,17.0800
1990-03-05,India,17.0500
1990-03-06,India,17.0700
1990-03-07,India,17.0500
1990-03-08,India,17.0600
1990-03-09,India,17.1000
1990-03-12,India,17.0900
1990-03-13,India,17.1000
1990-03-14,India,17.0900
1990-03-15,India,17.0700
1990-03-16,India,17.0800
1990-03-19,India,17.1100
1990-03-20,India,17.0900
1990-03-21,India,17.1300
1990-03-22,India,17.1600
1990-03-23,India,17.1600
1990-03-26,India,17.2200
1990-03-27,India,17.2100
1990-03-28,India,17.1800
1990-03-29,India,17.1700
1990-03-30,India,17.2200
1990-04-02,India,17.2300
1990-04-03,India,17.2400
1990-04-04,India,17.2300
1990-04-05,India,17.2400
1990-04-06,India,17.2400
1990-04-09,India,17.2400
1990-04-10,India,17.2800
1990-04-11,India,17.2500
1990-04-12,India,17.2500
1990-04-13,India,17.2500
1990-04-16,India,17.2500
1990-04-17,India,17.3300
1990-04-18,India,17.3000
1990-04-19,India,17.2900
1990-04-20,India,17.3400
1990-04-23,India,17.3600
1990-04-24,India,17.3500
1990-04-25,India,17.3400
1990-04-26,India,17.3900
1990-04-27,India,17.3900
1990-04-30,India,17.3900
1990-05-01,India,17.3800
1990-05-02,India,17.3900
1990-05-03,India,17.3700
1990-05-04,India,17.3300
1990-05-07,India,17.3300
1990-05-08,India,17.3500
1990-05-09,India,17.3200
1990-05-10,India,17.3000
1990-05-11,India,17.2900
1990-05-14,India,17.3100
1990-05-15,India,17.3100
1990-05-16,India,17.3100
1990-05-17,India,17.3300
1990-05-18,India,17.2500
1990-05-21,India,17.2900
1990-05-22,India,17.3000
1990-05-23,India,17.2900
1990-05-24,India,17.3100
1990-05-25,India,17.3000
1990-05-28,India,
1990-05-29,India,17.3700
1990-05-30,India,17.3500
1990-05-31,India,17.3600
1990-06-01,India,17.3800
1990-06-04,India,17.4400
1990-06-05,India,17.4200
1990-06-06,India,17.4000
1990-06-07,India,17.3800
1990-06-08,India,17.4400
1990-06-11,India,17.4600
1990-06-12,India,17.4200
1990-06-13,India,17.3800
1990-06-14,India,17.4200
1990-06-15,India,17.4300
1990-06-18,India,17.4200
1990-06-19,India,17.4200
1990-06-20,India,17.4200
1990-06-21,India,17.4200
1990-06-22,India,17.4500
1990-06-25,India,17.4400
1990-06-26,India,17.4000
1990-06-27,India,17.4200
1990-06-28,India,17.4500
1990-06-29,India,17.4300
1990-07-02,India,17.4500
1990-07-03,India,17.4500
1990-07-04,India,
1990-07-05,India,17.4200
1990-07-06,India,17.4200
1990-07-09,India,17.3800
1990-07-10,India,17.3600
1990-07-11,India,17.3900
1990-07-12,India,17.4700
1990-07-13,India,17.4200
1990-07-16,India,17.4500
1990-07-17,India,17.4400
1990-07-18,India,17.3900
1990-07-19,India,17.4200
1990-07-20,India,17.4000
1990-07-23,India,17.4200
1990-07-24,India,17.4200
1990-07-25,India,17.4200
1990-07-26,India,17.4300
1990-07-27,India,17.4000
1990-07-30,India,17.3500
1990-07-31,India,17.3500
1990-08-01,India,17.3700
1990-08-02,India,17.3800
1990-08-03,India,17.3500
1990-08-06,India,17.2800
1990-08-07,India,17.2900
1990-08-08,India,17.3400
1990-08-09,India,17.3500
1990-08-10,India,17.3900
1990-08-13,India,17.3500
1990-08-14,India,17.3400
1990-08-15,India,17.2800
1990-08-16,India,17.3700
1990-08-17,India,17.2600
1990-08-20,India,17.2800
1990-08-21,India,17.3200
1990-08-22,India,17.3200
1990-08-23,India,17.2700
1990-08-24,India,17.3000
1990-08-27,India,17.3900
1990-08-28,India,17.3600
1990-08-29,India,17.3800
1990-08-30,India,17.4800
1990-08-31,India,17.5200
1990-09-03,India,
1990-09-04,India,17.6400
1990-09-05,India,17.5400
1990-09-06,India,17.5600
1990-09-07,India,17.6800
1990-09-10,India,17.7600
1990-09-11,India,17.7700
1990-09-12,India,17.7600
1990-09-13,India,17.8000
1990-09-14,India,17.8500
1990-09-17,India,17.8600
1990-09-18,India,17.8300
1990-09-19,India,17.8500
1990-09-20,India,18.0000
1990-09-21,India,18.1200
1990-09-24,India,18.0600
1990-09-25,India,18.0800
1990-09-26,India,18.0900
1990-09-27,India,18.0800
1990-09-28,India,18.0000
1990-10-01,India,18.0600
1990-10-02,India,18.0800
1990-10-03,India,18.0100
1990-10-04,India,18.0700
1990-10-05,India,18.0700
1990-10-08,India,
1990-10-09,India,18.0400
1990-10-10,India,18.0500
1990-10-11,India,18.0000
1990-10-12,India,17.9900
1990-10-15,India,18.0000
1990-10-16,India,18.0500
1990-10-17,India,18.0700
1990-10-18,India,18.0800
1990-10-19,India,18.1000
1990-10-22,India,18.0800
1990-10-23,India,18.1000
1990-10-24,India,18.1200
1990-10-25,India,18.1000
1990-10-26,India,18.1000
1990-10-29,India,18.1500
1990-10-30,India,18.1400
1990-10-31,India,18.1600
1990-11-01,India,18.1000
1990-11-02,India,18.0800
1990-11-05,India,18.1000
1990-11-06,India,18.1000
1990-11-07,India,18.0900
1990-11-08,India,18.1300
1990-11-09,India,18.1300
1990-11-12,India,
1990-11-13,India,18.1400
1990-11-14,India,18.1000
1990-11-15,India,18.0800
1990-11-16,India,18.0900
1990-11-19,India,18.0700
1990-11-20,India,18.0700
1990-11-21,India,18.0200
1990-11-22,India,
1990-11-23,India,18.0500
1990-11-26,India,18.0800
1990-11-27,India,18.1000
1990-11-28,India,18.1300
1990-11-29,India,18.1200
1990-11-30,India,18.1700
1990-12-03,India,18.1600
1990-12-04,India,18.1100
1990-12-05,India,18.0900
1990-12-06,India,18.1200
1990-12-07,India,18.1000
1990-12-10,India,18.0900
1990-12-11,India,18.0800
1990-12-12,India,18.0600
1990-12-13,India,18.0900
1990-12-14,India,18.1100
1990-12-17,India,18.1400
1990-12-18,India,18.1500
1990-12-19,India,18.1600
1990-12-20,India,18.1800
1990-12-21,India,18.2000
1990-12-24,India,18.2000
1990-12-25,India,
1990-12-26,India,
1990-12-27,India,
1990-12-28,India,18.1200
1990-12-31,India,18.1300
1991-01-01,India,
1991-01-02,India,18.1000
1991-01-03,India,18.1200
1991-01-04,India,18.1300
1991-01-07,India,18.1700
1991-01-08,India,18.2200
1991-01-09,India,18.2000
1991-01-10,India,18.2400
1991-01-11,India,18.2900
1991-01-14,India,18.3400
1991-01-15,India,18.3900
1991-01-16,India,18.3800
1991-01-17,India,18.3700
1991-01-18,India,18.3700
1991-01-21,India,
1991-01-22,India,18.4100
1991-01-23,India,18.4200
1991-01-24,India,18.4200
1991-01-25,India,18.4000
1991-01-28,India,18.4500
1991-01-29,India,18.4900
1991-01-30,India,18.6000
1991-01-31,India,18.6100
1991-02-01,India,18.6000
1991-02-04,India,18.5900
1991-02-05,India,18.6000
1991-02-06,India,18.5800
1991-02-07,India,18.6900
1991-02-08,India,18.7600
1991-02-11,India,18.7100
1991-02-12,India,18.7200
1991-02-13,India,18.7500
1991-02-14,India,18.8300
1991-02-15,India,18.9000
1991-02-18,India,
1991-02-19,India,19.1000
1991-02-20,India,19.1000
1991-02-21,India,19.0800
1991-02-22,India,19.0500
1991-02-25,India,19.0800
1991-02-26,India,19.0600
1991-02-27,India,19.0800
1991-02-28,India,19.0600
1991-03-01,India,19.0800
1991-03-04,India,19.0600
1991-03-05,India,19.0400
1991-03-06,India,19.0300
1991-03-07,India,19.0400
1991-03-08,India,19.0900
1991-03-11,India,19.1100
1991-03-12,India,19.1000
1991-03-13,India,19.1200
1991-03-14,India,19.1400
1991-03-15,India,19.1600
1991-03-18,India,19.2300
1991-03-19,India,19.3000
1991-03-20,India,19.3500
1991-03-21,India,19.3000
1991-03-22,India,19.2100
1991-03-25,India,19.3800
1991-03-26,India,19.5900
1991-03-27,India,19.5900
1991-03-28,India,19.5700
1991-03-29,India,19.6100
1991-04-01,India,19.6100
1991-04-02,India,19.6600
1991-04-03,India,19.6200
1991-04-04,India,19.6800
1991-04-05,India,19.7000
1991-04-08,India,19.8200
1991-04-09,India,19.7300
1991-04-10,India,19.7500
1991-04-11,India,19.8000
1991-04-12,India,19.8000
1991-04-15,India,19.7700
1991-04-16,India,19.7300
1991-04-17,India,19.7200
1991-04-18,India,19.9000
1991-04-19,India,20.0700
1991-04-22,India,20.2500
1991-04-23,India,20.2300
1991-04-24,India,20.2000
1991-04-25,India,20.2500
1991-04-26,India,20.2300
1991-04-29,India,20.2400
1991-04-30,India,20.1800
1991-05-01,India,20.2000
1991-05-02,India,20.2100
1991-05-03,India,20.2100
1991-05-06,India,20.3500
1991-05-07,India,20.3800
1991-05-08,India,20.3500
1991-05-09,India,20.4600
1991-05-10,India,20.4600
1991-05-13,India,20.4800
1991-05-14,India,20.4800
1991-05-15,India,20.4400
1991-05-16,India,20.4800
1991-05-17,India,20.4900
1991-05-20,India,20.7000
1991-05-21,India,20.6500
1991-05-22,India,20.6600
1991-05-23,India,20.6700
1991-05-24,India,20.7000
1991-05-27,India,
1991-05-28,India,20.6900
1991-05-29,India,20.6900
1991-05-30,India,20.7700
1991-05-31,India,20.8900
1991-06-03,India,21.0000
1991-06-04,India,21.0000
1991-06-05,India,21.0100
1991-06-06,India,21.0000
1991-06-07,India,21.0600
1991-06-10,India,21.0100
1991-06-11,India,21.0300
1991-06-12,India,20.9400
1991-06-13,India,21.0000
1991-06-14,India,20.9900
1991-06-17,India,21.1600
1991-06-18,India,21.1600
1991-06-19,India,21.1400
1991-06-20,India,21.0900
1991-06-21,India,21.0800
1991-06-24,India,21.1500
1991-06-25,India,21.1200
1991-06-26,India,21.0900
1991-06-27,India,21.0800
1991-06-28,India,21.1300
1991-07-01,India,23.0900
1991-07-02,India,23.1200
1991-07-03,India,26.2800
1991-07-04,India,
1991-07-05,India,26.0700
1991-07-08,India,25.8600
1991-07-09,India,25.8600
1991-07-10,India,25.9200
1991-07-11,India,25.8900
1991-07-12,India,25.8800
1991-07-15,India,25.9000
1991-07-16,India,25.9600
1991-07-17,India,25.9600
1991-07-18,India,25.8700
1991-07-19,India,25.8700
1991-07-22,India,25.7700
1991-07-23,India,25.7800
1991-07-24,India,25.7500
1991-07-25,India,25.6900
1991-07-26,India,25.7200
1991-07-29,India,25.7600
1991-07-30,India,25.7200
1991-07-31,India,25.7600
1991-08-01,India,25.7400
1991-08-02,India,25.9000
1991-08-05,India,25.7200
1991-08-06,India,25.5700
1991-08-07,India,25.6400
1991-08-08,India,25.5700
1991-08-09,India,25.7400
1991-08-12,India,25.8900
1991-08-13,India,25.8200
1991-08-14,India,26.0200
1991-08-15,India,25.9900
1991-08-16,India,25.9600
1991-08-19,India,26.0000
1991-08-20,India,26.0000
1991-08-21,India,25.9400
1991-08-22,India,25.9500
1991-08-23,India,25.9400
1991-08-26,India,
1991-08-27,India,25.9400
1991-08-28,India,25.8700
1991-08-29,India,25.7400
1991-08-30,India,25.8200
1991-09-02,India,
1991-09-03,India,25.8300
1991-09-04,India,25.7600
1991-09-05,India,25.7900
1991-09-06,India,25.8200
1991-09-09,India,25.7900
1991-09-10,India,25.7700
1991-09-11,India,25.7900
1991-09-12,India,25.7800
1991-09-13,India,25.8000
1991-09-16,India,25.8500
1991-09-17,India,25.9600
1991-09-18,India,25.8900
1991-09-19,India,25.8900
1991-09-20,India,25.9200
1991-09-23,India,25.8900
1991-09-24,India,25.8700
1991-09-25,India,25.8300
1991-09-26,India,25.8000
1991-09-27,India,25.8700
1991-09-30,India,25.7700
1991-10-01,India,25.7700
1991-10-02,India,25.7400
1991-10-03,India,25.7600
1991-10-04,India,25.7200
1991-10-07,India,25.7500
1991-10-08,India,25.8300
1991-10-09,India,25.8000
1991-10-10,India,25.8000
1991-10-11,India,25.7800
1991-10-14,India,
1991-10-15,India,25.8200
1991-10-16,India,25.8200
1991-10-17,India,25.8000
1991-10-18,India,25.8000
1991-10-21,India,25.8000
1991-10-22,India,25.8400
1991-10-23,India,25.8000
1991-10-24,India,25.7900
1991-10-25,India,25.7900
1991-10-28,India,25.8000
1991-10-29,India,25.7900
1991-10-30,India,25.9000
1991-10-31,India,25.8400
1991-11-01,India,25.8500
1991-11-04,India,25.8000
1991-11-05,India,25.7900
1991-11-06,India,25.7900
1991-11-07,India,25.8200
1991-11-08,India,25.8400
1991-11-11,India,
1991-11-12,India,25.8000
1991-11-13,India,25.8000
1991-11-14,India,25.8000
1991-11-15,India,25.8000
1991-11-18,India,25.7900
1991-11-19,India,25.8000
1991-11-20,India,25.7900
1991-11-21,India,25.7800
1991-11-22,India,25.8000
1991-11-25,India,25.7700
1991-11-26,India,25.8000
1991-11-27,India,25.8200
1991-11-28,India,
1991-11-29,India,25.8000
1991-12-02,India,25.7800
1991-12-03,India,25.8000
1991-12-04,India,25.7900
1991-12-05,India,25.8100
1991-12-06,India,25.8600
1991-12-09,India,25.8300
1991-12-10,India,25.8600
1991-12-11,India,25.8600
1991-12-12,India,25.8600
1991-12-13,India,25.8300
1991-12-16,India,25.8400
1991-12-17,India,25.8300
1991-12-18,India,25.8100
1991-12-19,India,25.7900
1991-12-20,India,25.7900
1991-12-23,India,25.8200
1991-12-24,India,25.8500
1991-12-25,India,
1991-12-26,India,
1991-12-27,India,25.8000
1991-12-30,India,25.7900
1991-12-31,India,25.7600
1992-01-01,India,
1992-01-02,India,25.7900
1992-01-03,India,25.8100
1992-01-06,India,25.7900
1992-01-07,India,25.7900
1992-01-08,India,25.7900
1992-01-09,India,25.8200
1992-01-10,India,25.8100
1992-01-13,India,25.8000
1992-01-14,India,25.8100
1992-01-15,India,25.8600
1992-01-16,India,25.8400
1992-01-17,India,25.9400
1992-01-20,India,
1992-01-21,India,25.8800
1992-01-22,India,25.8600
1992-01-23,India,25.8800
1992-01-24,India,25.9800
1992-01-27,India,25.9500
1992-01-28,India,25.9400
1992-01-29,India,25.9200
1992-01-30,India,25.9100
1992-01-31,India,25.9500
1992-02-03,India,25.8400
1992-02-04,India,25.8100
1992-02-05,India,25.8000
1992-02-06,India,25.8000
1992-02-07,India,25.8000
1992-02-10,India,25.8200
1992-02-11,India,25.9100
1992-02-12,India,25.9400
1992-02-13,India,25.9200
1992-02-14,India,25.9000
1992-02-17,India,
1992-02-18,India,25.9100
1992-02-19,India,27.0000
1992-02-20,India,26.5500
1992-02-21,India,26.4000
1992-02-24,India,25.9000
1992-02-25,India,25.8500
1992-02-26,India,25.7500
1992-02-27,India,25.7500
1992-02-28,India,26.2000
1992-03-02,India,26.3000
1992-03-03,India,27.9000
1992-03-04,India,27.9000
1992-03-05,India,28.0500
1992-03-06,India,27.9000
1992-03-09,India,27.9500
1992-03-10,India,27.8000
1992-03-11,India,27.8500
1992-03-12,India,28.1000
1992-03-13,India,28.2000
1992-03-16,India,28.5800
1992-03-17,India,28.4800
1992-03-18,India,28.6000
1992-03-19,India,28.6000
1992-03-20,India,28.7500
1992-03-23,India,29.2500
1992-03-24,India,29.2500
1992-03-25,India,29.0000
1992-03-26,India,29.0000
1992-03-27,India,29.0500
1992-03-30,India,28.7000
1992-03-31,India,29.1000
1992-04-01,India,29.0000
1992-04-02,India,28.9500
1992-04-03,India,29.0000
1992-04-06,India,29.0000
1992-04-07,India,28.9000
1992-04-08,India,29.0500
1992-04-09,India,29.0000
1992-04-10,India,29.0000
1992-04-13,India,29.0500
1992-04-14,India,28.9500
1992-04-15,India,28.9700
1992-04-16,India,28.9800
1992-04-17,India,28.9900
1992-04-20,India,
1992-04-21,India,28.7000
1992-04-22,India,28.8500
1992-04-23,India,28.7800
1992-04-24,India,28.7500
1992-04-27,India,28.8000
1992-04-28,India,28.7000
1992-04-29,India,28.7000
1992-04-30,India,28.7000
1992-05-01,India,28.4000
1992-05-04,India,28.6000
1992-05-05,India,28.7000
1992-05-06,India,28.7000
1992-05-07,India,28.7000
1992-05-08,India,28.7000
1992-05-11,India,28.3500
1992-05-12,India,28.4500
1992-05-13,India,28.3500
1992-05-14,India,28.3000
1992-05-15,India,28.4000
1992-05-18,India,28.4500
1992-05-19,India,28.2000
1992-05-20,India,28.2500
1992-05-21,India,28.5300
1992-05-22,India,28.6500
1992-05-25,India,
1992-05-26,India,28.7800
1992-05-27,India,28.8200
1992-05-28,India,28.7500
1992-05-29,India,28.7500
1992-06-01,India,28.7000
1992-06-02,India,28.6500
1992-06-03,India,28.7000
1992-06-04,India,28.7000
1992-06-05,India,28.6800
1992-06-08,India,28.7000
1992-06-09,India,28.4500
1992-06-10,India,28.4500
1992-06-11,India,28.4500
1992-06-12,India,28.4500
1992-06-15,India,28.4500
1992-06-16,India,28.4500
1992-06-17,India,28.4500
1992-06-18,India,28.4500
1992-06-19,India,28.3800
1992-06-22,India,28.3000
1992-06-23,India,28.3500
1992-06-24,India,28.3000
1992-06-25,India,28.4000
1992-06-26,India,28.4500
1992-06-29,India,28.8000
1992-06-30,India,28.7000
1992-07-01,India,28.6500
1992-07-02,India,28.5500
1992-07-03,India,28.5000
1992-07-06,India,28.5800
1992-07-07,India,28.6000
1992-07-08,India,28.6500
1992-07-09,India,28.6500
1992-07-10,India,28.6500
1992-07-13,India,28.6500
1992-07-14,India,28.6500
1992-07-15,India,28.6500
1992-07-16,India,28.6500
1992-07-17,India,28.5500
1992-07-20,India,28.5500
1992-07-21,India,28.5500
1992-07-22,India,28.5000
1992-07-23,India,28.4500
1992-07-24,India,28.5200
1992-07-27,India,28.5000
1992-07-28,India,28.4800
1992-07-29,India,28.4800
1992-07-30,India,28.4800
1992-07-31,India,28.4800
1992-08-03,India,28.4500
1992-08-04,India,28.4500
1992-08-05,India,28.4500
1992-08-06,India,28.4200
1992-08-07,India,28.4200
1992-08-10,India,28.4200
1992-08-11,India,28.4500
1992-08-12,India,28.4000
1992-08-13,India,28.4500
1992-08-14,India,28.4500
1992-08-17,India,28.4500
1992-08-18,India,28.4500
1992-08-19,India,28.4800
1992-08-20,India,28.4800
1992-08-21,India,28.4800
1992-08-24,India,28.4800
1992-08-25,India,28.4800
1992-08-26,India,28.4800
1992-08-27,India,28.5000
1992-08-28,India,28.6300
1992-08-31,India,
1992-09-01,India,28.4800
1992-09-02,India,28.4800
1992-09-03,India,28.4800
1992-09-04,India,28.4800
1992-09-07,India,
1992-09-08,India,28.4800
1992-09-09,India,28.4800
1992-09-10,India,28.4500
1992-09-11,India,28.4500
1992-09-14,India,28.4800
1992-09-15,India,28.4800
1992-09-16,India,28.4800
1992-09-17,India,28.4800
1992-09-18,India,28.4800
1992-09-21,India,28.4800
1992-09-22,India,28.4800
1992-09-23,India,28.4800
1992-09-24,India,28.4800
1992-09-25,India,28.4800
1992-09-28,India,28.4800
1992-09-29,India,28.4500
1992-09-30,India,28.4800
1992-10-01,India,28.4800
1992-10-02,India,28.4800
1992-10-05,India,28.4800
1992-10-06,India,28.4500
1992-10-07,India,28.4500
1992-10-08,India,28.4500
1992-10-09,India,28.4500
1992-10-12,India,
1992-10-13,India,28.4500
1992-10-14,India,28.4500
1992-10-15,India,28.4500
1992-10-16,India,28.4800
1992-10-19,India,28.5000
1992-10-20,India,28.5000
1992-10-21,India,28.4800
1992-10-22,India,28.4800
1992-10-23,India,28.5800
1992-10-26,India,28.4800
1992-10-27,India,28.4800
1992-10-28,India,28.4800
1992-10-29,India,28.4800
1992-10-30,India,28.4800
1992-11-02,India,28.4800
1992-11-03,India,28.4500
1992-11-04,India,28.4500
1992-11-05,India,28.4500
1992-11-06,India,28.4500
1992-11-09,India,28.4800
1992-11-10,India,28.4700
1992-11-11,India,
1992-11-12,India,28.4500
1992-11-13,India,28.4500
1992-11-16,India,28.4500
1992-11-17,India,28.4800
1992-11-18,India,28.4800
1992-11-19,India,28.4800
1992-11-20,India,28.4800
1992-11-23,India,28.4800
1992-11-24,India,28.4500
1992-11-25,India,28.5000
1992-11-26,India,
1992-11-27,India,28.5300
1992-11-30,India,28.5400
1992-12-01,India,28.6000
1992-12-02,India,28.7500
1992-12-03,India,28.7500
1992-12-04,India,28.9500
1992-12-07,India,29.0500
1992-12-08,India,29.0500
1992-12-09,India,29.0800
1992-12-10,India,29.1000
1992-12-11,India,29.1600
1992-12-14,India,29.0600
1992-12-15,India,29.0000
1992-12-16,India,29.0000
1992-12-17,India,28.9800
1992-12-18,India,29.0000
1992-12-21,India,29.0000
1992-12-22,India,29.0000
1992-12-23,India,29.0000
1992-12-24,India,29.0000
1992-12-25,India,
1992-12-28,India,29.0000
1992-12-29,India,29.0000
1992-12-30,India,29.0000
1992-12-31,India,29.0000
1993-01-01,India,
1993-01-04,India,29.0000
1993-01-05,India,29.0000
1993-01-06,India,29.0000
1993-01-07,India,29.0000
1993-01-08,India,29.0000
1993-01-11,India,29.0200
1993-01-12,India,29.0000
1993-01-13,India,29.0000
1993-01-14,India,29.0000
1993-01-15,India,29.0000
1993-01-18,India,
1993-01-19,India,29.0000
1993-01-20,India,29.0000
1993-01-21,India,29.0000
1993-01-22,India,29.0000
1993-01-25,India,29.0500
1993-01-26,India,29.0500
1993-01-27,India,29.2000
1993-01-28,India,29.3000
1993-01-29,India,29.2000
1993-02-01,India,29.3500
1993-02-02,India,29.3500
1993-02-03,India,29.5500
1993-02-04,India,29.6000
1993-02-05,India,29.9000
1993-02-08,India,29.9000
1993-02-09,India,30.0500
1993-02-10,India,30.2000
1993-02-11,India,30.5000
1993-02-12,India,30.4000
1993-02-15,India,
1993-02-16,India,30.2000
1993-02-17,India,30.0500
1993-02-18,India,30.1800
1993-02-19,India,30.1800
1993-02-22,India,30.2800
1993-02-23,India,30.2800
1993-02-24,India,30.1800
1993-02-25,India,30.3800
1993-02-26,India,30.2700
1993-03-01,India,33.5000
1993-03-02,India,32.8000
1993-03-03,India,32.3000
1993-03-04,India,32.3000
1993-03-05,India,32.1000
1993-03-08,India,32.0000
1993-03-09,India,31.8000
1993-03-10,India,31.8000
1993-03-11,India,31.9000
1993-03-12,India,31.8000
1993-03-15,India,31.8000
1993-03-16,India,31.9000
1993-03-17,India,31.8000
1993-03-18,India,31.8000
1993-03-19,India,31.7500
1993-03-22,India,31.7500
1993-03-23,India,31.7500
1993-03-24,India,31.7500
1993-03-25,India,31.7500
1993-03-26,India,31.7500
1993-03-29,India,31.5000
1993-03-30,India,31.5000
1993-03-31,India,31.5000
1993-04-01,India,31.5000
1993-04-02,India,31.6000
1993-04-05,India,31.6000
1993-04-06,India,31.6000
1993-04-07,India,31.6000
1993-04-08,India,31.6000
1993-04-09,India,31.6000
1993-04-12,India,
1993-04-13,India,31.6000
1993-04-14,India,31.7000
1993-04-15,India,31.6000
1993-04-16,India,31.6000
1993-04-19,India,31.6000
1993-04-20,India,31.6000
1993-04-21,India,31.6000
1993-04-22,India,31.6000
1993-04-23,India,31.6000
1993-04-26,India,31.6000
1993-04-27,India,31.6500
1993-04-28,India,31.6500
1993-04-29,India,31.6500
1993-04-30,India,31.6500
1993-05-03,India,31.6500
1993-05-04,India,31.6000
1993-05-05,India,31.6000
1993-05-06,India,31.6000
1993-05-07,India,31.6000
1993-05-10,India,31.6000
1993-05-11,India,31.6000
1993-05-12,India,31.6000
1993-05-13,India,31.6000
1993-05-14,India,31.6000
1993-05-17,India,31.6000
1993-05-18,India,31.6000
1993-05-19,India,31.6000
1993-05-20,India,31.6000
1993-05-21,India,31.6000
1993-05-24,India,31.6000
1993-05-25,India,31.6000
1993-05-26,India,31.6000
1993-05-27,India,31.7000
1993-05-28,India,31.7000
1993-05-31,India,
1993-06-01,India,31.7000
1993-06-02,India,31.7000
1993-06-03,India,31.7000
1993-06-04,India,31.7000
1993-06-07,India,31.7000
1993-06-08,India,31.7000
1993-06-09,India,31.7000
1993-06-10,India,31.7000
1993-06-11,India,31.7000
1993-06-14,India,31.7000
1993-06-15,India,31.7000
1993-06-16,India,31.7000
1993-06-17,India,31.7000
1993-06-18,India,31.7000
1993-06-21,India,31.7000
1993-06-22,India,31.6000
1993-06-23,India,31.6000
1993-06-24,India,31.6000
1993-06-25,India,31.6000
1993-06-28,India,31.6000
1993-06-29,India,31.6000
1993-06-30,India,31.6000
1993-07-01,India,31.6000
1993-07-02,India,31.6000
1993-07-05,India,
1993-07-06,India,31.6000
1993-07-07,India,31.6000
1993-07-08,India,31.6000
1993-07-09,India,31.6000
1993-07-12,India,31.6000
1993-07-13,India,31.6000
1993-07-14,India,31.6000
1993-07-15,India,31.6000
1993-07-16,India,31.6000
1993-07-19,India,31.6000
1993-07-20,India,31.6000
1993-07-21,India,31.6000
1993-07-22,India,31.6000
1993-07-23,India,31.6000
1993-07-26,India,31.6000
1993-07-27,India,31.6000
1993-07-28,India,31.6000
1993-07-29,India,31.6000
1993-07-30,India,31.6000
1993-08-02,India,31.6000
1993-08-03,India,31.6000
1993-08-04,India,31.6000
1993-08-05,India,31.6000
1993-08-06,India,31.6000
1993-08-09,India,31.6000
1993-08-10,India,31.6000
1993-08-11,India,31.6000
1993-08-12,India,31.6300
1993-08-13,India,31.6300
1993-08-16,India,31.6300
1993-08-17,India,31.6300
1993-08-18,India,31.6300
1993-08-19,India,31.6300
1993-08-20,India,31.6300
1993-08-23,India,31.4800
1993-08-24,India,31.6300
1993-08-25,India,31.6300
1993-08-26,India,31.6300
1993-08-27,India,31.6300
1993-08-30,India,31.6300
1993-08-31,India,31.6300
1993-09-01,India,31.6300
1993-09-02,India,31.6300
1993-09-03,India,31.6300
1993-09-06,India,
1993-09-07,India,31.6300
1993-09-08,India,31.6300
1993-09-09,India,31.6300
1993-09-10,India,31.6300
1993-09-13,India,31.6300
1993-09-14,India,31.6300
1993-09-15,India,31.6300
1993-09-16,India,31.5300
1993-09-17,India,31.5300
1993-09-20,India,31.5300
1993-09-21,India,31.5300
1993-09-22,India,31.5300
1993-09-23,India,31.5300
1993-09-24,India,31.5300
1993-09-27,India,31.5300
1993-09-28,India,31.5300
1993-09-29,India,31.5300
1993-09-30,India,31.5300
1993-10-01,India,31.5300
1993-10-04,India,31.5300
1993-10-05,India,31.5300
1993-10-06,India,31.5300
1993-10-07,India,31.5300
1993-10-08,India,31.5300
1993-10-11,India,
1993-10-12,India,31.5300
1993-10-13,India,31.5300
1993-10-14,India,31.5300
1993-10-15,India,31.5300
1993-10-18,India,31.5300
1993-10-19,India,31.5300
1993-10-20,India,31.5300
1993-10-21,India,31.5300
1993-10-22,India,31.5300
1993-10-25,India,31.4300
1993-10-26,India,31.4300
1993-10-27,India,31.4300
1993-10-28,India,31.4300
1993-10-29,India,31.4300
1993-11-01,India,31.4300
1993-11-02,India,31.4300
1993-11-03,India,31.4300
1993-11-04,India,31.4300
1993-11-05,India,31.4300
1993-11-08,India,31.4300
1993-11-09,India,31.4300
1993-11-10,India,31.4300
1993-11-11,India,
1993-11-12,India,31.4300
1993-11-15,India,31.4300
1993-11-16,India,31.4300
1993-11-17,India,31.4300
1993-11-18,India,31.4300
1993-11-19,India,31.4400
1993-11-22,India,31.4400
1993-11-23,India,31.4400
1993-11-24,India,31.4400
1993-11-25,India,
1993-11-26,India,31.4400
1993-11-29,India,31.4400
1993-11-30,India,31.4400
1993-12-01,India,31.4400
1993-12-02,India,31.4400
1993-12-03,India,31.4400
1993-12-06,India,31.4400
1993-12-07,India,31.4400
1993-12-08,India,31.4400
1993-12-09,India,31.4400
1993-12-10,India,31.4400
1993-12-13,India,31.4400
1993-12-14,India,31.4400
1993-12-15,India,31.4400
1993-12-16,India,31.4400
1993-12-17,India,31.4400
1993-12-20,India,31.4400
1993-12-21,India,31.4400
1993-12-22,India,31.4400
1993-12-23,India,31.4400
1993-12-24,India,31.4400
1993-12-27,India,31.4400
1993-12-28,India,31.4400
1993-12-29,India,31.4400
1993-12-30,India,31.4400
1993-12-31,India,31.4400
1994-01-03,India,31.4400
1994-01-04,India,31.4400
1994-01-05,India,31.4400
1994-01-06,India,31.4400
1994-01-07,India,31.4400
1994-01-10,India,31.4400
1994-01-11,India,31.4400
1994-01-12,India,31.4400
1994-01-13,India,31.4400
1994-01-14,India,31.4400
1994-01-17,India,
1994-01-18,India,31.4400
1994-01-19,India,31.4400
1994-01-20,India,31.4400
1994-01-21,India,31.4400
1994-01-24,India,31.4400
1994-01-25,India,31.4400
1994-01-26,India,31.4400
1994-01-27,India,31.4400
1994-01-28,India,31.4400
1994-01-31,India,31.4400
1994-02-01,India,31.4400
1994-02-02,India,31.4400
1994-02-03,India,31.4400
1994-02-04,India,31.4400
1994-02-07,India,31.4400
1994-02-08,India,31.4400
1994-02-09,India,31.4400
1994-02-10,India,31.4400
1994-02-11,India,31.4400
1994-02-14,India,31.4400
1994-02-15,India,31.4400
1994-02-16,India,31.4400
1994-02-17,India,31.4400
1994-02-18,India,31.3700
1994-02-21,India,
1994-02-22,India,31.4400
1994-02-23,India,31.4400
1994-02-24,India,31.7500
1994-02-25,India,31.4400
1994-02-28,India,31.3700
1994-03-01,India,31.7200
1994-03-02,India,31.4000
1994-03-03,India,31.4400
1994-03-04,India,31.4000
1994-03-07,India,31.3800
1994-03-08,India,31.4400
1994-03-09,India,31.4400
1994-03-10,India,31.3725
1994-03-11,India,31.4400
1994-03-14,India,31.4400
1994-03-15,India,31.3700
1994-03-16,India,31.3750
1994-03-17,India,31.3700
1994-03-18,India,31.4300
1994-03-21,India,31.3800
1994-03-22,India,31.4000
1994-03-23,India,31.4200
1994-03-24,India,31.4200
1994-03-25,India,31.3700
1994-03-28,India,31.3700
1994-03-29,India,31.3700
1994-03-30,India,31.4200
1994-03-31,India,31.3700
1994-04-01,India,31.4200
1994-04-04,India,31.4200
1994-04-05,India,31.3700
1994-04-06,India,31.3700
1994-04-07,India,31.3700
1994-04-08,India,31.3700
1994-04-11,India,31.4200
1994-04-12,India,31.4200
1994-04-13,India,31.4200
1994-04-14,India,31.4200
1994-04-15,India,31.3700
1994-04-18,India,31.3700
1994-04-19,India,31.3700
1994-04-20,India,31.4200
1994-04-21,India,31.3700
1994-04-22,India,31.3700
1994-04-25,India,31.4200
1994-04-26,India,31.3700
1994-04-27,India,31.4200
1994-04-28,India,31.3700
1994-04-29,India,31.3700
1994-05-02,India,31.3800
1994-05-03,India,31.3700
1994-05-04,India,31.3700
1994-05-05,India,31.3700
1994-05-06,India,31.3800
1994-05-09,India,31.3700
1994-05-10,India,31.3700
1994-05-11,India,31.3700
1994-05-12,India,31.3725
1994-05-13,India,31.3700
1994-05-16,India,31.3800
1994-05-17,India,31.3725
1994-05-18,India,31.3750
1994-05-19,India,31.4200
1994-05-20,India,31.3725
1994-05-23,India,31.3725
1994-05-24,India,31.3750
1994-05-25,India,31.3725
1994-05-26,India,31.3725
1994-05-27,India,31.3750
1994-05-30,India,
1994-05-31,India,31.3725
1994-06-01,India,31.3800
1994-06-02,India,31.3725
1994-06-03,India,31.6600
1994-06-06,India,31.3700
1994-06-07,India,31.3725
1994-06-08,India,31.3700
1994-06-09,India,31.3725
1994-06-10,India,31.3700
1994-06-13,India,31.3725
1994-06-14,India,31.3725
1994-06-15,India,31.3700
1994-06-16,India,31.3700
1994-06-17,India,31.3700
1994-06-20,India,31.3700
1994-06-21,India,31.3725
1994-06-22,India,31.3700
1994-06-23,India,31.3725
1994-06-24,India,31.3700
1994-06-27,India,31.3700
1994-06-28,India,31.3700
1994-06-29,India,31.3725
1994-06-30,India,31.3700
1994-07-01,India,31.3725
1994-07-04,India,
1994-07-05,India,31.3725
1994-07-06,India,31.3825
1994-07-07,India,31.3775
1994-07-08,India,31.3750
1994-07-11,India,31.3750
1994-07-12,India,31.3700
1994-07-13,India,31.3700
1994-07-14,India,31.3725
1994-07-15,India,31.3675
1994-07-18,India,31.3700
1994-07-19,India,31.3725
1994-07-20,India,31.3725
1994-07-21,India,31.3775
1994-07-22,India,31.4500
1994-07-25,India,31.3700
1994-07-26,India,31.3700
1994-07-27,India,31.3675
1994-07-28,India,31.3700
1994-07-29,India,31.3725
1994-08-01,India,31.3725
1994-08-02,India,31.3725
1994-08-03,India,31.3750
1994-08-04,India,31.3750
1994-08-05,India,31.3750
1994-08-08,India,31.3700
1994-08-09,India,31.3725
1994-08-10,India,31.3725
1994-08-11,India,31.3700
1994-08-12,India,31.3725
1994-08-15,India,31.3750
1994-08-16,India,31.3725
1994-08-17,India,31.3700
1994-08-18,India,31.3725
1994-08-19,India,31.3750
1994-08-22,India,31.3675
1994-08-23,India,31.3675
1994-08-24,India,31.3775
1994-08-25,India,31.3725
1994-08-26,India,31.3725
1994-08-29,India,31.3775
1994-08-30,India,31.3725
1994-08-31,India,31.3725
1994-09-01,India,31.3750
1994-09-02,India,31.3725
1994-09-05,India,
1994-09-06,India,31.3725
1994-09-07,India,31.3750
1994-09-08,India,31.3725
1994-09-09,India,31.3750
1994-09-12,India,31.3725
1994-09-13,India,31.3725
1994-09-14,India,31.3725
1994-09-15,India,31.3750
1994-09-16,India,31.3700
1994-09-19,India,31.3725
1994-09-20,India,31.3700
1994-09-21,India,31.3750
1994-09-22,India,31.3750
1994-09-23,India,31.3725
1994-09-26,India,31.3700
1994-09-27,India,31.3725
1994-09-28,India,31.3700
1994-09-29,India,31.3675
1994-09-30,India,31.3675
1994-10-03,India,31.3700
1994-10-04,India,31.3750
1994-10-05,India,31.3700
1994-10-06,India,31.3750
1994-10-07,India,31.3725
1994-10-10,India,
1994-10-11,India,31.3700
1994-10-12,India,31.3700
1994-10-13,India,31.3700
1994-10-14,India,31.3725
1994-10-17,India,31.3700
1994-10-18,India,31.3725
1994-10-19,India,31.3725
1994-10-20,India,31.3725
1994-10-21,India,31.3725
1994-10-24,India,31.3700
1994-10-25,India,31.3700
1994-10-26,India,31.3725
1994-10-27,India,31.3850
1994-10-28,India,31.3700
1994-10-31,India,31.3800
1994-11-01,India,31.3900
1994-11-02,India,31.4300
1994-11-03,India,31.4050
1994-11-04,India,31.4100
1994-11-07,India,31.4350
1994-11-08,India,31.4200
1994-11-09,India,31.4250
1994-11-10,India,31.4350
1994-11-11,India,
1994-11-14,India,31.3850
1994-11-15,India,31.3750
1994-11-16,India,31.3725
1994-11-17,India,31.3725
1994-11-18,India,31.3725
1994-11-21,India,31.3700
1994-11-22,India,31.3675
1994-11-23,India,31.3725
1994-11-24,India,
1994-11-25,India,31.3775
1994-11-28,India,31.3750
1994-11-29,India,31.3900
1994-11-30,India,31.4000
1994-12-01,India,31.4225
1994-12-02,India,31.3900
1994-12-05,India,31.3950
1994-12-06,India,31.3850
1994-12-07,India,31.3750
1994-12-08,India,31.3725
1994-12-09,India,31.3725
1994-12-12,India,31.3725
1994-12-13,India,31.3725
1994-12-14,India,31.3700
1994-12-15,India,31.3725
1994-12-16,India,31.3750
1994-12-19,India,31.4050
1994-12-20,India,31.4100
1994-12-21,India,31.4025
1994-12-22,India,31.4050
1994-12-23,India,31.3925
1994-12-26,India,
1994-12-27,India,31.4125
1994-12-28,India,31.4100
1994-12-29,India,31.3925
1994-12-30,India,31.3725
1995-01-02,India,
1995-01-03,India,31.3725
1995-01-04,India,31.3700
1995-01-05,India,31.3675
1995-01-06,India,31.3700
1995-01-09,India,31.3725
1995-01-10,India,31.3700
1995-01-11,India,31.3675
1995-01-12,India,31.3700
1995-01-13,India,31.3675
1995-01-16,India,
1995-01-17,India,31.3750
1995-01-18,India,31.3700
1995-01-19,India,31.3725
1995-01-20,India,31.3725
1995-01-23,India,31.3750
1995-01-24,India,31.3775
1995-01-25,India,31.3900
1995-01-26,India,31.3750
1995-01-27,India,31.3800
1995-01-30,India,31.3800
1995-01-31,India,31.3775
1995-02-01,India,31.3725
1995-02-02,India,31.3750
1995-02-03,India,31.3825
1995-02-06,India,31.3700
1995-02-07,India,31.3725
1995-02-08,India,31.3675
1995-02-09,India,31.3750
1995-02-10,India,31.3750
1995-02-13,India,31.3725
1995-02-14,India,31.3700
1995-02-15,India,31.3750
1995-02-16,India,31.3650
1995-02-17,India,31.3700
1995-02-20,India,
1995-02-21,India,31.3875
1995-02-22,India,31.3775
1995-02-23,India,31.3825
1995-02-24,India,31.4000
1995-02-27,India,31.3950
1995-02-28,India,31.4250
1995-03-01,India,31.4150
1995-03-02,India,31.4850
1995-03-03,India,31.3650
1995-03-06,India,31.8300
1995-03-07,India,31.9000
1995-03-08,India,31.8100
1995-03-09,India,31.6850
1995-03-10,India,31.7800
1995-03-13,India,31.8005
1995-03-14,India,31.8350
1995-03-15,India,31.3850
1995-03-16,India,31.4550
1995-03-17,India,31.4050
1995-03-20,India,31.5000
1995-03-21,India,31.5050
1995-03-22,India,31.5650
1995-03-23,India,31.6000
1995-03-24,India,31.6200
1995-03-27,India,31.6150
1995-03-28,India,31.5500
1995-03-29,India,31.5000
1995-03-30,India,31.4550
1995-03-31,India,31.4300
1995-04-03,India,31.4700
1995-04-04,India,31.4100
1995-04-05,India,31.4450
1995-04-06,India,31.4300
1995-04-07,India,31.4100
1995-04-10,India,31.4000
1995-04-11,India,31.4000
1995-04-12,India,31.3900
1995-04-13,India,31.3600
1995-04-14,India,31.3600
1995-04-17,India,31.4100
1995-04-18,India,31.3950
1995-04-19,India,31.4000
1995-04-20,India,31.4400
1995-04-21,India,31.4250
1995-04-24,India,31.4000
1995-04-25,India,31.3800
1995-04-26,India,31.3800
1995-04-27,India,31.3900
1995-04-28,India,31.4500
1995-05-01,India,31.4400
1995-05-02,India,31.4320
1995-05-03,India,31.4300
1995-05-04,India,31.4200
1995-05-05,India,31.4200
1995-05-08,India,31.4000
1995-05-09,India,31.3900
1995-05-10,India,31.4350
1995-05-11,India,31.3800
1995-05-12,India,31.4400
1995-05-15,India,31.4500
1995-05-16,India,31.4500
1995-05-17,India,31.4400
1995-05-18,India,31.4400
1995-05-19,India,31.4200
1995-05-22,India,31.4070
1995-05-23,India,31.3870
1995-05-24,India,31.4000
1995-05-25,India,31.4100
1995-05-26,India,31.4000
1995-05-29,India,
1995-05-30,India,31.3725
1995-05-31,India,31.4300
1995-06-01,India,31.4200
1995-06-02,India,31.4400
1995-06-05,India,31.4000
1995-06-06,India,31.4000
1995-06-07,India,31.4120
1995-06-08,India,31.4100
1995-06-09,India,31.4200
1995-06-12,India,31.4200
1995-06-13,India,31.4000
1995-06-14,India,31.4000
1995-06-15,India,31.4000
1995-06-16,India,31.4000
1995-06-19,India,31.4000
1995-06-20,India,31.4000
1995-06-21,India,31.3900
1995-06-22,India,31.3800
1995-06-23,India,31.3900
1995-06-26,India,31.3770
1995-06-27,India,31.3750
1995-06-28,India,31.4070
1995-06-29,India,31.4300
1995-06-30,India,31.4100
1995-07-03,India,31.4100
1995-07-04,India,
1995-07-05,India,31.3800
1995-07-06,India,31.3800
1995-07-07,India,31.3900
1995-07-10,India,31.3720
1995-07-11,India,31.4020
1995-07-12,India,31.3700
1995-07-13,India,31.3720
1995-07-14,India,31.3700
1995-07-17,India,31.3800
1995-07-18,India,31.3800
1995-07-19,India,31.3900
1995-07-20,India,31.3800
1995-07-21,India,31.3700
1995-07-24,India,31.3800
1995-07-25,India,31.3770
1995-07-26,India,31.3900
1995-07-27,India,31.3870
1995-07-28,India,31.3950
1995-07-31,India,31.4300
1995-08-01,India,31.4200
1995-08-02,India,31.4200
1995-08-03,India,31.4170
1995-08-04,India,31.4200
1995-08-07,India,31.4400
1995-08-08,India,31.4500
1995-08-09,India,31.4700
1995-08-10,India,31.4500
1995-08-11,India,31.4570
1995-08-14,India,31.4950
1995-08-15,India,31.4900
1995-08-16,India,31.6200
1995-08-17,India,31.5950
1995-08-18,India,31.5900
1995-08-21,India,31.6200
1995-08-22,India,31.6300
1995-08-23,India,31.7000
1995-08-24,India,31.8200
1995-08-25,India,31.7200
1995-08-28,India,31.8500
1995-08-29,India,31.8500
1995-08-30,India,31.8300
1995-08-31,India,31.8700
1995-09-01,India,31.9250
1995-09-04,India,
1995-09-05,India,32.4000
1995-09-06,India,32.2900
1995-09-07,India,32.2100
1995-09-08,India,32.2600
1995-09-11,India,32.4700
1995-09-12,India,32.7100
1995-09-13,India,32.8900
1995-09-14,India,34.0500
1995-09-15,India,33.9000
1995-09-18,India,33.7800
1995-09-19,India,33.8900
1995-09-20,India,33.8400
1995-09-21,India,34.0000
1995-09-22,India,33.8200
1995-09-25,India,34.0000
1995-09-26,India,33.9200
1995-09-27,India,33.9100
1995-09-28,India,33.9900
1995-09-29,India,33.9400
1995-10-02,India,33.9200
1995-10-03,India,33.9000
1995-10-04,India,33.8200
1995-10-05,India,33.9100
1995-10-06,India,33.9100
1995-10-09,India,
1995-10-10,India,33.8900
1995-10-11,India,33.8700
1995-10-12,India,33.9650
1995-10-13,India,34.3500
1995-10-16,India,34.6000
1995-10-17,India,34.8500
1995-10-18,India,34.9100
1995-10-19,India,35.0900
1995-10-20,India,35.6500
1995-10-23,India,35.6500
1995-10-24,India,35.6000
1995-10-25,India,35.6000
1995-10-26,India,35.6000
1995-10-27,India,35.5000
1995-10-30,India,34.9000
1995-10-31,India,34.3000
1995-11-01,India,34.6000
1995-11-02,India,34.5000
1995-11-03,India,34.7000
1995-11-06,India,34.7700
1995-11-07,India,34.6100
1995-11-08,India,34.3500
1995-11-09,India,34.5300
1995-11-10,India,34.5600
1995-11-13,India,34.5700
1995-11-14,India,34.5900
1995-11-15,India,34.5800
1995-11-16,India,34.8100
1995-11-17,India,34.7100
1995-11-20,India,34.8200
1995-11-21,India,34.8200
1995-11-22,India,34.8300
1995-11-23,India,
1995-11-24,India,34.8800
1995-11-27,India,34.9300
1995-11-28,India,34.9300
1995-11-29,India,34.9100
1995-11-30,India,34.9100
1995-12-01,India,34.9300
1995-12-04,India,34.9200
1995-12-05,India,34.8700
1995-12-06,India,34.8400
1995-12-07,India,34.8400
1995-12-08,India,34.9300
1995-12-11,India,34.8400
1995-12-12,India,34.8800
1995-12-13,India,34.9600
1995-12-14,India,34.9750
1995-12-15,India,34.9700
1995-12-18,India,34.9900
1995-12-19,India,34.9800
1995-12-20,India,34.9800
1995-12-21,India,35.0300
1995-12-22,India,34.9900
1995-12-25,India,
1995-12-26,India,35.0100
1995-12-27,India,35.0700
1995-12-28,India,35.1400
1995-12-29,India,35.1800
1996-01-01,India,
1996-01-02,India,35.2100
1996-01-03,India,35.2200
1996-01-04,India,35.3200
1996-01-05,India,35.4400
1996-01-08,India,35.8500
1996-01-09,India,35.8700
1996-01-10,India,35.8000
1996-01-11,India,35.8100
1996-01-12,India,35.7800
1996-01-15,India,
1996-01-16,India,35.9100
1996-01-17,India,35.8600
1996-01-18,India,35.8950
1996-01-19,India,35.9100
1996-01-22,India,35.8500
1996-01-23,India,35.7600
1996-01-24,India,35.8400
1996-01-25,India,36.0600
1996-01-26,India,36.0700
1996-01-29,India,35.9900
1996-01-30,India,36.1400
1996-01-31,India,36.4600
1996-02-01,India,36.6100
1996-02-02,India,36.8000
1996-02-05,India,38.0500
1996-02-06,India,37.7500
1996-02-07,India,37.3000
1996-02-08,India,37.2000
1996-02-09,India,36.9500
1996-02-12,India,36.9700
1996-02-13,India,36.7600
1996-02-14,India,36.5200
1996-02-15,India,36.5300
1996-02-16,India,36.5500
1996-02-19,India,
1996-02-20,India,36.5600
1996-02-21,India,36.6300
1996-02-22,India,36.8000
1996-02-23,India,36.2800
1996-02-26,India,35.9200
1996-02-27,India,35.5700
1996-02-28,India,35.2900
1996-02-29,India,34.8500
1996-03-01,India,34.6000
1996-03-04,India,34.5500
1996-03-05,India,34.3000
1996-03-06,India,34.1200
1996-03-07,India,34.2500
1996-03-08,India,34.2000
1996-03-11,India,34.2500
1996-03-12,India,34.1300
1996-03-13,India,34.2100
1996-03-14,India,34.1500
1996-03-15,India,34.4800
1996-03-18,India,35.2000
1996-03-19,India,35.3500
1996-03-20,India,35.5000
1996-03-21,India,35.0000
1996-03-22,India,34.6000
1996-03-25,India,34.1000
1996-03-26,India,34.1000
1996-03-27,India,34.5500
1996-03-28,India,34.2000
1996-03-29,India,34.3500
1996-04-01,India,34.2500
1996-04-02,India,34.3500
1996-04-03,India,34.2000
1996-04-04,India,34.5000
1996-04-05,India,34.2000
1996-04-08,India,34.1500
1996-04-09,India,34.1500
1996-04-10,India,34.2500
1996-04-11,India,34.3000
1996-04-12,India,34.2500
1996-04-15,India,34.5000
1996-04-16,India,34.4000
1996-04-17,India,34.2500
1996-04-18,India,34.3000
1996-04-19,India,34.2500
1996-04-22,India,34.2000
1996-04-23,India,34.3000
1996-04-24,India,34.2500
1996-04-25,India,34.3500
1996-04-26,India,34.3500
1996-04-29,India,34.2800
1996-04-30,India,35.0000
1996-05-01,India,34.8000
1996-05-02,India,34.7500
1996-05-03,India,34.6500
1996-05-06,India,34.6500
1996-05-07,India,34.4500
1996-05-08,India,34.7000
1996-05-09,India,35.2000
1996-05-10,India,35.3500
1996-05-13,India,35.4000
1996-05-14,India,35.0000
1996-05-15,India,34.9000
1996-05-16,India,35.0000
1996-05-17,India,35.1000
1996-05-20,India,35.1000
1996-05-21,India,35.2000
1996-05-22,India,35.0500
1996-05-23,India,35.1000
1996-05-24,India,35.2500
1996-05-27,India,
1996-05-28,India,35.1800
1996-05-29,India,35.2500
1996-05-30,India,35.2400
1996-05-31,India,35.2300
1996-06-03,India,35.1000
1996-06-04,India,35.1000
1996-06-05,India,35.0600
1996-06-06,India,35.0000
1996-06-07,India,35.0000
1996-06-10,India,35.0000
1996-06-11,India,35.0500
1996-06-12,India,35.0500
1996-06-13,India,35.1000
1996-06-14,India,35.1000
1996-06-17,India,35.1000
1996-06-18,India,35.1500
1996-06-19,India,35.1000
1996-06-20,India,35.1000
1996-06-21,India,35.0500
1996-06-24,India,35.1000
1996-06-25,India,35.1000
1996-06-26,India,35.1000
1996-06-27,India,35.2000
1996-06-28,India,35.4300
1996-07-01,India,35.1000
1996-07-02,India,35.1500
1996-07-03,India,35.1500
1996-07-04,India,
1996-07-05,India,35.2000
1996-07-08,India,35.4500
1996-07-09,India,35.4000
1996-07-10,India,35.4500
1996-07-11,India,35.6000
1996-07-12,India,35.6000
1996-07-15,India,35.7000
1996-07-16,India,35.9500
1996-07-17,India,36.0000
1996-07-18,India,35.8300
1996-07-19,India,35.8000
1996-07-22,India,35.7500
1996-07-23,India,35.8000
1996-07-24,India,35.7500
1996-07-25,India,35.8500
1996-07-26,India,35.8000
1996-07-29,India,35.8000
1996-07-30,India,36.8500
1996-07-31,India,35.7000
1996-08-01,India,35.6500
1996-08-02,India,35.5500
1996-08-05,India,35.8000
1996-08-06,India,35.8000
1996-08-07,India,35.8000
1996-08-08,India,35.9500
1996-08-09,India,35.9000
1996-08-12,India,35.8000
1996-08-13,India,35.8000
1996-08-14,India,35.8000
1996-08-15,India,35.8000
1996-08-16,India,35.8000
1996-08-19,India,35.8000
1996-08-20,India,35.8000
1996-08-21,India,35.7000
1996-08-22,India,35.8000
1996-08-23,India,35.8000
1996-08-26,India,35.8500
1996-08-27,India,35.8500
1996-08-28,India,35.8500
1996-08-29,India,35.8500
1996-08-30,India,35.8500
1996-09-02,India,
1996-09-03,India,35.7500
1996-09-04,India,35.9500
1996-09-05,India,35.9500
1996-09-06,India,35.8500
1996-09-09,India,35.8500
1996-09-10,India,35.8500
1996-09-11,India,35.8500
1996-09-12,India,35.9500
1996-09-13,India,35.8500
1996-09-16,India,35.9000
1996-09-17,India,35.9000
1996-09-18,India,35.9000
1996-09-19,India,35.8500
1996-09-20,India,35.9000
1996-09-23,India,35.8500
1996-09-24,India,35.8500
1996-09-25,India,35.8500
1996-09-26,India,35.8500
1996-09-27,India,35.8500
1996-09-30,India,35.8500
1996-10-01,India,35.8500
1996-10-02,India,35.8500
1996-10-03,India,35.8000
1996-10-04,India,35.8000
1996-10-07,India,35.8500
1996-10-08,India,35.8500
1996-10-09,India,35.8500
1996-10-10,India,35.8500
1996-10-11,India,35.7000
1996-10-14,India,
1996-10-15,India,35.7500
1996-10-16,India,35.7500
1996-10-17,India,35.8000
1996-10-18,India,35.7300
1996-10-21,India,35.8500
1996-10-22,India,35.8500
1996-10-23,India,35.6500
1996-10-24,India,35.7500
1996-10-25,India,35.7500
1996-10-28,India,35.8000
1996-10-29,India,35.8500
1996-10-30,India,35.8500
1996-10-31,India,35.9000
1996-11-01,India,35.8400
1996-11-04,India,35.7500
1996-11-05,India,35.7400
1996-11-06,India,35.8500
1996-11-07,India,35.8500
1996-11-08,India,36.1200
1996-11-11,India,
1996-11-12,India,35.9000
1996-11-13,India,35.9000
1996-11-14,India,36.0000
1996-11-15,India,35.9500
1996-11-18,India,35.8500
1996-11-19,India,35.7570
1996-11-20,India,35.7000
1996-11-21,India,35.7500
1996-11-22,India,35.7500
1996-11-25,India,35.8500
1996-11-26,India,35.9000
1996-11-27,India,35.7400
1996-11-28,India,
1996-11-29,India,35.7470
1996-12-02,India,35.8000
1996-12-03,India,35.7500
1996-12-04,India,35.8300
1996-12-05,India,35.8700
1996-12-06,India,35.9000
1996-12-09,India,35.9220
1996-12-10,India,35.9100
1996-12-11,India,35.9000
1996-12-12,India,35.9000
1996-12-13,India,35.9000
1996-12-16,India,35.8900
1996-12-17,India,35.8500
1996-12-18,India,35.9500
1996-12-19,India,35.9200
1996-12-20,India,35.8900
1996-12-23,India,35.8800
1996-12-24,India,35.8500
1996-12-25,India,
1996-12-26,India,35.8500
1996-12-27,India,35.8500
1996-12-30,India,35.9500
1996-12-31,India,35.9500
1997-01-01,India,
1997-01-02,India,36.0000
1997-01-03,India,35.9500
1997-01-06,India,35.9300
1997-01-07,India,35.9700
1997-01-08,India,35.9500
1997-01-09,India,35.8970
1997-01-10,India,35.9000
1997-01-13,India,35.9000
1997-01-14,India,35.9000
1997-01-15,India,35.8800
1997-01-16,India,35.8800
1997-01-17,India,35.8900
1997-01-20,India,
1997-01-21,India,35.9000
1997-01-22,India,35.9000
1997-01-23,India,35.8800
1997-01-24,India,35.8200
1997-01-27,India,35.9000
1997-01-28,India,35.9000
1997-01-29,India,35.9000
1997-01-30,India,35.8300
1997-01-31,India,35.9000
1997-02-03,India,35.8800
1997-02-04,India,35.8700
1997-02-05,India,35.8800
1997-02-06,India,35.9000
1997-02-07,India,35.8800
1997-02-10,India,35.8900
1997-02-11,India,35.8900
1997-02-12,India,35.8400
1997-02-13,India,35.9500
1997-02-14,India,35.8900
1997-02-17,India,
1997-02-18,India,35.9000
1997-02-19,India,35.9000
1997-02-20,India,35.8800
1997-02-21,India,35.9000
1997-02-24,India,35.9000
1997-02-25,India,35.9000
1997-02-26,India,35.8600
1997-02-27,India,35.9000
1997-02-28,India,35.9100
1997-03-03,India,35.8600
1997-03-04,India,35.8950
1997-03-05,India,35.8800
1997-03-06,India,35.8800
1997-03-07,India,35.8700
1997-03-10,India,35.9000
1997-03-11,India,35.8600
1997-03-12,India,35.8500
1997-03-13,India,35.8700
1997-03-14,India,35.8500
1997-03-17,India,35.8900
1997-03-18,India,35.8900
1997-03-19,India,35.9000
1997-03-20,India,35.9100
1997-03-21,India,35.9000
1997-03-24,India,35.8850
1997-03-25,India,35.9000
1997-03-26,India,35.9000
1997-03-27,India,35.9000
1997-03-28,India,35.9100
1997-03-31,India,35.8800
1997-04-01,India,35.8900
1997-04-02,India,35.9000
1997-04-03,India,35.8700
1997-04-04,India,35.8800
1997-04-07,India,35.8800
1997-04-08,India,35.8900
1997-04-09,India,35.8600
1997-04-10,India,35.8500
1997-04-11,India,35.8800
1997-04-14,India,35.8500
1997-04-15,India,35.8370
1997-04-16,India,35.8000
1997-04-17,India,35.8300
1997-04-18,India,35.8000
1997-04-21,India,35.7800
1997-04-22,India,35.7900
1997-04-23,India,35.7600
1997-04-24,India,35.7700
1997-04-25,India,35.7820
1997-04-28,India,35.7700
1997-04-29,India,35.7700
1997-04-30,India,35.7800
1997-05-01,India,35.7700
1997-05-02,India,35.7600
1997-05-05,India,35.8000
1997-05-06,India,35.8600
1997-05-07,India,35.8890
1997-05-08,India,35.8720
1997-05-09,India,35.8600
1997-05-12,India,35.8600
1997-05-13,India,35.8600
1997-05-14,India,35.8550
1997-05-15,India,35.8400
1997-05-16,India,35.8400
1997-05-19,India,35.8200
1997-05-20,India,35.7950
1997-05-21,India,35.8100
1997-05-22,India,35.7900
1997-05-23,India,35.7600
1997-05-26,India,
1997-05-27,India,35.8400
1997-05-28,India,35.8200
1997-05-29,India,35.8200
1997-05-30,India,35.8000
1997-06-02,India,35.8300
1997-06-03,India,35.8200
1997-06-04,India,35.7970
1997-06-05,India,35.7550
1997-06-06,India,35.8000
1997-06-09,India,35.8000
1997-06-10,India,35.8000
1997-06-11,India,35.8270
1997-06-12,India,35.8500
1997-06-13,India,35.8300
1997-06-16,India,35.8300
1997-06-17,India,35.8200
1997-06-18,India,35.7900
1997-06-19,India,35.8450
1997-06-20,India,35.8300
1997-06-23,India,35.8300
1997-06-24,India,35.8400
1997-06-25,India,35.8200
1997-06-26,India,35.8300
1997-06-27,India,35.8300
1997-06-30,India,35.8500
1997-07-01,India,35.8300
1997-07-02,India,35.8000
1997-07-03,India,35.7900
1997-07-04,India,
1997-07-07,India,35.8200
1997-07-08,India,35.8000
1997-07-09,India,35.7800
1997-07-10,India,35.7700
1997-07-11,India,35.7300
1997-07-14,India,35.7500
1997-07-15,India,35.7300
1997-07-16,India,35.7300
1997-07-17,India,35.7200
1997-07-18,India,35.7100
1997-07-21,India,35.7200
1997-07-22,India,35.7100
1997-07-23,India,35.7100
1997-07-24,India,35.7100
1997-07-25,India,35.7050
1997-07-28,India,35.7500
1997-07-29,India,35.7370
1997-07-30,India,35.7200
1997-07-31,India,35.7200
1997-08-01,India,35.8000
1997-08-04,India,35.8000
1997-08-05,India,35.7370
1997-08-06,India,35.7350
1997-08-07,India,35.7270
1997-08-08,India,35.7400
1997-08-11,India,35.7270
1997-08-12,India,35.7300
1997-08-13,India,35.7320
1997-08-14,India,35.7400
1997-08-15,India,35.8100
1997-08-18,India,35.7400
1997-08-19,India,35.7300
1997-08-20,India,36.2000
1997-08-21,India,36.3000
1997-08-22,India,36.4000
1997-08-25,India,36.6000
1997-08-26,India,36.5000
1997-08-27,India,36.5000
1997-08-28,India,36.4500
1997-08-29,India,36.4800
1997-09-01,India,
1997-09-02,India,36.5700
1997-09-03,India,36.4800
1997-09-04,India,36.5100
1997-09-05,India,37.0000
1997-09-08,India,36.5600
1997-09-09,India,36.6600
1997-09-10,India,36.4700
1997-09-11,India,36.6500
1997-09-12,India,36.6000
1997-09-15,India,36.4600
1997-09-16,India,36.6500
1997-09-17,India,36.4600
1997-09-18,India,36.4000
1997-09-19,India,36.5000
1997-09-22,India,36.4000
1997-09-23,India,36.4000
1997-09-24,India,36.3000
1997-09-25,India,36.2500
1997-09-26,India,36.2500
1997-09-29,India,36.2270
1997-09-30,India,36.1900
1997-10-01,India,36.2000
1997-10-02,India,37.0000
1997-10-03,India,36.2500
1997-10-06,India,36.2000
1997-10-07,India,36.2500
1997-10-08,India,36.2500
1997-10-09,India,36.2200
1997-10-10,India,36.2500
1997-10-13,India,
1997-10-14,India,36.3000
1997-10-15,India,36.2570
1997-10-16,India,36.2350
1997-10-17,India,36.2370
1997-10-20,India,36.2500
1997-10-21,India,36.2500
1997-10-22,India,36.2000
1997-10-23,India,36.3000
1997-10-24,India,36.3000
1997-10-27,India,36.3400
1997-10-28,India,36.3000
1997-10-29,India,36.3450
1997-10-30,India,36.3200
1997-10-31,India,36.3900
1997-11-03,India,36.4050
1997-11-04,India,36.4000
1997-11-05,India,36.4000
1997-11-06,India,36.5000
1997-11-07,India,36.5500
1997-11-10,India,36.6400
1997-11-11,India,
1997-11-12,India,36.7600
1997-11-13,India,36.8000
1997-11-14,India,36.8000
1997-11-17,India,36.9400
1997-11-18,India,37.6000
1997-11-19,India,37.6000
1997-11-20,India,37.5400
1997-11-21,India,37.8300
1997-11-24,India,38.3200
1997-11-25,India,38.2650
1997-11-26,India,38.7500
1997-11-27,India,
1997-11-28,India,39.1000
1997-12-01,India,39.4500
1997-12-02,India,39.5000
1997-12-03,India,39.4500
1997-12-04,India,39.1500
1997-12-05,India,39.0000
1997-12-08,India,38.9950
1997-12-09,India,39.1500
1997-12-10,India,39.1500
1997-12-11,India,39.6000
1997-12-12,India,39.6000
1997-12-15,India,39.5750
1997-12-16,India,40.0000
1997-12-17,India,40.0000
1997-12-18,India,40.0000
1997-12-19,India,40.0000
1997-12-22,India,39.0600
1997-12-23,India,39.0100
1997-12-24,India,39.0000
1997-12-25,India,
1997-12-26,India,39.3000
1997-12-29,India,39.1600
1997-12-30,India,39.3500
1997-12-31,India,39.3000
1998-01-01,India,
1998-01-02,India,39.4000
1998-01-05,India,39.4800
1998-01-06,India,39.5500
1998-01-07,India,39.7600
1998-01-08,India,39.8000
1998-01-09,India,39.9500
1998-01-12,India,39.9700
1998-01-13,India,40.0000
1998-01-14,India,40.3000
1998-01-15,India,40.4000
1998-01-16,India,40.0000
1998-01-19,India,
1998-01-20,India,39.2000
1998-01-21,India,38.9000
1998-01-22,India,38.9000
1998-01-23,India,38.8500
1998-01-26,India,38.4100
1998-01-27,India,38.4500
1998-01-28,India,38.9000
1998-01-29,India,38.8000
1998-01-30,India,38.8000
1998-02-02,India,38.9500
1998-02-03,India,38.9000
1998-02-04,India,38.8500
1998-02-05,India,38.8500
1998-02-06,India,38.8500
1998-02-09,India,38.5600
1998-02-10,India,38.9000
1998-02-11,India,38.7900
1998-02-12,India,38.8500
1998-02-13,India,38.8500
1998-02-16,India,
1998-02-17,India,38.9500
1998-02-18,India,38.9000
1998-02-19,India,38.9000
1998-02-20,India,39.3900
1998-02-23,India,39.3000
1998-02-24,India,39.3500
1998-02-25,India,39.2600
1998-02-26,India,39.3000
1998-02-27,India,39.4500
1998-03-02,India,39.6000
1998-03-03,India,39.5300
1998-03-04,India,39.5400
1998-03-05,India,39.5400
1998-03-06,India,39.5500
1998-03-09,India,39.4550
1998-03-10,India,39.5500
1998-03-11,India,39.5300
1998-03-12,India,39.5500
1998-03-13,India,39.8000
1998-03-16,India,39.5750
1998-03-17,India,39.5500
1998-03-18,India,39.6500
1998-03-19,India,39.6800
1998-03-20,India,39.5500
1998-03-23,India,39.5400
1998-03-24,India,39.5800
1998-03-25,India,39.6000
1998-03-26,India,39.5500
1998-03-27,India,39.5100
1998-03-30,India,39.5500
1998-03-31,India,39.5300
1998-04-01,India,39.5500
1998-04-02,India,39.5500
1998-04-03,India,39.5600
1998-04-06,India,39.5800
1998-04-07,India,39.7400
1998-04-08,India,39.4090
1998-04-09,India,39.8000
1998-04-10,India,39.9000
1998-04-13,India,39.7000
1998-04-14,India,39.6500
1998-04-15,India,39.7200
1998-04-16,India,39.7400
1998-04-17,India,39.7300
1998-04-20,India,39.7100
1998-04-21,India,39.8000
1998-04-22,India,39.7500
1998-04-23,India,39.7800
1998-04-24,India,39.7200
1998-04-27,India,39.7500
1998-04-28,India,39.8050
1998-04-29,India,39.7800
1998-04-30,India,39.7400
1998-05-01,India,39.8200
1998-05-04,India,39.7500
1998-05-05,India,39.8000
1998-05-06,India,39.8400
1998-05-07,India,39.8000
1998-05-08,India,39.8050
1998-05-11,India,39.7900
1998-05-12,India,39.8500
1998-05-13,India,39.8500
1998-05-14,India,40.6500
1998-05-15,India,40.6500
1998-05-18,India,40.5700
1998-05-19,India,40.5720
1998-05-20,India,40.5300
1998-05-21,India,40.5460
1998-05-22,India,40.7000
1998-05-25,India,
1998-05-26,India,41.3000
1998-05-27,India,41.4500
1998-05-28,India,42.3500
1998-05-29,India,41.7500
1998-06-01,India,41.8500
1998-06-02,India,41.8700
1998-06-03,India,41.8000
1998-06-04,India,41.9500
1998-06-05,India,41.8500
1998-06-08,India,41.8600
1998-06-09,India,42.4500
1998-06-10,India,42.4500
1998-06-11,India,42.4500
1998-06-12,India,42.2000
1998-06-15,India,42.4000
1998-06-16,India,42.3500
1998-06-17,India,42.2500
1998-06-18,India,42.3000
1998-06-19,India,42.6000
1998-06-22,India,42.8000
1998-06-23,India,42.9500
1998-06-24,India,42.8500
1998-06-25,India,42.8500
1998-06-26,India,42.9000
1998-06-29,India,42.5900
1998-06-30,India,42.5000
1998-07-01,India,42.3500
1998-07-02,India,42.7500
1998-07-03,India,42.6000
1998-07-06,India,42.5600
1998-07-07,India,42.6000
1998-07-08,India,42.7500
1998-07-09,India,42.7500
1998-07-10,India,42.6000
1998-07-13,India,42.7000
1998-07-14,India,42.6500
1998-07-15,India,42.7500
1998-07-16,India,42.7500
1998-07-17,India,42.5500
1998-07-20,India,42.5500
1998-07-21,India,42.4900
1998-07-22,India,42.4700
1998-07-23,India,42.5500
1998-07-24,India,42.6320
1998-07-27,India,42.6000
1998-07-28,India,42.6500
1998-07-29,India,42.5500
1998-07-30,India,42.6200
1998-07-31,India,42.6000
1998-08-03,India,42.6000
1998-08-04,India,42.5700
1998-08-05,India,42.6000
1998-08-06,India,42.5600
1998-08-07,India,42.7000
1998-08-10,India,42.7500
1998-08-11,India,43.0000
1998-08-12,India,43.0500
1998-08-13,India,43.0500
1998-08-14,India,43.2300
1998-08-17,India,43.2800
1998-08-18,India,43.4000
1998-08-19,India,43.6000
1998-08-20,India,42.9000
1998-08-21,India,42.7000
1998-08-24,India,42.6000
1998-08-25,India,42.5600
1998-08-26,India,42.5500
1998-08-27,India,42.6500
1998-08-28,India,42.7000
1998-08-31,India,42.6500
1998-09-01,India,42.6500
1998-09-02,India,42.5800
1998-09-03,India,42.6000
1998-09-04,India,42.6550
1998-09-07,India,
1998-09-08,India,42.6000
1998-09-09,India,42.6000
1998-09-10,India,42.6000
1998-09-11,India,42.5700
1998-09-14,India,42.6000
1998-09-15,India,42.5500
1998-09-16,India,42.5500
1998-09-17,India,42.5500
1998-09-18,India,42.5850
1998-09-21,India,42.5500
1998-09-22,India,42.6000
1998-09-23,India,42.6300
1998-09-24,India,42.5500
1998-09-25,India,42.5500
1998-09-28,India,42.5600
1998-09-29,India,42.5500
1998-09-30,India,42.4800
1998-10-01,India,42.5000
1998-10-02,India,42.4500
1998-10-05,India,42.5000
1998-10-06,India,42.4500
1998-10-07,India,42.4000
1998-10-08,India,42.4000
1998-10-09,India,42.4000
1998-10-12,India,
1998-10-13,India,42.4000
1998-10-14,India,42.3500
1998-10-15,India,42.3300
1998-10-16,India,42.3500
1998-10-19,India,42.3500
1998-10-20,India,42.3400
1998-10-21,India,42.3400
1998-10-22,India,42.3200
1998-10-23,India,42.3500
1998-10-26,India,42.4000
1998-10-27,India,42.4000
1998-10-28,India,42.3500
1998-10-29,India,42.4500
1998-10-30,India,42.4500
1998-11-02,India,42.3500
1998-11-03,India,42.4000
1998-11-04,India,42.3300
1998-11-05,India,42.3900
1998-11-06,India,42.3000
1998-11-09,India,42.3200
1998-11-10,India,42.3300
1998-11-11,India,
1998-11-12,India,42.3700
1998-11-13,India,42.3900
1998-11-16,India,42.4100
1998-11-17,India,42.5000
1998-11-18,India,42.5000
1998-11-19,India,42.5000
1998-11-20,India,42.4500
1998-11-23,India,42.4400
1998-11-24,India,42.4800
1998-11-25,India,42.4300
1998-11-26,India,
1998-11-27,India,42.6000
1998-11-30,India,42.6500
1998-12-01,India,42.6100
1998-12-02,India,42.6100
1998-12-03,India,42.5600
1998-12-04,India,42.5800
1998-12-07,India,42.5900
1998-12-08,India,42.6200
1998-12-09,India,42.6000
1998-12-10,India,42.6100
1998-12-11,India,42.6100
1998-12-14,India,42.6000
1998-12-15,India,42.6000
1998-12-16,India,42.6000
1998-12-17,India,42.6200
1998-12-18,India,42.6000
1998-12-21,India,42.5800
1998-12-22,India,42.5800
1998-12-23,India,42.5500
1998-12-24,India,42.6000
1998-12-25,India,
1998-12-28,India,42.5800
1998-12-29,India,42.6000
1998-12-30,India,42.5800
1998-12-31,India,42.5200
1999-01-01,India,
1999-01-04,India,42.6000
1999-01-05,India,42.5600
1999-01-06,India,42.5500
1999-01-07,India,42.5500
1999-01-08,India,42.5500
1999-01-11,India,42.5500
1999-01-12,India,42.5500
1999-01-13,India,42.5300
1999-01-14,India,42.5500
1999-01-15,India,42.5000
1999-01-18,India,
1999-01-19,India,42.5500
1999-01-20,India,42.5500
1999-01-21,India,42.5400
1999-01-22,India,42.5500
1999-01-25,India,42.5500
1999-01-26,India,42.5200
1999-01-27,India,42.5200
1999-01-28,India,42.5500
1999-01-29,India,42.5400
1999-02-01,India,42.5500
1999-02-02,India,42.5400
1999-02-03,India,42.5000
1999-02-04,India,42.5200
1999-02-05,India,42.5000
1999-02-08,India,42.5000
1999-02-09,India,42.5000
1999-02-10,India,42.4500
1999-02-11,India,42.5100
1999-02-12,India,42.6000
1999-02-15,India,
1999-02-16,India,42.5100
1999-02-17,India,42.5000
1999-02-18,India,42.5100
1999-02-19,India,42.4700
1999-02-22,India,42.4300
1999-02-23,India,42.4800
1999-02-24,India,42.6000
1999-02-25,India,42.6000
1999-02-26,India,42.8300
1999-03-01,India,42.5400
1999-03-02,India,42.5800
1999-03-03,India,42.5800
1999-03-04,India,42.5500
1999-03-05,India,42.5500
1999-03-08,India,42.5600
1999-03-09,India,42.5300
1999-03-10,India,42.5000
1999-03-11,India,42.4800
1999-03-12,India,42.5200
1999-03-15,India,42.5000
1999-03-16,India,42.5000
1999-03-17,India,42.5000
1999-03-18,India,42.5000
1999-03-19,India,42.5000
1999-03-22,India,42.5000
1999-03-23,India,42.5000
1999-03-24,India,42.5000
1999-03-25,India,42.5000
1999-03-26,India,42.5000
1999-03-29,India,42.4800
1999-03-30,India,42.5000
1999-03-31,India,42.5000
1999-04-01,India,42.5000
1999-04-02,India,42.5000
1999-04-05,India,42.5000
1999-04-06,India,42.7500
1999-04-07,India,42.7500
1999-04-08,India,42.7600
1999-04-09,India,42.7800
1999-04-12,India,42.7700
1999-04-13,India,42.9000
1999-04-14,India,42.8500
1999-04-15,India,42.9000
1999-04-16,India,42.7500
1999-04-19,India,42.9500
1999-04-20,India,42.9000
1999-04-21,India,42.9000
1999-04-22,India,42.8100
1999-04-23,India,42.8500
1999-04-26,India,42.9000
1999-04-27,India,42.9100
1999-04-28,India,42.9000
1999-04-29,India,42.8600
1999-04-30,India,42.8400
1999-05-03,India,42.8500
1999-05-04,India,42.8000
1999-05-05,India,42.8000
1999-05-06,India,42.8000
1999-05-07,India,42.8000
1999-05-10,India,42.8000
1999-05-11,India,42.8000
1999-05-12,India,42.8000
1999-05-13,India,42.8000
1999-05-14,India,42.8300
1999-05-17,India,42.7600
1999-05-18,India,42.7700
1999-05-19,India,42.8000
1999-05-20,India,42.8000
1999-05-21,India,42.8000
1999-05-24,India,42.8000
1999-05-25,India,42.8000
1999-05-26,India,42.9500
1999-05-27,India,43.4500
1999-05-28,India,43.1700
1999-05-31,India,
1999-06-01,India,43.0000
1999-06-02,India,43.0000
1999-06-03,India,43.0000
1999-06-04,India,43.0000
1999-06-07,India,43.0500
1999-06-08,India,43.0500
1999-06-09,India,43.0700
1999-06-10,India,43.1500
1999-06-11,India,43.0600
1999-06-14,India,43.2500
1999-06-15,India,43.4500
1999-06-16,India,43.2000
1999-06-17,India,43.2000
1999-06-18,India,43.1600
1999-06-21,India,43.1700
1999-06-22,India,43.3000
1999-06-23,India,43.2700
1999-06-24,India,43.4500
1999-06-25,India,43.4500
1999-06-28,India,43.4500
1999-06-29,India,43.5000
1999-06-30,India,43.4500
1999-07-01,India,43.3500
1999-07-02,India,43.4500
1999-07-05,India,
1999-07-06,India,43.4000
1999-07-07,India,43.4500
1999-07-08,India,43.5000
1999-07-09,India,43.3500
1999-07-12,India,43.3000
1999-07-13,India,43.3500
1999-07-14,India,43.3500
1999-07-15,India,43.2600
1999-07-16,India,43.3500
1999-07-19,India,43.2500
1999-07-20,India,43.2600
1999-07-21,India,43.3500
1999-07-22,India,43.3500
1999-07-23,India,43.2800
1999-07-26,India,43.2800
1999-07-27,India,43.4000
1999-07-28,India,43.3300
1999-07-29,India,43.4300
1999-07-30,India,43.4500
1999-08-02,India,43.3800
1999-08-03,India,43.3800
1999-08-04,India,43.4000
1999-08-05,India,43.4500
1999-08-06,India,43.4800
1999-08-09,India,43.3500
1999-08-10,India,43.4500
1999-08-11,India,43.4700
1999-08-12,India,43.5000
1999-08-13,India,43.5200
1999-08-16,India,43.5000
1999-08-17,India,43.5400
1999-08-18,India,43.5500
1999-08-19,India,43.5900
1999-08-20,India,43.5900
1999-08-23,India,43.5300
1999-08-24,India,43.6500
1999-08-25,India,43.5500
1999-08-26,India,43.5500
1999-08-27,India,43.5300
1999-08-30,India,43.5600
1999-08-31,India,43.5500
1999-09-01,India,43.5500
1999-09-02,India,43.6000
1999-09-03,India,43.5700
1999-09-06,India,
1999-09-07,India,43.5800
1999-09-08,India,43.5700
1999-09-09,India,43.5800
1999-09-10,India,43.5500
1999-09-13,India,43.5800
1999-09-14,India,43.6000
1999-09-15,India,43.6000
1999-09-16,India,43.6100
1999-09-17,India,43.6100
1999-09-20,India,43.6100
1999-09-21,India,43.6300
1999-09-22,India,43.5800
1999-09-23,India,43.5900
1999-09-24,India,43.5900
1999-09-27,India,43.5900
1999-09-28,India,43.6800
1999-09-29,India,43.7000
1999-09-30,India,43.5900
1999-10-01,India,43.7300
1999-10-04,India,43.7300
1999-10-05,India,43.7300
1999-10-06,India,43.7000
1999-10-07,India,43.6500
1999-10-08,India,43.5500
1999-10-11,India,
1999-10-12,India,43.5500
1999-10-13,India,43.5600
1999-10-14,India,43.5500
1999-10-15,India,43.5600
1999-10-18,India,43.5200
1999-10-19,India,43.4000
1999-10-20,India,43.5000
1999-10-21,India,43.5000
1999-10-22,India,43.5000
1999-10-25,India,43.3850
1999-10-26,India,43.4000
1999-10-27,India,43.5200
1999-10-28,India,43.5100
1999-10-29,India,43.5100
1999-11-01,India,43.5100
1999-11-02,India,43.4500
1999-11-03,India,43.4600
1999-11-04,India,43.4500
1999-11-05,India,43.4500
1999-11-08,India,43.4600
1999-11-09,India,43.4600
1999-11-10,India,43.4500
1999-11-11,India,
1999-11-12,India,43.4500
1999-11-15,India,43.4500
1999-11-16,India,43.4700
1999-11-17,India,43.4500
1999-11-18,India,43.4500
1999-11-19,India,43.4600
1999-11-22,India,43.4500
1999-11-23,India,43.4500
1999-11-24,India,43.4500
1999-11-25,India,
1999-11-26,India,43.4800
1999-11-29,India,43.4300
1999-11-30,India,43.4800
1999-12-01,India,43.4500
1999-12-02,India,43.4500
1999-12-03,India,43.4500
1999-12-06,India,43.4300
1999-12-07,India,43.5000
1999-12-08,India,43.5000
1999-12-09,India,43.5000
1999-12-10,India,43.5000
1999-12-13,India,43.5700
1999-12-14,India,43.6000
1999-12-15,India,43.5400
1999-12-16,India,43.5500
1999-12-17,India,43.5500
1999-12-20,India,43.5500
1999-12-21,India,43.5500
1999-12-22,India,43.5500
1999-12-23,India,43.5500
1999-12-24,India,43.5500
1999-12-27,India,43.5500
1999-12-28,India,43.5500
1999-12-29,India,43.5500
1999-12-30,India,43.5500
1999-12-31,India,43.5100
2000-01-03,India,43.5500
2000-01-04,India,43.5500
2000-01-05,India,43.5500
2000-01-06,India,43.5500
2000-01-07,India,43.5500
2000-01-10,India,43.5500
2000-01-11,India,43.6000
2000-01-12,India,43.6000
2000-01-13,India,43.5500
2000-01-14,India,43.5500
2000-01-17,India,
2000-01-18,India,43.6000
2000-01-19,India,43.6000
2000-01-20,India,43.6000
2000-01-21,India,43.6000
2000-01-24,India,43.6200
2000-01-25,India,43.5900
2000-01-26,India,43.6500
2000-01-27,India,43.6300
2000-01-28,India,43.6500
2000-01-31,India,43.6500
2000-02-01,India,43.6200
2000-02-02,India,43.6500
2000-02-03,India,43.6500
2000-02-04,India,43.6500
2000-02-07,India,43.6400
2000-02-08,India,43.6300
2000-02-09,India,43.6500
2000-02-10,India,43.5800
2000-02-11,India,43.6500
2000-02-14,India,43.6500
2000-02-15,India,43.6400
2000-02-16,India,43.7500
2000-02-17,India,43.6800
2000-02-18,India,43.6800
2000-02-21,India,
2000-02-22,India,43.6500
2000-02-23,India,43.6800
2000-02-24,India,43.6500
2000-02-25,India,43.6500
2000-02-28,India,43.6800
2000-02-29,India,43.6500
2000-03-01,India,43.6300
2000-03-02,India,43.6500
2000-03-03,India,43.6500
2000-03-06,India,43.6300
2000-03-07,India,43.6300
2000-03-08,India,43.6500
2000-03-09,India,43.6300
2000-03-10,India,43.6500
2000-03-13,India,43.6500
2000-03-14,India,43.6400
2000-03-15,India,43.6500
2000-03-16,India,43.5800
2000-03-17,India,43.6500
2000-03-20,India,43.6300
2000-03-21,India,43.5900
2000-03-22,India,43.6500
2000-03-23,India,43.6500
2000-03-24,India,43.6500
2000-03-27,India,43.6200
2000-03-28,India,43.6500
2000-03-29,India,43.6500
2000-03-30,India,43.6500
2000-03-31,India,43.6500
2000-04-03,India,43.6320
2000-04-04,India,43.6500
2000-04-05,India,43.6800
2000-04-06,India,43.6500
2000-04-07,India,43.6700
2000-04-10,India,43.6600
2000-04-11,India,43.6800
2000-04-12,India,43.7000
2000-04-13,India,43.7000
2000-04-14,India,43.7500
2000-04-17,India,43.6800
2000-04-18,India,43.7000
2000-04-19,India,43.7000
2000-04-20,India,43.6870
2000-04-21,India,43.7000
2000-04-24,India,43.6550
2000-04-25,India,43.7000
2000-04-26,India,43.7000
2000-04-27,India,43.7000
2000-04-28,India,43.7000
2000-05-01,India,43.6700
2000-05-02,India,43.7500
2000-05-03,India,43.7300
2000-05-04,India,43.6700
2000-05-05,India,43.7000
2000-05-08,India,43.7000
2000-05-09,India,43.7000
2000-05-10,India,44.3000
2000-05-11,India,44.4400
2000-05-12,India,44.1500
2000-05-15,India,44.4400
2000-05-16,India,44.0500
2000-05-17,India,44.0200
2000-05-18,India,44.0300
2000-05-19,India,44.0000
2000-05-22,India,44.0200
2000-05-23,India,44.1500
2000-05-24,India,44.2500
2000-05-25,India,44.2000
2000-05-26,India,44.4000
2000-05-29,India,
2000-05-30,India,44.6500
2000-05-31,India,44.6500
2000-06-01,India,44.6500
2000-06-02,India,44.7000
2000-06-05,India,44.7500
2000-06-06,India,44.7500
2000-06-07,India,44.8300
2000-06-08,India,44.8500
2000-06-09,India,44.8500
2000-06-12,India,44.8500
2000-06-13,India,44.8000
2000-06-14,India,44.7200
2000-06-15,India,44.8000
2000-06-16,India,44.8300
2000-06-19,India,44.8500
2000-06-20,India,44.7500
2000-06-21,India,44.7000
2000-06-22,India,44.7000
2000-06-23,India,44.7500
2000-06-26,India,44.7500
2000-06-27,India,44.7000
2000-06-28,India,44.7200
2000-06-29,India,44.7300
2000-06-30,India,44.7000
2000-07-03,India,44.7200
2000-07-04,India,
2000-07-05,India,44.6900
2000-07-06,India,44.8100
2000-07-07,India,44.7800
2000-07-10,India,44.7500
2000-07-11,India,44.7500
2000-07-12,India,44.7500
2000-07-13,India,44.7800
2000-07-14,India,44.7800
2000-07-17,India,44.7400
2000-07-18,India,44.8300
2000-07-19,India,44.8500
2000-07-20,India,45.0200
2000-07-21,India,44.8000
2000-07-24,India,44.7700
2000-07-25,India,44.9500
2000-07-26,India,44.9800
2000-07-27,India,44.9500
2000-07-28,India,44.9600
2000-07-31,India,45.1500
2000-08-01,India,45.1500
2000-08-02,India,45.4000
2000-08-03,India,45.4000
2000-08-04,India,45.4000
2000-08-07,India,45.6200
2000-08-08,India,45.8000
2000-08-09,India,45.7000
2000-08-10,India,45.9000
2000-08-11,India,45.9000
2000-08-14,India,45.8500
2000-08-15,India,45.8000
2000-08-16,India,45.8000
2000-08-17,India,45.9500
2000-08-18,India,45.9000
2000-08-21,India,45.7300
2000-08-22,India,45.7500
2000-08-23,India,45.9000
2000-08-24,India,46.0500
2000-08-25,India,46.0500
2000-08-28,India,45.8300
2000-08-29,India,46.0000
2000-08-30,India,45.9000
2000-08-31,India,45.9000
2000-09-01,India,45.8000
2000-09-04,India,
2000-09-05,India,45.7400
2000-09-06,India,45.6500
2000-09-07,India,46.0500
2000-09-08,India,45.7300
2000-09-11,India,45.6500
2000-09-12,India,45.7000
2000-09-13,India,45.7000
2000-09-14,India,45.8000
2000-09-15,India,45.8500
2000-09-18,India,46.1500
2000-09-19,India,46.4500
2000-09-20,India,46.3000
2000-09-21,India,46.0900
2000-09-22,India,46.1800
2000-09-25,India,46.1600
2000-09-26,India,46.1000
2000-09-27,India,46.1500
2000-09-28,India,46.0500
2000-09-29,India,46.0600
2000-10-02,India,46.1000
2000-10-03,India,46.1800
2000-10-04,India,46.1700
2000-10-05,India,46.1700
2000-10-06,India,46.1700
2000-10-09,India,
2000-10-10,India,46.2500
2000-10-11,India,46.3500
2000-10-12,India,46.3000
2000-10-13,India,46.4500
2000-10-16,India,46.4000
2000-10-17,India,46.3500
2000-10-18,India,46.4500
2000-10-19,India,46.4000
2000-10-20,India,46.4000
2000-10-23,India,46.4500
2000-10-24,India,46.4800
2000-10-25,India,46.7000
2000-10-26,India,46.7000
2000-10-27,India,46.7800
2000-10-30,India,46.7800
2000-10-31,India,46.9000
2000-11-01,India,46.8200
2000-11-02,India,46.8500
2000-11-03,India,46.7000
2000-11-06,India,46.6400
2000-11-07,India,46.7000
2000-11-08,India,46.7200
2000-11-09,India,46.7500
2000-11-10,India,46.7800
2000-11-13,India,46.7700
2000-11-14,India,46.8500
2000-11-15,India,46.8300
2000-11-16,India,46.8500
2000-11-17,India,46.8200
2000-11-20,India,46.9000
2000-11-21,India,46.8500
2000-11-22,India,46.8600
2000-11-23,India,
2000-11-24,India,46.9100
2000-11-27,India,46.9000
2000-11-28,India,46.9300
2000-11-29,India,46.9500
2000-11-30,India,46.8700
2000-12-01,India,46.8900
2000-12-04,India,46.8800
2000-12-05,India,46.8000
2000-12-06,India,46.7800
2000-12-07,India,46.8000
2000-12-08,India,46.8000
2000-12-11,India,46.7800
2000-12-12,India,46.7800
2000-12-13,India,46.8000
2000-12-14,India,46.8000
2000-12-15,India,46.8000
2000-12-18,India,46.7900
2000-12-19,India,46.7500
2000-12-20,India,46.7500
2000-12-21,India,46.7400
2000-12-22,India,46.7700
2000-12-25,India,
2000-12-26,India,46.7500
2000-12-27,India,46.7300
2000-12-28,India,46.7500
2000-12-29,India,46.7500
2001-01-01,India,
2001-01-02,India,46.7400
2001-01-03,India,46.7500
2001-01-04,India,46.7800
2001-01-05,India,46.7600
2001-01-08,India,46.7300
2001-01-09,India,46.6800
2001-01-10,India,46.6800
2001-01-11,India,46.6800
2001-01-12,India,47.4700
2001-01-15,India,
2001-01-16,India,46.5500
2001-01-17,India,46.4800
2001-01-18,India,46.4500
2001-01-19,India,46.4300
2001-01-22,India,46.4300
2001-01-23,India,46.3900
2001-01-24,India,46.4200
2001-01-25,India,46.5400
2001-01-26,India,46.5300
2001-01-29,India,46.5000
2001-01-30,India,46.4600
2001-01-31,India,46.4400
2001-02-01,India,46.4100
2001-02-02,India,46.4400
2001-02-05,India,46.4300
2001-02-06,India,46.4200
2001-02-07,India,46.4600
2001-02-08,India,46.4600
2001-02-09,India,46.5400
2001-02-12,India,46.5600
2001-02-13,India,46.6000
2001-02-14,India,46.6500
2001-02-15,India,46.6300
2001-02-16,India,46.5500
2001-02-19,India,
2001-02-20,India,46.6600
2001-02-21,India,46.6500
2001-02-22,India,46.6300
2001-02-23,India,46.6500
2001-02-26,India,46.6600
2001-02-27,India,46.6800
2001-02-28,India,46.5900
2001-03-01,India,46.5900
2001-03-02,India,46.5900
2001-03-05,India,46.5700
2001-03-06,India,46.5300
2001-03-07,India,46.5700
2001-03-08,India,46.5600
2001-03-09,India,46.5500
2001-03-12,India,46.5700
2001-03-13,India,46.7000
2001-03-14,India,46.6900
2001-03-15,India,46.6600
2001-03-16,India,46.6900
2001-03-19,India,46.7200
2001-03-20,India,46.7100
2001-03-21,India,46.7100
2001-03-22,India,46.7400
2001-03-23,India,46.7200
2001-03-26,India,46.6900
2001-03-27,India,46.6500
2001-03-28,India,46.6500
2001-03-29,India,46.6600
2001-03-30,India,46.8500
2001-04-02,India,46.6500
2001-04-03,India,46.6700
2001-04-04,India,46.6000
2001-04-05,India,46.6400
2001-04-06,India,46.5800
2001-04-09,India,46.5800
2001-04-10,India,46.6000
2001-04-11,India,46.7500
2001-04-12,India,46.7500
2001-04-13,India,46.8900
2001-04-16,India,47.0700
2001-04-17,India,46.9500
2001-04-18,India,46.9500
2001-04-19,India,46.8800
2001-04-20,India,46.8800
2001-04-23,India,46.8200
2001-04-24,India,46.8800
2001-04-25,India,46.8800
2001-04-26,India,46.7800
2001-04-27,India,46.8800
2001-04-30,India,46.8800
2001-05-01,India,46.8700
2001-05-02,India,46.8700
2001-05-03,India,46.8700
2001-05-04,India,46.8700
2001-05-07,India,46.8400
2001-05-08,India,46.8300
2001-05-09,India,46.8500
2001-05-10,India,46.8800
2001-05-11,India,46.8500
2001-05-14,India,47.0000
2001-05-15,India,47.0300
2001-05-16,India,46.9700
2001-05-17,India,46.9900
2001-05-18,India,46.9800
2001-05-21,India,47.0000
2001-05-22,India,47.0600
2001-05-23,India,47.0200
2001-05-24,India,47.0200
2001-05-25,India,47.0200
2001-05-28,India,
2001-05-29,India,47.0200
2001-05-30,India,47.0000
2001-05-31,India,47.0000
2001-06-01,India,47.0500
2001-06-04,India,47.0600
2001-06-05,India,47.0000
2001-06-06,India,47.0300
2001-06-07,India,47.0000
2001-06-08,India,47.0300
2001-06-11,India,47.0400
2001-06-12,India,47.0800
2001-06-13,India,47.0900
2001-06-14,India,47.0000
2001-06-15,India,47.0500
2001-06-18,India,47.0200
2001-06-19,India,47.0200
2001-06-20,India,47.0100
2001-06-21,India,47.0500
2001-06-22,India,47.0400
2001-06-25,India,47.0600
2001-06-26,India,47.0700
2001-06-27,India,47.0400
2001-06-28,India,47.0600
2001-06-29,India,47.0900
2001-07-02,India,47.1800
2001-07-03,India,47.1700
2001-07-04,India,
2001-07-05,India,47.1800
2001-07-06,India,47.1700
2001-07-09,India,47.1900
2001-07-10,India,47.1900
2001-07-11,India,47.2100
2001-07-12,India,47.2000
2001-07-13,India,47.2100
2001-07-16,India,47.2000
2001-07-17,India,47.1600
2001-07-18,India,47.1200
2001-07-19,India,47.1600
2001-07-20,India,47.1700
2001-07-23,India,47.1700
2001-07-24,India,47.1100
2001-07-25,India,47.1900
2001-07-26,India,47.2000
2001-07-27,India,47.1900
2001-07-30,India,47.1900
2001-07-31,India,47.1800
2001-08-01,India,47.1600
2001-08-02,India,47.1100
2001-08-03,India,47.1700
2001-08-06,India,47.1600
2001-08-07,India,47.1100
2001-08-08,India,47.1900
2001-08-09,India,47.1800
2001-08-10,India,47.1700
2001-08-13,India,47.1700
2001-08-14,India,47.1500
2001-08-15,India,47.1600
2001-08-16,India,47.1600
2001-08-17,India,47.1700
2001-08-20,India,47.1800
2001-08-21,India,47.1800
2001-08-22,India,47.1800
2001-08-23,India,47.1700
2001-08-24,India,47.1700
2001-08-27,India,47.1900
2001-08-28,India,47.1900
2001-08-29,India,47.1600
2001-08-30,India,47.1800
2001-08-31,India,47.1700
2001-09-03,India,
2001-09-04,India,47.2200
2001-09-05,India,47.2000
2001-09-06,India,47.2200
2001-09-07,India,47.2700
2001-09-10,India,47.3800
2001-09-11,India,
2001-09-12,India,47.3900
2001-09-13,India,47.4900
2001-09-14,India,47.7500
2001-09-17,India,47.7700
2001-09-18,India,48.0500
2001-09-19,India,47.9600
2001-09-20,India,48.0300
2001-09-21,India,48.0800
2001-09-24,India,48.0800
2001-09-25,India,48.9100
2001-09-26,India,47.9100
2001-09-27,India,47.9100
2001-09-28,India,47.9000
2001-10-01,India,48.0300
2001-10-02,India,48.0300
2001-10-03,India,47.9600
2001-10-04,India,48.0400
2001-10-05,India,48.0500
2001-10-08,India,
2001-10-09,India,48.1700
2001-10-10,India,48.0900
2001-10-11,India,48.0900
2001-10-12,India,48.0700
2001-10-15,India,48.0700
2001-10-16,India,48.0500
2001-10-17,India,48.0500
2001-10-18,India,48.0800
2001-10-19,India,48.0800
2001-10-22,India,48.0500
2001-10-23,India,48.0300
2001-10-24,India,48.0800
2001-10-25,India,48.0000
2001-10-26,India,48.0200
2001-10-29,India,48.0200
2001-10-30,India,48.0300
2001-10-31,India,48.0400
2001-11-01,India,48.0500
2001-11-02,India,48.0400
2001-11-05,India,48.0200
2001-11-06,India,48.0400
2001-11-07,India,48.0400
2001-11-08,India,48.0700
2001-11-09,India,48.0500
2001-11-12,India,
2001-11-13,India,48.1100
2001-11-14,India,48.1100
2001-11-15,India,48.0300
2001-11-16,India,48.0300
2001-11-19,India,48.0000
2001-11-20,India,48.0300
2001-11-21,India,48.0300
2001-11-22,India,
2001-11-23,India,48.1000
2001-11-26,India,48.0500
2001-11-27,India,48.0800
2001-11-28,India,47.9900
2001-11-29,India,48.0100
2001-11-30,India,47.9800
2001-12-03,India,47.9300
2001-12-04,India,47.9300
2001-12-05,India,47.9400
2001-12-06,India,47.9000
2001-12-07,India,47.8600
2001-12-10,India,47.8700
2001-12-11,India,47.8500
2001-12-12,India,47.8400
2001-12-13,India,47.8400
2001-12-14,India,47.8600
2001-12-17,India,47.8600
2001-12-18,India,47.8600
2001-12-19,India,47.8000
2001-12-20,India,47.8300
2001-12-21,India,47.8500
2001-12-24,India,47.9500
2001-12-25,India,
2001-12-26,India,47.9500
2001-12-27,India,48.2100
2001-12-28,India,48.2900
2001-12-31,India,48.2700
2002-01-01,India,
2002-01-02,India,48.2700
2002-01-03,India,48.2800
2002-01-04,India,48.3000
2002-01-07,India,48.2800
2002-01-08,India,48.3000
2002-01-09,India,48.3200
2002-01-10,India,48.4100
2002-01-11,India,48.4400
2002-01-14,India,48.3600
2002-01-15,India,48.3100
2002-01-16,India,48.3000
2002-01-17,India,48.3100
2002-01-18,India,48.2700
2002-01-21,India,
2002-01-22,India,48.3000
2002-01-23,India,48.3500
2002-01-24,India,48.3500
2002-01-25,India,48.3800
2002-01-28,India,48.3700
2002-01-29,India,48.4300
2002-01-30,India,48.5300
2002-01-31,India,48.5600
2002-02-01,India,48.5500
2002-02-04,India,48.6100
2002-02-05,India,48.6900
2002-02-06,India,48.7100
2002-02-07,India,48.7200
2002-02-08,India,48.7000
2002-02-11,India,48.7500
2002-02-12,India,48.6900
2002-02-13,India,48.9000
2002-02-14,India,48.7100
2002-02-15,India,48.7100
2002-02-18,India,
2002-02-19,India,48.6700
2002-02-20,India,48.6400
2002-02-21,India,48.6900
2002-02-22,India,48.7900
2002-02-25,India,48.8200
2002-02-26,India,48.7500
2002-02-27,India,48.7600
2002-02-28,India,48.7600
2002-03-01,India,48.7600
2002-03-04,India,48.7200
2002-03-05,India,48.7200
2002-03-06,India,48.7100
2002-03-07,India,48.7600
2002-03-08,India,48.7600
2002-03-11,India,48.7600
2002-03-12,India,48.7600
2002-03-13,India,48.7400
2002-03-14,India,48.7700
2002-03-15,India,48.7300
2002-03-18,India,48.7400
2002-03-19,India,48.7600
2002-03-20,India,48.7600
2002-03-21,India,48.7800
2002-03-22,India,48.8000
2002-03-25,India,48.8000
2002-03-26,India,48.7800
2002-03-27,India,48.8300
2002-03-28,India,48.8300
2002-03-29,India,48.8300
2002-04-01,India,48.8300
2002-04-02,India,48.8500
2002-04-03,India,48.9100
2002-04-04,India,48.9200
2002-04-05,India,48.8600
2002-04-08,India,48.9100
2002-04-09,India,48.9200
2002-04-10,India,48.9100
2002-04-11,India,48.9300
2002-04-12,India,48.9400
2002-04-15,India,48.9600
2002-04-16,India,48.9600
2002-04-17,India,48.9600
2002-04-18,India,48.9300
2002-04-19,India,48.9200
2002-04-22,India,48.9500
2002-04-23,India,49.0100
2002-04-24,India,49.0000
2002-04-25,India,49.0000
2002-04-26,India,48.9900
2002-04-29,India,49.0100
2002-04-30,India,48.9800
2002-05-01,India,48.9800
2002-05-02,India,48.9800
2002-05-03,India,49.0000
2002-05-06,India,48.9700
2002-05-07,India,48.9900
2002-05-08,India,48.9700
2002-05-09,India,48.9900
2002-05-10,India,49.0200
2002-05-13,India,49.0300
2002-05-14,India,49.0200
2002-05-15,India,49.0400
2002-05-16,India,49.0500
2002-05-17,India,49.0400
2002-05-20,India,49.0600
2002-05-21,India,49.0100
2002-05-22,India,49.0100
2002-05-23,India,49.0700
2002-05-24,India,49.0200
2002-05-27,India,
2002-05-28,India,49.0200
2002-05-29,India,49.0100
2002-05-30,India,49.0300
2002-05-31,India,49.0600
2002-06-03,India,49.0700
2002-06-04,India,49.0700
2002-06-05,India,49.0500
2002-06-06,India,49.0300
2002-06-07,India,49.0500
2002-06-10,India,49.0200
2002-06-11,India,49.0000
2002-06-12,India,49.0000
2002-06-13,India,49.0400
2002-06-14,India,49.0300
2002-06-17,India,49.0200
2002-06-18,India,48.9900
2002-06-19,India,48.9400
2002-06-20,India,48.9400
2002-06-21,India,48.9500
2002-06-24,India,48.9100
2002-06-25,India,48.9300
2002-06-26,India,48.8700
2002-06-27,India,48.8600
2002-06-28,India,48.9100
2002-07-01,India,48.8600
2002-07-02,India,48.8700
2002-07-03,India,48.8300
2002-07-04,India,
2002-07-05,India,48.8600
2002-07-08,India,48.8400
2002-07-09,India,48.8200
2002-07-10,India,48.8200
2002-07-11,India,48.8100
2002-07-12,India,48.8000
2002-07-15,India,48.8500
2002-07-16,India,48.8300
2002-07-17,India,48.8100
2002-07-18,India,48.8200
2002-07-19,India,48.7500
2002-07-22,India,48.7300
2002-07-23,India,48.7200
2002-07-24,India,48.7000
2002-07-25,India,48.7100
2002-07-26,India,48.7100
2002-07-29,India,48.7600
2002-07-30,India,48.7400
2002-07-31,India,48.6900
2002-08-01,India,48.6800
2002-08-02,India,48.6800
2002-08-05,India,48.6700
2002-08-06,India,48.7300
2002-08-07,India,48.7000
2002-08-08,India,48.6800
2002-08-09,India,48.6700
2002-08-12,India,48.6400
2002-08-13,India,48.6200
2002-08-14,India,48.6300
2002-08-15,India,48.6300
2002-08-16,India,48.6000
2002-08-19,India,48.6100
2002-08-20,India,48.5900
2002-08-21,India,48.5600
2002-08-22,India,48.5500
2002-08-23,India,48.5500
2002-08-26,India,48.5500
2002-08-27,India,48.5300
2002-08-28,India,48.6000
2002-08-29,India,48.5400
2002-08-30,India,48.5200
2002-09-02,India,
2002-09-03,India,48.5000
2002-09-04,India,48.4800
2002-09-05,India,48.5000
2002-09-06,India,48.5700
2002-09-09,India,48.5200
2002-09-10,India,48.5200
2002-09-11,India,48.4800
2002-09-12,India,48.4800
2002-09-13,India,48.4700
2002-09-16,India,48.4300
2002-09-17,India,48.4500
2002-09-18,India,48.4300
2002-09-19,India,48.4400
2002-09-20,India,48.4600
2002-09-23,India,48.4400
2002-09-24,India,48.4200
2002-09-25,India,48.4300
2002-09-26,India,48.4300
2002-09-27,India,48.4000
2002-09-30,India,48.4000
2002-10-01,India,48.3900
2002-10-02,India,48.3900
2002-10-03,India,48.3800
2002-10-04,India,48.3800
2002-10-07,India,48.3500
2002-10-08,India,48.3900
2002-10-09,India,48.3400
2002-10-10,India,48.3800
2002-10-11,India,48.3600
2002-10-14,India,
2002-10-15,India,48.3600
2002-10-16,India,48.4100
2002-10-17,India,48.4200
2002-10-18,India,48.4400
2002-10-21,India,48.3800
2002-10-22,India,48.3900
2002-10-23,India,48.3500
2002-10-24,India,48.4200
2002-10-25,India,48.4100
2002-10-28,India,48.4500
2002-10-29,India,48.4100
2002-10-30,India,48.3500
2002-10-31,India,48.3900
2002-11-01,India,48.3600
2002-11-04,India,48.3600
2002-11-05,India,48.3500
2002-11-06,India,48.3600
2002-11-07,India,48.3400
2002-11-08,India,48.2900
2002-11-11,India,
2002-11-12,India,48.3000
2002-11-13,India,48.3000
2002-11-14,India,48.2900
2002-11-15,India,48.2300
2002-11-18,India,48.2300
2002-11-19,India,48.2300
2002-11-20,India,48.2500
2002-11-21,India,48.2100
2002-11-22,India,48.2200
2002-11-25,India,48.2300
2002-11-26,India,48.2400
2002-11-27,India,48.2700
2002-11-28,India,
2002-11-29,India,48.3600
2002-12-02,India,48.3200
2002-12-03,India,48.2800
2002-12-04,India,48.2300
2002-12-05,India,48.2700
2002-12-06,India,48.2400
2002-12-09,India,48.2400
2002-12-10,India,48.2400
2002-12-11,India,48.1800
2002-12-12,India,48.2200
2002-12-13,India,48.2000
2002-12-16,India,48.1800
2002-12-17,India,48.1600
2002-12-18,India,48.1500
2002-12-19,India,48.1100
2002-12-20,India,48.0300
2002-12-23,India,48.0300
2002-12-24,India,48.0400
2002-12-25,India,
2002-12-26,India,48.0500
2002-12-27,India,48.0100
2002-12-30,India,47.9600
2002-12-31,India,48.0000
2003-01-01,India,
2003-01-02,India,48.0500
2003-01-03,India,48.0300
2003-01-06,India,48.0100
2003-01-07,India,48.0000
2003-01-08,India,48.0000
2003-01-09,India,47.9600
2003-01-10,India,48.0000
2003-01-13,India,47.9600
2003-01-14,India,47.9500
2003-01-15,India,47.9700
2003-01-16,India,47.9600
2003-01-17,India,47.9600
2003-01-20,India,
2003-01-21,India,47.9700
2003-01-22,India,47.9300
2003-01-23,India,47.9200
2003-01-24,India,47.9000
2003-01-27,India,48.1000
2003-01-28,India,47.9200
2003-01-29,India,47.8300
2003-01-30,India,47.8500
2003-01-31,India,47.8300
2003-02-03,India,47.8000
2003-02-04,India,47.8200
2003-02-05,India,47.7700
2003-02-06,India,47.8000
2003-02-07,India,47.7200
2003-02-10,India,47.6900
2003-02-11,India,47.7000
2003-02-12,India,47.8900
2003-02-13,India,47.8700
2003-02-14,India,47.9200
2003-02-17,India,
2003-02-18,India,47.7500
2003-02-19,India,47.7000
2003-02-20,India,47.6500
2003-02-21,India,47.6500
2003-02-24,India,47.7400
2003-02-25,India,47.7400
2003-02-26,India,47.6700
2003-02-27,India,47.6600
2003-02-28,India,47.6600
2003-03-03,India,47.7000
2003-03-04,India,47.8500
2003-03-05,India,47.8000
2003-03-06,India,47.6300
2003-03-07,India,47.8000
2003-03-10,India,47.7000
2003-03-11,India,47.6400
2003-03-12,India,47.6500
2003-03-13,India,47.6600
2003-03-14,India,47.6600
2003-03-17,India,47.6800
2003-03-18,India,47.6800
2003-03-19,India,47.7200
2003-03-20,India,47.7500
2003-03-21,India,47.6600
2003-03-24,India,47.6800
2003-03-25,India,47.6400
2003-03-26,India,47.6400
2003-03-27,India,47.5900
2003-03-28,India,47.5500
2003-03-31,India,47.5300
2003-04-01,India,47.4500
2003-04-02,India,47.4000
2003-04-03,India,47.4300
2003-04-04,India,47.4400
2003-04-07,India,47.4400
2003-04-08,India,47.4600
2003-04-09,India,47.4500
2003-04-10,India,47.4000
2003-04-11,India,47.3800
2003-04-14,India,47.4400
2003-04-15,India,47.3600
2003-04-16,India,47.3800
2003-04-17,India,47.3400
2003-04-18,India,47.3400
2003-04-21,India,47.3800
2003-04-22,India,47.3400
2003-04-23,India,47.3500
2003-04-24,India,47.3600
2003-04-25,India,47.3700
2003-04-28,India,47.3500
2003-04-29,India,47.3700
2003-04-30,India,47.3700
2003-05-01,India,47.3500
2003-05-02,India,47.3500
2003-05-05,India,47.3000
2003-05-06,India,47.2800
2003-05-07,India,47.2800
2003-05-08,India,47.2500
2003-05-09,India,47.2000
2003-05-12,India,47.1800
2003-05-13,India,47.1500
2003-05-14,India,47.1500
2003-05-15,India,47.1300
2003-05-16,India,47.1200
2003-05-19,India,46.9900
2003-05-20,India,46.9500
2003-05-21,India,46.9000
2003-05-22,India,46.9100
2003-05-23,India,46.8700
2003-05-26,India,
2003-05-27,India,46.8500
2003-05-28,India,46.9800
2003-05-29,India,47.0500
2003-05-30,India,47.0700
2003-06-02,India,47.1500
2003-06-03,India,46.9500
2003-06-04,India,46.8500
2003-06-05,India,46.8400
2003-06-06,India,46.8800
2003-06-09,India,46.8700
2003-06-10,India,46.7900
2003-06-11,India,46.7000
2003-06-12,India,46.7300
2003-06-13,India,46.7000
2003-06-16,India,46.6600
2003-06-17,India,46.5900
2003-06-18,India,46.6200
2003-06-19,India,46.6100
2003-06-20,India,46.5700
2003-06-23,India,46.6600
2003-06-24,India,46.5700
2003-06-25,India,46.5800
2003-06-26,India,46.5700
2003-06-27,India,46.4000
2003-06-30,India,46.4000
2003-07-01,India,46.4900
2003-07-02,India,46.3600
2003-07-03,India,46.4000
2003-07-04,India,
2003-07-07,India,46.3400
2003-07-08,India,46.3000
2003-07-09,India,46.2400
2003-07-10,India,46.2100
2003-07-11,India,46.1000
2003-07-14,India,46.0600
2003-07-15,India,46.1300
2003-07-16,India,46.2300
2003-07-17,India,46.2300
2003-07-18,India,46.2900
2003-07-21,India,46.2700
2003-07-22,India,46.1500
2003-07-23,India,46.1600
2003-07-24,India,46.1500
2003-07-25,India,46.1500
2003-07-28,India,46.1500
2003-07-29,India,46.1300
2003-07-30,India,46.1500
2003-07-31,India,46.1500
2003-08-01,India,46.1800
2003-08-04,India,46.1500
2003-08-05,India,46.1400
2003-08-06,India,46.0500
2003-08-07,India,45.9800
2003-08-08,India,46.0100
2003-08-11,India,45.9900
2003-08-12,India,45.8900
2003-08-13,India,45.9500
2003-08-14,India,46.0000
2003-08-15,India,46.0000
2003-08-18,India,45.9000
2003-08-19,India,45.8500
2003-08-20,India,45.8800
2003-08-21,India,45.8000
2003-08-22,India,45.8800
2003-08-25,India,45.9000
2003-08-26,India,45.8800
2003-08-27,India,45.8800
2003-08-28,India,45.8800
2003-08-29,India,45.8800
2003-09-01,India,
2003-09-02,India,45.8800
2003-09-03,India,45.9000
2003-09-04,India,45.8000
2003-09-05,India,45.8800
2003-09-08,India,45.8500
2003-09-09,India,45.8000
2003-09-10,India,45.8200
2003-09-11,India,45.7200
2003-09-12,India,45.8000
2003-09-15,India,45.8000
2003-09-16,India,45.9000
2003-09-17,India,45.9500
2003-09-18,India,46.0000
2003-09-19,India,45.9800
2003-09-22,India,45.7700
2003-09-23,India,45.7700
2003-09-24,India,45.8800
2003-09-25,India,45.8800
2003-09-26,India,45.7700
2003-09-29,India,45.8500
2003-09-30,India,45.7800
2003-10-01,India,45.7000
2003-10-02,India,45.4300
2003-10-03,India,45.3300
2003-10-06,India,45.4900
2003-10-07,India,45.3300
2003-10-08,India,45.4300
2003-10-09,India,45.2900
2003-10-10,India,45.4200
2003-10-13,India,
2003-10-14,India,45.6600
2003-10-15,India,45.7000
2003-10-16,India,45.3300
2003-10-17,India,45.3300
2003-10-20,India,45.3600
2003-10-21,India,45.3300
2003-10-22,India,45.3500
2003-10-23,India,45.3300
2003-10-24,India,45.3200
2003-10-27,India,45.4000
2003-10-28,India,45.3100
2003-10-29,India,45.3600
2003-10-30,India,45.3500
2003-10-31,India,45.3300
2003-11-03,India,45.3200
2003-11-04,India,45.3100
2003-11-05,India,45.3400
2003-11-06,India,45.3000
2003-11-07,India,45.3300
2003-11-10,India,45.3300
2003-11-11,India,
2003-11-12,India,45.3600
2003-11-13,India,45.3900
2003-11-14,India,45.4400
2003-11-17,India,45.5500
2003-11-18,India,45.6200
2003-11-19,India,45.6300
2003-11-20,India,45.7800
2003-11-21,India,45.7500
2003-11-24,India,45.8800
2003-11-25,India,45.9500
2003-11-26,India,45.8800
2003-11-27,India,
2003-11-28,India,45.8200
2003-12-01,India,45.7700
2003-12-02,India,45.7000
2003-12-03,India,45.6300
2003-12-04,India,45.6600
2003-12-05,India,45.6600
2003-12-08,India,45.5500
2003-12-09,India,45.5500
2003-12-10,India,45.5500
2003-12-11,India,45.5500
2003-12-12,India,45.5500
2003-12-15,India,45.5500
2003-12-16,India,45.5000
2003-12-17,India,45.5500
2003-12-18,India,45.5000
2003-12-19,India,45.5400
2003-12-22,India,45.5200
2003-12-23,India,45.5200
2003-12-24,India,45.5000
2003-12-25,India,
2003-12-26,India,45.5000
2003-12-29,India,45.6600
2003-12-30,India,45.5700
2003-12-31,India,45.5500
2004-01-01,India,
2004-01-02,India,45.6800
2004-01-05,India,45.6000
2004-01-06,India,45.6600
2004-01-07,India,45.5300
2004-01-08,India,45.5500
2004-01-09,India,45.4800
2004-01-12,India,45.4400
2004-01-13,India,45.4400
2004-01-14,India,45.4200
2004-01-15,India,45.4400
2004-01-16,India,45.4500
2004-01-19,India,
2004-01-20,India,45.4300
2004-01-21,India,45.4300
2004-01-22,India,45.4300
2004-01-23,India,45.4300
2004-01-26,India,45.3600
2004-01-27,India,45.3800
2004-01-28,India,45.3600
2004-01-29,India,45.2900
2004-01-30,India,45.3200
2004-02-02,India,45.3000
2004-02-03,India,45.3000
2004-02-04,India,45.3000
2004-02-05,India,45.2900
2004-02-06,India,45.3000
2004-02-09,India,45.2500
2004-02-10,India,45.2200
2004-02-11,India,45.2400
2004-02-12,India,45.2300
2004-02-13,India,45.2400
2004-02-16,India,
2004-02-17,India,45.2800
2004-02-18,India,45.2400
2004-02-19,India,45.2800
2004-02-20,India,45.2300
2004-02-23,India,45.3200
2004-02-24,India,45.3200
2004-02-25,India,45.2500
2004-02-26,India,45.2700
2004-02-27,India,45.3200
2004-03-01,India,45.3200
2004-03-02,India,45.2500
2004-03-03,India,45.2200
2004-03-04,India,45.3200
2004-03-05,India,45.3200
2004-03-08,India,45.2600
2004-03-09,India,45.2300
2004-03-10,India,45.2500
2004-03-11,India,45.2800
2004-03-12,India,45.2200
2004-03-15,India,45.2500
2004-03-16,India,45.2200
2004-03-17,India,45.2700
2004-03-18,India,45.2500
2004-03-19,India,45.2000
2004-03-22,India,45.1450
2004-03-23,India,44.8500
2004-03-24,India,44.8000
2004-03-25,India,44.7300
2004-03-26,India,44.4400
2004-03-29,India,44.0000
2004-03-30,India,44.0700
2004-03-31,India,43.4000
2004-04-01,India,43.4000
2004-04-02,India,43.7500
2004-04-05,India,43.6700
2004-04-06,India,43.7000
2004-04-07,India,43.5500
2004-04-08,India,43.6000
2004-04-09,India,43.4500
2004-04-12,India,43.6600
2004-04-13,India,43.7500
2004-04-14,India,43.6900
2004-04-15,India,44.0000
2004-04-16,India,43.8500
2004-04-19,India,43.8800
2004-04-20,India,43.9700
2004-04-21,India,44.1000
2004-04-22,India,44.1400
2004-04-23,India,44.0000
2004-04-26,India,44.1000
2004-04-27,India,44.2300
2004-04-28,India,44.2100
2004-04-29,India,44.4000
2004-04-30,India,44.5200
2004-05-03,India,44.8800
2004-05-04,India,44.7000
2004-05-05,India,44.5500
2004-05-06,India,44.6500
2004-05-07,India,44.6600
2004-05-10,India,44.9500
2004-05-11,India,45.3500
2004-05-12,India,45.3500
2004-05-13,India,45.2500
2004-05-14,India,45.5700
2004-05-17,India,45.5000
2004-05-18,India,45.4700
2004-05-19,India,45.1800
2004-05-20,India,45.2800
2004-05-21,India,45.2800
2004-05-24,India,45.3100
2004-05-25,India,45.3600
2004-05-26,India,45.4000
2004-05-27,India,45.4000
2004-05-28,India,45.4200
2004-05-31,India,
2004-06-01,India,45.4300
2004-06-02,India,45.3700
2004-06-03,India,45.2200
2004-06-04,India,45.0700
2004-06-07,India,45.1000
2004-06-08,India,45.0500
2004-06-09,India,44.9400
2004-06-10,India,45.0500
2004-06-11,India,45.0900
2004-06-14,India,45.3500
2004-06-15,India,45.3800
2004-06-16,India,45.3400
2004-06-17,India,45.4900
2004-06-18,India,45.6600
2004-06-21,India,45.8800
2004-06-22,India,46.2100
2004-06-23,India,45.7000
2004-06-24,India,45.8500
2004-06-25,India,45.8500
2004-06-28,India,45.9900
2004-06-29,India,46.0500
2004-06-30,India,45.9900
2004-07-01,India,45.8800
2004-07-02,India,45.7500
2004-07-05,India,
2004-07-06,India,46.0500
2004-07-07,India,45.8400
2004-07-08,India,45.7500
2004-07-09,India,45.6600
2004-07-12,India,45.7200
2004-07-13,India,45.8600
2004-07-14,India,45.9500
2004-07-15,India,46.0800
2004-07-16,India,45.9600
2004-07-19,India,46.1100
2004-07-20,India,46.1000
2004-07-21,India,46.1300
2004-07-22,India,46.3000
2004-07-23,India,46.3500
2004-07-26,India,46.2800
2004-07-27,India,46.2500
2004-07-28,India,46.3000
2004-07-29,India,46.4500
2004-07-30,India,46.4000
2004-08-02,India,46.3500
2004-08-03,India,46.3500
2004-08-04,India,46.3600
2004-08-05,India,46.3500
2004-08-06,India,46.3300
2004-08-09,India,46.4000
2004-08-10,India,46.3400
2004-08-11,India,46.3200
2004-08-12,India,46.2100
2004-08-13,India,46.2700
2004-08-16,India,46.3600
2004-08-17,India,46.3400
2004-08-18,India,46.3400
2004-08-19,India,46.2700
2004-08-20,India,46.2500
2004-08-23,India,46.2600
2004-08-24,India,46.2950
2004-08-25,India,46.3600
2004-08-26,India,46.3500
2004-08-27,India,46.2800
2004-08-30,India,46.3500
2004-08-31,India,46.3500
2004-09-01,India,46.3400
2004-09-02,India,46.3200
2004-09-03,India,46.3300
2004-09-06,India,
2004-09-07,India,46.3500
2004-09-08,India,46.3500
2004-09-09,India,46.3000
2004-09-10,India,46.2600
2004-09-13,India,46.1800
2004-09-14,India,45.8500
2004-09-15,India,45.8100
2004-09-16,India,45.8200
2004-09-17,India,45.8400
2004-09-20,India,45.9300
2004-09-21,India,45.8600
2004-09-22,India,45.8600
2004-09-23,India,45.8700
2004-09-24,India,45.9000
2004-09-27,India,45.9700
2004-09-28,India,46.1000
2004-09-29,India,46.0000
2004-09-30,India,45.9100
2004-10-01,India,45.8500
2004-10-04,India,45.8500
2004-10-05,India,45.8600
2004-10-06,India,45.8600
2004-10-07,India,45.8600
2004-10-08,India,45.8000
2004-10-11,India,
2004-10-12,India,45.8700
2004-10-13,India,45.8300
2004-10-14,India,45.8100
2004-10-15,India,45.8500
2004-10-18,India,45.8300
2004-10-19,India,45.8500
2004-10-20,India,45.7000
2004-10-21,India,45.6500
2004-10-22,India,45.6200
2004-10-25,India,45.5800
2004-10-26,India,45.6600
2004-10-27,India,45.5700
2004-10-28,India,45.5100
2004-10-29,India,45.3000
2004-11-01,India,45.3300
2004-11-02,India,45.4000
2004-11-03,India,45.3300
2004-11-04,India,45.1000
2004-11-05,India,45.1000
2004-11-08,India,45.0800
2004-11-09,India,45.1200
2004-11-10,India,45.1400
2004-11-11,India,
2004-11-12,India,45.0400
2004-11-15,India,45.0300
2004-11-16,India,45.0100
2004-11-17,India,44.9600
2004-11-18,India,45.0000
2004-11-19,India,45.0000
2004-11-22,India,44.9700
2004-11-23,India,45.0200
2004-11-24,India,44.9400
2004-11-25,India,
2004-11-26,India,44.9400
2004-11-29,India,44.6700
2004-11-30,India,44.4700
2004-12-01,India,44.3000
2004-12-02,India,44.1000
2004-12-03,India,44.0000
2004-12-06,India,43.5100
2004-12-07,India,43.6000
2004-12-08,India,44.1500
2004-12-09,India,44.1200
2004-12-10,India,44.5200
2004-12-13,India,44.1500
2004-12-14,India,44.0500
2004-12-15,India,43.8600
2004-12-16,India,43.7500
2004-12-17,India,43.8800
2004-12-20,India,43.8500
2004-12-21,India,43.6600
2004-12-22,India,43.8000
2004-12-23,India,43.6100
2004-12-24,India,43.6300
2004-12-27,India,43.7500
2004-12-28,India,43.6300
2004-12-29,India,43.6700
2004-12-30,India,43.6200
2004-12-31,India,43.2700
2005-01-03,India,43.3500
2005-01-04,India,43.4700
2005-01-05,India,43.6000
2005-01-06,India,43.7500
2005-01-07,India,43.6300
2005-01-10,India,43.8200
2005-01-11,India,43.6800
2005-01-12,India,43.5300
2005-01-13,India,43.5200
2005-01-14,India,43.5500
2005-01-17,India,
2005-01-18,India,43.5900
2005-01-19,India,43.6100
2005-01-20,India,43.7000
2005-01-21,India,43.6400
2005-01-24,India,43.6500
2005-01-25,India,43.6500
2005-01-26,India,43.6500
2005-01-27,India,43.6500
2005-01-28,India,43.6600
2005-01-31,India,43.6000
2005-02-01,India,43.6600
2005-02-02,India,43.2800
2005-02-03,India,43.3000
2005-02-04,India,43.3400
2005-02-07,India,43.3800
2005-02-08,India,43.5800
2005-02-09,India,43.6200
2005-02-10,India,43.6800
2005-02-11,India,43.7000
2005-02-14,India,43.6400
2005-02-15,India,43.7100
2005-02-16,India,43.6500
2005-02-17,India,43.6800
2005-02-18,India,43.7300
2005-02-21,India,
2005-02-22,India,43.6300
2005-02-23,India,43.6100
2005-02-24,India,43.5700
2005-02-25,India,43.6100
2005-02-28,India,43.5700
2005-03-01,India,43.5800
2005-03-02,India,43.5900
2005-03-03,India,43.5800
2005-03-04,India,43.6400
2005-03-07,India,43.5800
2005-03-08,India,43.5800
2005-03-09,India,43.5500
2005-03-10,India,43.4800
2005-03-11,India,43.4500
2005-03-14,India,43.4400
2005-03-15,India,43.4600
2005-03-16,India,43.5000
2005-03-17,India,43.5500
2005-03-18,India,43.6700
2005-03-21,India,43.6100
2005-03-22,India,43.6100
2005-03-23,India,43.6600
2005-03-24,India,43.6500
2005-03-25,India,43.6200
2005-03-28,India,43.6700
2005-03-29,India,43.7000
2005-03-30,India,43.6900
2005-03-31,India,43.6200
2005-04-01,India,43.6200
2005-04-04,India,43.6800
2005-04-05,India,43.6900
2005-04-06,India,43.7200
2005-04-07,India,43.6900
2005-04-08,India,43.6600
2005-04-11,India,43.6000
2005-04-12,India,43.6200
2005-04-13,India,43.6500
2005-04-14,India,43.6400
2005-04-15,India,43.7000
2005-04-18,India,43.6200
2005-04-19,India,43.7000
2005-04-20,India,43.5800
2005-04-21,India,43.6800
2005-04-22,India,43.6600
2005-04-25,India,43.6100
2005-04-26,India,43.6000
2005-04-27,India,43.6000
2005-04-28,India,43.6800
2005-04-29,India,43.4800
2005-05-02,India,43.4600
2005-05-03,India,43.5600
2005-05-04,India,43.4000
2005-05-05,India,43.3300
2005-05-06,India,43.3500
2005-05-09,India,43.4500
2005-05-10,India,43.3600
2005-05-11,India,43.2100
2005-05-12,India,43.3000
2005-05-13,India,43.3500
2005-05-16,India,43.3800
2005-05-17,India,43.4100
2005-05-18,India,43.4300
2005-05-19,India,43.4500
2005-05-20,India,43.3400
2005-05-23,India,43.4500
2005-05-24,India,43.4500
2005-05-25,India,43.4300
2005-05-26,India,43.4600
2005-05-27,India,43.4100
2005-05-30,India,
2005-05-31,India,43.6200
2005-06-01,India,43.7100
2005-06-02,India,43.6400
2005-06-03,India,43.5000
2005-06-06,India,43.5800
2005-06-07,India,43.5300
2005-06-08,India,43.4600
2005-06-09,India,43.4600
2005-06-10,India,43.4800
2005-06-13,India,43.6000
2005-06-14,India,43.5700
2005-06-15,India,43.5600
2005-06-16,India,43.5500
2005-06-17,India,43.5000
2005-06-20,India,43.5300
2005-06-21,India,43.5000
2005-06-22,India,43.4500
2005-06-23,India,43.5100
2005-06-24,India,43.5000
2005-06-27,India,43.4400
2005-06-28,India,43.4600
2005-06-29,India,43.5000
2005-06-30,India,43.5100
2005-07-01,India,43.4500
2005-07-04,India,
2005-07-05,India,43.5500
2005-07-06,India,43.4500
2005-07-07,India,43.5900
2005-07-08,India,43.5100
2005-07-11,India,43.5100
2005-07-12,India,43.4500
2005-07-13,India,43.4600
2005-07-14,India,43.4800
2005-07-15,India,43.4500
2005-07-18,India,43.4700
2005-07-19,India,43.4800
2005-07-20,India,43.4600
2005-07-21,India,43.0500
2005-07-22,India,43.4000
2005-07-25,India,43.4500
2005-07-26,India,43.4100
2005-07-27,India,43.3400
2005-07-28,India,43.3200
2005-07-29,India,43.4000
2005-08-01,India,43.3700
2005-08-02,India,43.4100
2005-08-03,India,43.3600
2005-08-04,India,43.4300
2005-08-05,India,43.4200
2005-08-08,India,43.4400
2005-08-09,India,43.4600
2005-08-10,India,43.5400
2005-08-11,India,43.5000
2005-08-12,India,43.4800
2005-08-15,India,43.4500
2005-08-16,India,43.4500
2005-08-17,India,43.4600
2005-08-18,India,43.5000
2005-08-19,India,43.5100
2005-08-22,India,43.5800
2005-08-23,India,43.5700
2005-08-24,India,43.6900
2005-08-25,India,43.6000
2005-08-26,India,43.6000
2005-08-29,India,43.8600
2005-08-30,India,43.9700
2005-08-31,India,44.0000
2005-09-01,India,43.9400
2005-09-02,India,43.8700
2005-09-05,India,
2005-09-06,India,43.8200
2005-09-07,India,43.7900
2005-09-08,India,43.7800
2005-09-09,India,43.7600
2005-09-12,India,43.7500
2005-09-13,India,43.8200
2005-09-14,India,43.8300
2005-09-15,India,43.8200
2005-09-16,India,43.8100
2005-09-19,India,43.8200
2005-09-20,India,43.8200
2005-09-21,India,43.8500
2005-09-22,India,43.8000
2005-09-23,India,43.8000
2005-09-26,India,43.8600
2005-09-27,India,43.9600
2005-09-28,India,43.9800
2005-09-29,India,43.9500
2005-09-30,India,43.9400
2005-10-03,India,44.0000
2005-10-04,India,44.1000
2005-10-05,India,44.2100
2005-10-06,India,44.1800
2005-10-07,India,44.3000
2005-10-10,India,
2005-10-11,India,44.7800
2005-10-12,India,44.7400
2005-10-13,India,44.8800
2005-10-14,India,44.7600
2005-10-17,India,44.8100
2005-10-18,India,45.0500
2005-10-19,India,45.1000
2005-10-20,India,45.1100
2005-10-21,India,45.0100
2005-10-24,India,45.1100
2005-10-25,India,44.9600
2005-10-26,India,45.0100
2005-10-27,India,44.9400
2005-10-28,India,45.0100
2005-10-31,India,45.0900
2005-11-01,India,45.0200
2005-11-02,India,45.1800
2005-11-03,India,45.2300
2005-11-04,India,45.4300
2005-11-07,India,45.7800
2005-11-08,India,45.7200
2005-11-09,India,45.7300
2005-11-10,India,45.6900
2005-11-11,India,
2005-11-14,India,45.6200
2005-11-15,India,45.6100
2005-11-16,India,45.7300
2005-11-17,India,45.6700
2005-11-18,India,45.7000
2005-11-21,India,45.7000
2005-11-22,India,45.7800
2005-11-23,India,45.7100
2005-11-24,India,
2005-11-25,India,45.7700
2005-11-28,India,45.8500
2005-11-29,India,45.8400
2005-11-30,India,45.8700
2005-12-01,India,45.9700
2005-12-02,India,46.1100
2005-12-05,India,46.2600
2005-12-06,India,46.1300
2005-12-07,India,46.1700
2005-12-08,India,46.1800
2005-12-09,India,46.1100
2005-12-12,India,46.0000
2005-12-13,India,46.0100
2005-12-14,India,45.6300
2005-12-15,India,45.2800
2005-12-16,India,45.1900
2005-12-19,India,44.9400
2005-12-20,India,45.1400
2005-12-21,India,45.1700
2005-12-22,India,45.1400
2005-12-23,India,45.1100
2005-12-26,India,
2005-12-27,India,45.1700
2005-12-28,India,45.0600
2005-12-29,India,45.1100
2005-12-30,India,44.9500
2006-01-02,India,
2006-01-03,India,44.9200
2006-01-04,India,44.7300
2006-01-05,India,44.6000
2006-01-06,India,44.3200
2006-01-09,India,44.2000
2006-01-10,India,44.1400
2006-01-11,India,43.8900
2006-01-12,India,43.9900
2006-01-13,India,44.1000
2006-01-16,India,
2006-01-17,India,44.2300
2006-01-18,India,44.2900
2006-01-19,India,44.1400
2006-01-20,India,44.1000
2006-01-23,India,44.1000
2006-01-24,India,44.1900
2006-01-25,India,44.0800
2006-01-26,India,44.0000
2006-01-27,India,44.0000
2006-01-30,India,44.0400
2006-01-31,India,43.9600
2006-02-01,India,44.1300
2006-02-02,India,44.1600
2006-02-03,India,44.1400
2006-02-06,India,44.1400
2006-02-07,India,44.1500
2006-02-08,India,44.1700
2006-02-09,India,44.1000
2006-02-10,India,44.1000
2006-02-13,India,44.1700
2006-02-14,India,44.1500
2006-02-15,India,44.1500
2006-02-16,India,44.2500
2006-02-17,India,44.3300
2006-02-20,India,
2006-02-21,India,44.3600
2006-02-22,India,44.5400
2006-02-23,India,44.3600
2006-02-24,India,44.3500
2006-02-27,India,44.4100
2006-02-28,India,44.2100
2006-03-01,India,44.3500
2006-03-02,India,44.1800
2006-03-03,India,44.0900
2006-03-06,India,44.1800
2006-03-07,India,44.2400
2006-03-08,India,44.3600
2006-03-09,India,44.3000
2006-03-10,India,44.3100
2006-03-13,India,44.3800
2006-03-14,India,44.3700
2006-03-15,India,44.1100
2006-03-16,India,44.2900
2006-03-17,India,44.2600
2006-03-20,India,44.2500
2006-03-21,India,44.2900
2006-03-22,India,44.3600
2006-03-23,India,44.4300
2006-03-24,India,44.4900
2006-03-27,India,44.5800
2006-03-28,India,44.4900
2006-03-29,India,44.5300
2006-03-30,India,44.4500
2006-03-31,India,44.4800
2006-04-03,India,44.3900
2006-04-04,India,44.5800
2006-04-05,India,44.4200
2006-04-06,India,44.4900
2006-04-07,India,44.4600
2006-04-10,India,44.6600
2006-04-11,India,44.6800
2006-04-12,India,45.0900
2006-04-13,India,45.0500
2006-04-14,India,45.0200
2006-04-17,India,44.9700
2006-04-18,India,45.0800
2006-04-19,India,45.0100
2006-04-20,India,45.0600
2006-04-21,India,45.0500
2006-04-24,India,44.8600
2006-04-25,India,44.8800
2006-04-26,India,45.0400
2006-04-27,India,44.8400
2006-04-28,India,44.8600
2006-05-01,India,44.7700
2006-05-02,India,44.8200
2006-05-03,India,44.8100
2006-05-04,India,44.8100
2006-05-05,India,44.8500
2006-05-08,India,44.8200
2006-05-09,India,44.8400
2006-05-10,India,44.8400
2006-05-11,India,44.8800
2006-05-12,India,44.8900
2006-05-15,India,45.3700
2006-05-16,India,45.0500
2006-05-17,India,44.6900
2006-05-18,India,45.2600
2006-05-19,India,45.3500
2006-05-22,India,45.4200
2006-05-23,India,45.3800
2006-05-24,India,45.5600
2006-05-25,India,45.7400
2006-05-26,India,45.8100
2006-05-29,India,
2006-05-30,India,46.1300
2006-05-31,India,46.2200
2006-06-01,India,46.1900
2006-06-02,India,45.6700
2006-06-05,India,45.7000
2006-06-06,India,45.8000
2006-06-07,India,45.8900
2006-06-08,India,45.9100
2006-06-09,India,45.8100
2006-06-12,India,45.7100
2006-06-13,India,45.8100
2006-06-14,India,45.5000
2006-06-15,India,45.8300
2006-06-16,India,45.6900
2006-06-19,India,45.7600
2006-06-20,India,45.8000
2006-06-21,India,45.8000
2006-06-22,India,45.9900
2006-06-23,India,46.0100
2006-06-26,India,46.2200
2006-06-27,India,46.2100
2006-06-28,India,46.2500
2006-06-29,India,46.1300
2006-06-30,India,45.8700
2006-07-03,India,45.9200
2006-07-04,India,
2006-07-05,India,45.9200
2006-07-06,India,45.9900
2006-07-07,India,45.8400
2006-07-10,India,45.9700
2006-07-11,India,46.0100
2006-07-12,India,46.0900
2006-07-13,India,46.1600
2006-07-14,India,46.1900
2006-07-17,India,46.6400
2006-07-18,India,46.6100
2006-07-19,India,46.8100
2006-07-20,India,46.7500
2006-07-21,India,46.6400
2006-07-24,India,46.8300
2006-07-25,India,46.7600
2006-07-26,India,46.6800
2006-07-27,India,46.5200
2006-07-28,India,46.5300
2006-07-31,India,46.4900
2006-08-01,India,46.5100
2006-08-02,India,46.6100
2006-08-03,India,46.4800
2006-08-04,India,46.4200
2006-08-07,India,46.5100
2006-08-08,India,46.4700
2006-08-09,India,46.4000
2006-08-10,India,46.3200
2006-08-11,India,46.5000
2006-08-14,India,46.5200
2006-08-15,India,46.4700
2006-08-16,India,46.4700
2006-08-17,India,46.3600
2006-08-18,India,46.3800
2006-08-21,India,46.4000
2006-08-22,India,46.4400
2006-08-23,India,46.4500
2006-08-24,India,46.4200
2006-08-25,India,46.4100
2006-08-28,India,46.4700
2006-08-29,India,46.4500
2006-08-30,India,46.3700
2006-08-31,India,46.4300
2006-09-01,India,46.3800
2006-09-04,India,
2006-09-05,India,46.1900
2006-09-06,India,46.1300
2006-09-07,India,46.1400
2006-09-08,India,46.0600
2006-09-11,India,46.1900
2006-09-12,India,46.2700
2006-09-13,India,46.1800
2006-09-14,India,46.1200
2006-09-15,India,45.9500
2006-09-18,India,46.0900
2006-09-19,India,46.0800
2006-09-20,India,45.8300
2006-09-21,India,45.7400
2006-09-22,India,45.7700
2006-09-25,India,45.8300
2006-09-26,India,45.7700
2006-09-27,India,45.7600
2006-09-28,India,45.7800
2006-09-29,India,45.9500
2006-10-02,India,45.9700
2006-10-03,India,45.6800
2006-10-04,India,45.6500
2006-10-05,India,45.5700
2006-10-06,India,45.4200
2006-10-09,India,
2006-10-10,India,45.6700
2006-10-11,India,45.5500
2006-10-12,India,45.5200
2006-10-13,India,45.3100
2006-10-16,India,45.3500
2006-10-17,India,45.1900
2006-10-18,India,45.2800
2006-10-19,India,45.2200
2006-10-20,India,45.1800
2006-10-23,India,45.3000
2006-10-24,India,45.1800
2006-10-25,India,45.3600
2006-10-26,India,45.1900
2006-10-27,India,45.0700
2006-10-30,India,44.9000
2006-10-31,India,44.9000
2006-11-01,India,44.7900
2006-11-02,India,44.8200
2006-11-03,India,44.7600
2006-11-06,India,44.8000
2006-11-07,India,44.6200
2006-11-08,India,44.5900
2006-11-09,India,44.4600
2006-11-10,India,44.5500
2006-11-13,India,44.8300
2006-11-14,India,45.0500
2006-11-15,India,45.2600
2006-11-16,India,44.8200
2006-11-17,India,44.7500
2006-11-20,India,44.8900
2006-11-21,India,44.7700
2006-11-22,India,44.6200
2006-11-23,India,
2006-11-24,India,44.5900
2006-11-27,India,44.5600
2006-11-28,India,44.5800
2006-11-29,India,44.5400
2006-11-30,India,44.5900
2006-12-01,India,44.5000
2006-12-04,India,44.4900
2006-12-05,India,44.4200
2006-12-06,India,44.6000
2006-12-07,India,44.5200
2006-12-08,India,44.5300
2006-12-11,India,44.6900
2006-12-12,India,44.7000
2006-12-13,India,44.6800
2006-12-14,India,44.5600
2006-12-15,India,44.5400
2006-12-18,India,44.6300
2006-12-19,India,44.6100
2006-12-20,India,44.5500
2006-12-21,India,44.5100
2006-12-22,India,44.3700
2006-12-25,India,
2006-12-26,India,44.3200
2006-12-27,India,44.2000
2006-12-28,India,44.1400
2006-12-29,India,44.1100
2007-01-01,India,
2007-01-02,India,44.1300
2007-01-03,India,44.2400
2007-01-04,India,44.1600
2007-01-05,India,44.2000
2007-01-08,India,44.3200
2007-01-09,India,44.2700
2007-01-10,India,44.4400
2007-01-11,India,44.4900
2007-01-12,India,44.4300
2007-01-15,India,
2007-01-16,India,44.2000
2007-01-17,India,44.0900
2007-01-18,India,44.1500
2007-01-19,India,44.1500
2007-01-22,India,44.1100
2007-01-23,India,44.1400
2007-01-24,India,44.1500
2007-01-25,India,44.1500
2007-01-26,India,44.0800
2007-01-29,India,44.1300
2007-01-30,India,44.2300
2007-01-31,India,44.0700
2007-02-01,India,44.0100
2007-02-02,India,44.0000
2007-02-05,India,44.0300
2007-02-06,India,44.0300
2007-02-07,India,44.0100
2007-02-08,India,43.9800
2007-02-09,India,43.9300
2007-02-12,India,44.0000
2007-02-13,India,44.0200
2007-02-14,India,44.0000
2007-02-15,India,43.9100
2007-02-16,India,43.8700
2007-02-19,India,
2007-02-20,India,44.1200
2007-02-21,India,44.0000
2007-02-22,India,44.0500
2007-02-23,India,44.0800
2007-02-26,India,44.0400
2007-02-27,India,44.2100
2007-02-28,India,44.0800
2007-03-01,India,44.1100
2007-03-02,India,44.1000
2007-03-05,India,44.4300
2007-03-06,India,44.1800
2007-03-07,India,44.1800
2007-03-08,India,44.1900
2007-03-09,India,44.0700
2007-03-12,India,44.1100
2007-03-13,India,44.0800
2007-03-14,India,44.2500
2007-03-15,India,44.1900
2007-03-16,India,44.0800
2007-03-19,India,44.0400
2007-03-20,India,43.5300
2007-03-21,India,43.2800
2007-03-22,India,43.5200
2007-03-23,India,43.5600
2007-03-26,India,43.2000
2007-03-27,India,43.0300
2007-03-28,India,42.7800
2007-03-29,India,43.4500
2007-03-30,India,43.1000
2007-04-02,India,43.0500
2007-04-03,India,43.0400
2007-04-04,India,42.8400
2007-04-05,India,42.7600
2007-04-06,India,42.7400
2007-04-09,India,42.6500
2007-04-10,India,42.6500
2007-04-11,India,42.6900
2007-04-12,India,42.6500
2007-04-13,India,42.4200
2007-04-16,India,41.7500
2007-04-17,India,41.9800
2007-04-18,India,42.0000
2007-04-19,India,42.0800
2007-04-20,India,41.7000
2007-04-23,India,41.6500
2007-04-24,India,40.7500
2007-04-25,India,40.5800
2007-04-26,India,40.5600
2007-04-27,India,40.7900
2007-04-30,India,41.0400
2007-05-01,India,41.0000
2007-05-02,India,41.0400
2007-05-03,India,40.8200
2007-05-04,India,40.5800
2007-05-07,India,40.5300
2007-05-08,India,40.6400
2007-05-09,India,40.6700
2007-05-10,India,41.0400
2007-05-11,India,40.7400
2007-05-14,India,40.5900
2007-05-15,India,40.6400
2007-05-16,India,40.5800
2007-05-17,India,40.5900
2007-05-18,India,40.3600
2007-05-21,India,40.4800
2007-05-22,India,40.1400
2007-05-23,India,40.2800
2007-05-24,India,40.4300
2007-05-25,India,40.2800
2007-05-28,India,
2007-05-29,India,40.1900
2007-05-30,India,40.5300
2007-05-31,India,40.3600
2007-06-01,India,40.2700
2007-06-04,India,40.5000
2007-06-05,India,40.2800
2007-06-06,India,40.4100
2007-06-07,India,40.5100
2007-06-08,India,40.8200
2007-06-11,India,40.5500
2007-06-12,India,40.4800
2007-06-13,India,40.7000
2007-06-14,India,40.6600
2007-06-15,India,40.5200
2007-06-18,India,40.5000
2007-06-19,India,40.5800
2007-06-20,India,40.5900
2007-06-21,India,40.5900
2007-06-22,India,40.5500
2007-06-25,India,40.7300
2007-06-26,India,40.9000
2007-06-27,India,40.8800
2007-06-28,India,40.8000
2007-06-29,India,40.5800
2007-07-02,India,40.4200
2007-07-03,India,40.4100
2007-07-04,India,
2007-07-05,India,40.3400
2007-07-06,India,40.3600
2007-07-09,India,40.3700
2007-07-10,India,40.3000
2007-07-11,India,40.3100
2007-07-12,India,40.2800
2007-07-13,India,40.2600
2007-07-16,India,40.2200
2007-07-17,India,40.2300
2007-07-18,India,40.2300
2007-07-19,India,40.2600
2007-07-20,India,40.1800
2007-07-23,India,40.1200
2007-07-24,India,40.1500
2007-07-25,India,40.2400
2007-07-26,India,40.2400
2007-07-27,India,40.3800
2007-07-30,India,40.2700
2007-07-31,India,40.1800
2007-08-01,India,40.2500
2007-08-02,India,40.3600
2007-08-03,India,40.2500
2007-08-06,India,40.2500
2007-08-07,India,40.2600
2007-08-08,India,40.2900
2007-08-09,India,40.4000
2007-08-10,India,40.4500
2007-08-13,India,40.4000
2007-08-14,India,40.8000
2007-08-15,India,40.5500
2007-08-16,India,41.1500
2007-08-17,India,41.0400
2007-08-20,India,40.9100
2007-08-21,India,41.0100
2007-08-22,India,40.7700
2007-08-23,India,41.0000
2007-08-24,India,40.9000
2007-08-27,India,40.8800
2007-08-28,India,41.1000
2007-08-29,India,40.9500
2007-08-30,India,41.0200
2007-08-31,India,40.6300
2007-09-03,India,40.6300
2007-09-04,India,40.7600
2007-09-05,India,40.8100
2007-09-06,India,40.6000
2007-09-07,India,40.4000
2007-09-10,India,40.4800
2007-09-11,India,40.3600
2007-09-12,India,40.3400
2007-09-13,India,40.2500
2007-09-14,India,40.4000
2007-09-17,India,40.5200
2007-09-18,India,40.4500
2007-09-19,India,39.8100
2007-09-20,India,39.8700
2007-09-21,India,39.8400
2007-09-24,India,39.5000
2007-09-25,India,39.5500
2007-09-26,India,39.5000
2007-09-27,India,39.6500
2007-09-28,India,39.7500
2007-10-01,India,39.7000
2007-10-02,India,39.6500
2007-10-03,India,39.3800
2007-10-04,India,39.3700
2007-10-05,India,39.4700
2007-10-08,India,39.4700
2007-10-09,India,38.4800
2007-10-10,India,39.1300
2007-10-11,India,39.2000
2007-10-12,India,39.1600
2007-10-15,India,39.2900
2007-10-16,India,39.2300
2007-10-17,India,39.3500
2007-10-18,India,39.7200
2007-10-19,India,39.6000
2007-10-22,India,39.7200
2007-10-23,India,39.4800
2007-10-24,India,39.4900
2007-10-25,India,39.3500
2007-10-26,India,39.3000
2007-10-29,India,39.3200
2007-10-30,India,39.3000
2007-10-31,India,39.2600
2007-11-01,India,39.2200
2007-11-02,India,39.2500
2007-11-05,India,39.1800
2007-11-06,India,39.2300
2007-11-07,India,39.1500
2007-11-08,India,39.1300
2007-11-09,India,39.1100
2007-11-12,India,
2007-11-13,India,39.2200
2007-11-14,India,39.1800
2007-11-15,India,39.1800
2007-11-16,India,39.2400
2007-11-19,India,39.2300
2007-11-20,India,39.3200
2007-11-21,India,39.2900
2007-11-22,India,39.2900
2007-11-23,India,39.6500
2007-11-26,India,39.5800
2007-11-27,India,39.6800
2007-11-28,India,39.5600
2007-11-29,India,39.6500
2007-11-30,India,39.5200
2007-12-03,India,39.3900
2007-12-04,India,39.3300
2007-12-05,India,39.3100
2007-12-06,India,39.3900
2007-12-07,India,39.3600
2007-12-10,India,39.3000
2007-12-11,India,39.3100
2007-12-12,India,39.2900
2007-12-13,India,39.2900
2007-12-14,India,39.3000
2007-12-17,India,39.4900
2007-12-18,India,39.4800
2007-12-19,India,39.5500
2007-12-20,India,39.4100
2007-12-21,India,39.3000
2007-12-24,India,39.3800
2007-12-25,India,
2007-12-26,India,39.3800
2007-12-27,India,39.4000
2007-12-28,India,39.4300
2007-12-31,India,39.4100
2008-01-01,India,
2008-01-02,India,39.4100
2008-01-03,India,39.2600
2008-01-04,India,39.1500
2008-01-07,India,39.1500
2008-01-08,India,39.1300
2008-01-09,India,39.1300
2008-01-10,India,39.2700
2008-01-11,India,39.1500
2008-01-14,India,39.1400
2008-01-15,India,39.2600
2008-01-16,India,39.2900
2008-01-17,India,39.1600
2008-01-18,India,39.2000
2008-01-21,India,
2008-01-22,India,39.3800
2008-01-23,India,39.5500
2008-01-24,India,39.3700
2008-01-25,India,39.3300
2008-01-28,India,39.3500
2008-01-29,India,39.2800
2008-01-30,India,39.3500
2008-01-31,India,39.3100
2008-02-01,India,39.1200
2008-02-04,India,39.1300
2008-02-05,India,39.4000
2008-02-06,India,39.4900
2008-02-07,India,39.4300
2008-02-08,India,39.6100
2008-02-11,India,39.6000
2008-02-12,India,39.5600
2008-02-13,India,39.7500
2008-02-14,India,39.5700
2008-02-15,India,39.6500
2008-02-18,India,
2008-02-19,India,39.9100
2008-02-20,India,40.1100
2008-02-21,India,39.8300
2008-02-22,India,40.0400
2008-02-25,India,39.9000
2008-02-26,India,39.8900
2008-02-27,India,39.6800
2008-02-28,India,39.8400
2008-02-29,India,39.9600
2008-03-03,India,40.3300
2008-03-04,India,40.2700
2008-03-05,India,40.1900
2008-03-06,India,40.1300
2008-03-07,India,40.4200
2008-03-10,India,40.3900
2008-03-11,India,40.2300
2008-03-12,India,40.0200
2008-03-13,India,40.1800
2008-03-14,India,40.4000
2008-03-17,India,40.4600
2008-03-18,India,40.2000
2008-03-19,India,40.0000
2008-03-20,India,40.3200
2008-03-21,India,39.8600
2008-03-24,India,40.0300
2008-03-25,India,39.9300
2008-03-26,India,39.9600
2008-03-27,India,39.9500
2008-03-28,India,39.7600
2008-03-31,India,40.0200
2008-04-01,India,39.8800
2008-04-02,India,39.8800
2008-04-03,India,39.9400
2008-04-04,India,39.9300
2008-04-07,India,39.9600
2008-04-08,India,39.9000
2008-04-09,India,39.9100
2008-04-10,India,39.8900
2008-04-11,India,39.8400
2008-04-14,India,39.8600
2008-04-15,India,39.8300
2008-04-16,India,39.8900
2008-04-17,India,39.7900
2008-04-18,India,39.7300
2008-04-21,India,39.9200
2008-04-22,India,39.9300
2008-04-23,India,40.0000
2008-04-24,India,40.1400
2008-04-25,India,40.1300
2008-04-28,India,40.1000
2008-04-29,India,40.3700
2008-04-30,India,40.4500
2008-05-01,India,40.5800
2008-05-02,India,40.5500
2008-05-05,India,40.4500
2008-05-06,India,40.8000
2008-05-07,India,41.3000
2008-05-08,India,41.6600
2008-05-09,India,41.5500
2008-05-12,India,42.0000
2008-05-13,India,42.0800
2008-05-14,India,42.3400
2008-05-15,India,42.6000
2008-05-16,India,42.5000
2008-05-19,India,42.4600
2008-05-20,India,42.5000
2008-05-21,India,42.7700
2008-05-22,India,42.9300
2008-05-23,India,42.6800
2008-05-26,India,
2008-05-27,India,42.8600
2008-05-28,India,42.7500
2008-05-29,India,42.5300
2008-05-30,India,42.1500
2008-06-02,India,42.3800
2008-06-03,India,42.5000
2008-06-04,India,42.6000
2008-06-05,India,42.8200
2008-06-06,India,42.6300
2008-06-09,India,42.8500
2008-06-10,India,42.9200
2008-06-11,India,42.6500
2008-06-12,India,42.7000
2008-06-13,India,42.8600
2008-06-16,India,42.9300
2008-06-17,India,42.8600
2008-06-18,India,42.8000
2008-06-19,India,42.9100
2008-06-20,India,42.8600
2008-06-23,India,42.9700
2008-06-24,India,42.7500
2008-06-25,India,42.7300
2008-06-26,India,42.6000
2008-06-27,India,42.7800
2008-06-30,India,42.9300
2008-07-01,India,43.2300
2008-07-02,India,43.1500
2008-07-03,India,43.1700
2008-07-04,India,
2008-07-07,India,43.2900
2008-07-08,India,43.2300
2008-07-09,India,43.0200
2008-07-10,India,42.9400
2008-07-11,India,42.8000
2008-07-14,India,42.8000
2008-07-15,India,43.1200
2008-07-16,India,43.0500
2008-07-17,India,42.7000
2008-07-18,India,42.6600
2008-07-21,India,42.5700
2008-07-22,India,42.6500
2008-07-23,India,42.0500
2008-07-24,India,42.1000
2008-07-25,India,41.1000
2008-07-28,India,42.5200
2008-07-29,India,42.5600
2008-07-30,India,42.2800
2008-07-31,India,42.4700
2008-08-01,India,42.2600
2008-08-04,India,42.4500
2008-08-05,India,42.1500
2008-08-06,India,42.0100
2008-08-07,India,42.0500
2008-08-08,India,42.0500
2008-08-11,India,42.0600
2008-08-12,India,42.3400
2008-08-13,India,42.5500
2008-08-14,India,43.0000
2008-08-15,India,42.8000
2008-08-18,India,43.4900
2008-08-19,India,43.5100
2008-08-20,India,43.6100
2008-08-21,India,43.4300
2008-08-22,India,43.3200
2008-08-25,India,43.6800
2008-08-26,India,43.7400
2008-08-27,India,43.6200
2008-08-28,India,43.6500
2008-08-29,India,43.2500
2008-09-01,India,
2008-09-02,India,44.4000
2008-09-03,India,43.9500
2008-09-04,India,44.2600
2008-09-05,India,44.6300
2008-09-08,India,44.5000
2008-09-09,India,44.8300
2008-09-10,India,45.1400
2008-09-11,India,45.4600
2008-09-12,India,45.6200
2008-09-15,India,45.9300
2008-09-16,India,46.8100
2008-09-17,India,46.1600
2008-09-18,India,46.3600
2008-09-19,India,45.7100
2008-09-22,India,45.3000
2008-09-23,India,45.6500
2008-09-24,India,45.9200
2008-09-25,India,46.0800
2008-09-26,India,46.4800
2008-09-29,India,46.4900
2008-09-30,India,46.4500
2008-10-01,India,46.4700
2008-10-02,India,46.6300
2008-10-03,India,47.0100
2008-10-06,India,47.7700
2008-10-07,India,47.7800
2008-10-08,India,48.0000
2008-10-09,India,48.0000
2008-10-10,India,48.4100
2008-10-13,India,
2008-10-14,India,47.9300
2008-10-15,India,48.5300
2008-10-16,India,48.8800
2008-10-17,India,48.8800
2008-10-20,India,48.9600
2008-10-21,India,49.1000
2008-10-22,India,49.2500
2008-10-23,India,49.8200
2008-10-24,India,49.9600
2008-10-27,India,49.8000
2008-10-28,India,49.5700
2008-10-29,India,49.7100
2008-10-30,India,49.6800
2008-10-31,India,49.4000
2008-11-03,India,48.6100
2008-11-04,India,47.2500
2008-11-05,India,47.2800
2008-11-06,India,47.6400
2008-11-07,India,47.5400
2008-11-10,India,47.3000
2008-11-11,India,
2008-11-12,India,49.2000
2008-11-13,India,49.0000
2008-11-14,India,48.7800
2008-11-17,India,49.1900
2008-11-18,India,49.5100
2008-11-19,India,49.8400
2008-11-20,India,50.1200
2008-11-21,India,49.5300
2008-11-24,India,49.9400
2008-11-25,India,49.8700
2008-11-26,India,49.1800
2008-11-27,India,
2008-11-28,India,49.5500
2008-12-01,India,49.9400
2008-12-02,India,50.0500
2008-12-03,India,49.9200
2008-12-04,India,49.8200
2008-12-05,India,49.6000
2008-12-08,India,49.4400
2008-12-09,India,49.2800
2008-12-10,India,48.7000
2008-12-11,India,48.1900
2008-12-12,India,48.2000
2008-12-15,India,47.6200
2008-12-16,India,47.8100
2008-12-17,India,47.5000
2008-12-18,India,46.7400
2008-12-19,India,47.0500
2008-12-22,India,47.7100
2008-12-23,India,48.6600
2008-12-24,India,47.7600
2008-12-25,India,
2008-12-26,India,48.4200
2008-12-29,India,48.2500
2008-12-30,India,48.0500
2008-12-31,India,48.5800
2009-01-01,India,
2009-01-02,India,48.2500
2009-01-05,India,48.5000
2009-01-06,India,48.5000
2009-01-07,India,48.5600
2009-01-08,India,48.4500
2009-01-09,India,48.2600
2009-01-12,India,48.7800
2009-01-13,India,48.8900
2009-01-14,India,48.7500
2009-01-15,India,48.8700
2009-01-16,India,48.6200
2009-01-19,India,
2009-01-20,India,49.0100
2009-01-21,India,49.0000
2009-01-22,India,49.0700
2009-01-23,India,49.0000
2009-01-26,India,48.5000
2009-01-27,India,48.8500
2009-01-28,India,48.8100
2009-01-29,India,48.4900
2009-01-30,India,48.8300
2009-02-02,India,48.8400
2009-02-03,India,48.3700
2009-02-04,India,48.6800
2009-02-05,India,48.7200
2009-02-06,India,48.6100
2009-02-09,India,48.5200
2009-02-10,India,48.6800
2009-02-11,India,48.7800
2009-02-12,India,48.7000
2009-02-13,India,48.5800
2009-02-16,India,
2009-02-17,India,49.6000
2009-02-18,India,49.8400
2009-02-19,India,49.7300
2009-02-20,India,49.7100
2009-02-23,India,49.4600
2009-02-24,India,49.7500
2009-02-25,India,49.9500
2009-02-26,India,50.3200
2009-02-27,India,50.8800
2009-03-02,India,51.8000
2009-03-03,India,51.9600
2009-03-04,India,51.5300
2009-03-05,India,51.6000
2009-03-06,India,51.6800
2009-03-09,India,51.9100
2009-03-10,India,51.3500
2009-03-11,India,50.9800
2009-03-12,India,51.6900
2009-03-13,India,51.5400
2009-03-16,India,51.3100
2009-03-17,India,51.4200
2009-03-18,India,51.2200
2009-03-19,India,50.2100
2009-03-20,India,50.5100
2009-03-23,India,50.3800
2009-03-24,India,50.4000
2009-03-25,India,50.5000
2009-03-26,India,50.4000
2009-03-27,India,50.4600
2009-03-30,India,51.1200
2009-03-31,India,50.8700
2009-04-01,India,50.4800
2009-04-02,India,50.2200
2009-04-03,India,49.9100
2009-04-06,India,50.0100
2009-04-07,India,50.0000
2009-04-08,India,50.2800
2009-04-09,India,49.8200
2009-04-10,India,49.7800
2009-04-13,India,49.7700
2009-04-14,India,49.6200
2009-04-15,India,49.5500
2009-04-16,India,49.6300
2009-04-17,India,49.8000
2009-04-20,India,49.7800
2009-04-21,India,50.4500
2009-04-22,India,50.2000
2009-04-23,India,49.8800
2009-04-24,India,49.6900
2009-04-27,India,50.1500
2009-04-28,India,50.4700
2009-04-29,India,50.0500
2009-04-30,India,49.7000
2009-05-01,India,49.6500
2009-05-04,India,49.7500
2009-05-05,India,49.2200
2009-05-06,India,49.4000
2009-05-07,India,49.0900
2009-05-08,India,49.1300
2009-05-11,India,49.4400
2009-05-12,India,49.2100
2009-05-13,India,49.5800
2009-05-14,India,49.6500
2009-05-15,India,49.3800
2009-05-18,India,47.5800
2009-05-19,India,47.6500
2009-05-20,India,47.3000
2009-05-21,India,47.3000
2009-05-22,India,46.9500
2009-05-25,India,
2009-05-26,India,47.7000
2009-05-27,India,47.6100
2009-05-28,India,47.5000
2009-05-29,India,47.1100
2009-06-01,India,46.7800
2009-06-02,India,46.8400
2009-06-03,India,46.8800
2009-06-04,India,47.1900
2009-06-05,India,47.0500
2009-06-08,India,47.5000
2009-06-09,India,47.3000
2009-06-10,India,47.1800
2009-06-11,India,47.4900
2009-06-12,India,47.6000
2009-06-15,India,47.6700
2009-06-16,India,47.6100
2009-06-17,India,47.9600
2009-06-18,India,48.1800
2009-06-19,India,48.0000
2009-06-22,India,48.5000
2009-06-23,India,48.4500
2009-06-24,India,48.4000
2009-06-25,India,48.5000
2009-06-26,India,48.0000
2009-06-29,India,48.0000
2009-06-30,India,47.7400
2009-07-01,India,47.7500
2009-07-02,India,47.9000
2009-07-03,India,47.8000
2009-07-06,India,48.5000
2009-07-07,India,48.4400
2009-07-08,India,48.8000
2009-07-09,India,48.5700
2009-07-10,India,48.7600
2009-07-13,India,49.1600
2009-07-14,India,48.9550
2009-07-15,India,48.5500
2009-07-16,India,48.6100
2009-07-17,India,48.5600
2009-07-20,India,48.1000
2009-07-21,India,48.2000
2009-07-22,India,48.4500
2009-07-23,India,48.2500
2009-07-24,India,48.1600
2009-07-27,India,48.1100
2009-07-28,India,48.2000
2009-07-29,India,48.2500
2009-07-30,India,48.3500
2009-07-31,India,47.9100
2009-08-03,India,47.4000
2009-08-04,India,47.4600
2009-08-05,India,47.2700
2009-08-06,India,47.5200
2009-08-07,India,47.7200
2009-08-10,India,47.7000
2009-08-11,India,47.8800
2009-08-12,India,48.2200
2009-08-13,India,48.1100
2009-08-14,India,48.1800
2009-08-17,India,48.8200
2009-08-18,India,48.7900
2009-08-19,India,48.7000
2009-08-20,India,48.5800
2009-08-21,India,48.4300
2009-08-24,India,48.5000
2009-08-25,India,48.7550
2009-08-26,India,48.9000
2009-08-27,India,48.8100
2009-08-28,India,48.5200
2009-08-31,India,48.8300
2009-09-01,India,49.0500
2009-09-02,India,48.8800
2009-09-03,India,48.8700
2009-09-04,India,48.8600
2009-09-07,India,
2009-09-08,India,48.4000
2009-09-09,India,48.3300
2009-09-10,India,48.4500
2009-09-11,India,48.3900
2009-09-14,India,48.6700
2009-09-15,India,48.5000
2009-09-16,India,48.2000
2009-09-17,India,48.1000
2009-09-18,India,48.0200
2009-09-21,India,47.9500
2009-09-22,India,47.8600
2009-09-23,India,47.9000
2009-09-24,India,47.8900
2009-09-25,India,47.9300
2009-09-28,India,47.7500
2009-09-29,India,48.0500
2009-09-30,India,48.0900
2009-10-01,India,47.7200
2009-10-02,India,47.6100
2009-10-05,India,47.3900
2009-10-06,India,46.7900
2009-10-07,India,46.5800
2009-10-08,India,46.2000
2009-10-09,India,46.4400
2009-10-12,India,
2009-10-13,India,46.2800
2009-10-14,India,46.0000
2009-10-15,India,46.0400
2009-10-16,India,46.2000
2009-10-19,India,46.0200
2009-10-20,India,46.2400
2009-10-21,India,46.3400
2009-10-22,India,46.5900
2009-10-23,India,46.4100
2009-10-26,India,46.6800
2009-10-27,India,46.9300
2009-10-28,India,47.1600
2009-10-29,India,47.1800
2009-10-30,India,46.9000
2009-11-02,India,46.8100
2009-11-03,India,47.3700
2009-11-04,India,46.9400
2009-11-05,India,46.9300
2009-11-06,India,46.8300
2009-11-09,India,46.3600
2009-11-10,India,46.3000
2009-11-11,India,
2009-11-12,India,46.6000
2009-11-13,India,46.2400
2009-11-16,India,46.0600
2009-11-17,India,46.2000
2009-11-18,India,46.2000
2009-11-19,India,46.7300
2009-11-20,India,46.6300
2009-11-23,India,46.4000
2009-11-24,India,46.3100
2009-11-25,India,46.1800
2009-11-26,India,
2009-11-27,India,46.5500
2009-11-30,India,46.4400
2009-12-01,India,46.2100
2009-12-02,India,46.2400
2009-12-03,India,46.0000
2009-12-04,India,46.1000
2009-12-07,India,46.4500
2009-12-08,India,46.6000
2009-12-09,India,46.5100
2009-12-10,India,46.5000
2009-12-11,India,46.4700
2009-12-14,India,46.6500
2009-12-15,India,46.7000
2009-12-16,India,46.5700
2009-12-17,India,46.8500
2009-12-18,India,46.6900
2009-12-21,India,46.8000
2009-12-22,India,46.7800
2009-12-23,India,46.8000
2009-12-24,India,46.7200
2009-12-25,India,
2009-12-28,India,46.4400
2009-12-29,India,46.5600
2009-12-30,India,46.5600
2009-12-31,India,46.4000
2010-01-01,India,
2010-01-04,India,46.2700
2010-01-05,India,46.1300
2010-01-06,India,45.7200
2010-01-07,India,45.6700
2010-01-08,India,45.5000
2010-01-11,India,45.3500
2010-01-12,India,45.6000
2010-01-13,India,45.4700
2010-01-14,India,45.5500
2010-01-15,India,45.8000
2010-01-18,India,
2010-01-19,India,45.8400
2010-01-20,India,46.1000
2010-01-21,India,46.1000
2010-01-22,India,46.2100
2010-01-25,India,46.0600
2010-01-26,India,
2010-01-27,India,46.3000
2010-01-28,India,46.3500
2010-01-29,India,46.0800
2010-02-01,India,46.2700
2010-02-02,India,46.1100
2010-02-03,India,45.9700
2010-02-04,India,46.2100
2010-02-05,India,46.7200
2010-02-08,India,46.7900
2010-02-09,India,46.4900
2010-02-10,India,46.3600
2010-02-11,India,46.3900
2010-02-12,India,46.4400
2010-02-15,India,
2010-02-16,India,45.9900
2010-02-17,India,46.0000
2010-02-18,India,46.2000
2010-02-19,India,46.2400
2010-02-22,India,46.1500
2010-02-23,India,46.2500
2010-02-24,India,46.2700
2010-02-25,India,46.2900
2010-02-26,India,46.0500
2010-03-01,India,46.0100
2010-03-02,India,46.0100
2010-03-03,India,45.5500
2010-03-04,India,45.8200
2010-03-05,India,45.4900
2010-03-08,India,45.5000
2010-03-09,India,45.6000
2010-03-10,India,45.3500
2010-03-11,India,45.4900
2010-03-12,India,45.4800
2010-03-15,India,45.5500
2010-03-16,India,45.4500
2010-03-17,India,45.2800
2010-03-18,India,45.4500
2010-03-19,India,45.3100
2010-03-22,India,45.5200
2010-03-23,India,45.5000
2010-03-24,India,45.4000
2010-03-25,India,45.5000
2010-03-26,India,45.1600
2010-03-29,India,44.9400
2010-03-30,India,45.0600
2010-03-31,India,44.9500
2010-04-01,India,44.7900
2010-04-02,India,44.7400
2010-04-05,India,44.3900
2010-04-06,India,44.4100
2010-04-07,India,44.4400
2010-04-08,India,44.4100
2010-04-09,India,44.1000
2010-04-12,India,44.4100
2010-04-13,India,44.4675
2010-04-14,India,44.2000
2010-04-15,India,44.3200
2010-04-16,India,44.3000
2010-04-19,India,44.7200
2010-04-20,India,44.5000
2010-04-21,India,44.5400
2010-04-22,India,44.5200
2010-04-23,India,44.4200
2010-04-26,India,44.3300
2010-04-27,India,44.4100
2010-04-28,India,44.5400
2010-04-29,India,44.6100
2010-04-30,India,44.2000
2010-05-03,India,44.4600
2010-05-04,India,44.6200
2010-05-05,India,44.8200
2010-05-06,India,45.2900
2010-05-07,India,45.4000
2010-05-10,India,44.8400
2010-05-11,India,45.1000
2010-05-12,India,45.0800
2010-05-13,India,45.0000
2010-05-14,India,45.2000
2010-05-17,India,45.5100
2010-05-18,India,45.5100
2010-05-19,India,46.2700
2010-05-20,India,46.8000
2010-05-21,India,46.9000
2010-05-24,India,46.9700
2010-05-25,India,47.4900
2010-05-26,India,47.1000
2010-05-27,India,46.7100
2010-05-28,India,46.3100
2010-05-31,India,
2010-06-01,India,47.0800
2010-06-02,India,46.8900
2010-06-03,India,46.5500
2010-06-04,India,46.8500
2010-06-07,India,47.0800
2010-06-08,India,46.8200
2010-06-09,India,46.9500
2010-06-10,India,46.8900
2010-06-11,India,46.7600
2010-06-14,India,46.4000
2010-06-15,India,46.4100
2010-06-16,India,46.4300
2010-06-17,India,46.2200
2010-06-18,India,45.9600
2010-06-21,India,45.6400
2010-06-22,India,46.0000
2010-06-23,India,46.1850
2010-06-24,India,46.4775
2010-06-25,India,46.3600
2010-06-28,India,46.2000
2010-06-29,India,46.4000
2010-06-30,India,46.4100
2010-07-01,India,46.5900
2010-07-02,India,46.5500
2010-07-05,India,
2010-07-06,India,46.7600
2010-07-07,India,46.9600
2010-07-08,India,46.8650
2010-07-09,India,46.6600
2010-07-12,India,46.6600
2010-07-13,India,46.7400
2010-07-14,India,46.7100
2010-07-15,India,46.5000
2010-07-16,India,46.7000
2010-07-19,India,47.1000
2010-07-20,India,47.2300
2010-07-21,India,47.0800
2010-07-22,India,47.1200
2010-07-23,India,46.9000
2010-07-26,India,47.0400
2010-07-27,India,46.2500
2010-07-28,India,46.7000
2010-07-29,India,46.5300
2010-07-30,India,46.3500
2010-08-02,India,46.0900
2010-08-03,India,46.1100
2010-08-04,India,46.0200
2010-08-05,India,46.0600
2010-08-06,India,45.9400
2010-08-09,India,46.0700
2010-08-10,India,46.3000
2010-08-11,India,46.6600
2010-08-12,India,46.7000
2010-08-13,India,46.6100
2010-08-16,India,46.6800
2010-08-17,India,46.6000
2010-08-18,India,46.5400
2010-08-19,India,46.3500
2010-08-20,India,45.7000
2010-08-23,India,46.5000
2010-08-24,India,46.8600
2010-08-25,India,46.8700
2010-08-26,India,46.7800
2010-08-27,India,46.8000
2010-08-30,India,46.8700
2010-08-31,India,47.0200
2010-09-01,India,46.7400
2010-09-02,India,46.6500
2010-09-03,India,46.5800
2010-09-06,India,
2010-09-07,India,46.8200
2010-09-08,India,46.5000
2010-09-09,India,46.3000
2010-09-10,India,46.2800
2010-09-13,India,46.2600
2010-09-14,India,46.1500
2010-09-15,India,46.2300
2010-09-16,India,46.1400
2010-09-17,India,45.8800
2010-09-20,India,45.6500
2010-09-21,India,45.5900
2010-09-22,India,45.5600
2010-09-23,India,45.5600
2010-09-24,India,45.1000
2010-09-27,India,44.9400
2010-09-28,India,45.0400
2010-09-29,India,44.8000
2010-09-30,India,44.5600
2010-10-01,India,44.4100
2010-10-04,India,44.5500
2010-10-05,India,44.4600
2010-10-06,India,44.2500
2010-10-07,India,44.2100
2010-10-08,India,44.3900
2010-10-11,India,
2010-10-12,India,44.5500
2010-10-13,India,44.3500
2010-10-14,India,44.0500
2010-10-15,India,44.1500
2010-10-18,India,44.2600
2010-10-19,India,44.3000
2010-10-20,India,44.2500
2010-10-21,India,44.2500
2010-10-22,India,44.5200
2010-10-25,India,44.3900
2010-10-26,India,44.5400
2010-10-27,India,44.4000
2010-10-28,India,44.3600
2010-10-29,India,44.4400
2010-11-01,India,44.3600
2010-11-02,India,44.0000
2010-11-03,India,44.3800
2010-11-04,India,44.0800
2010-11-05,India,43.9000
2010-11-08,India,44.2900
2010-11-09,India,44.2500
2010-11-10,India,44.2800
2010-11-11,India,
2010-11-12,India,44.7800
2010-11-15,India,45.1100
2010-11-16,India,45.5100
2010-11-17,India,45.0900
2010-11-18,India,45.1400
2010-11-19,India,45.2500
2010-11-22,India,45.4800
2010-11-23,India,45.5600
2010-11-24,India,45.7200
2010-11-25,India,
2010-11-26,India,45.8200
2010-11-29,India,45.8000
2010-11-30,India,45.8300
2010-12-01,India,45.2900
2010-12-02,India,45.0900
2010-12-03,India,44.9000
2010-12-06,India,44.8900
2010-12-07,India,44.7000
2010-12-08,India,45.0000
2010-12-09,India,45.1300
2010-12-10,India,45.1000
2010-12-13,India,45.1800
2010-12-14,India,45.0100
2010-12-15,India,45.3800
2010-12-16,India,45.5400
2010-12-17,India,45.1600
2010-12-20,India,45.4000
2010-12-21,India,45.1900
2010-12-22,India,45.0500
2010-12-23,India,45.0600
2010-12-24,India,
2010-12-27,India,45.2600
2010-12-28,India,45.0000
2010-12-29,India,44.9700
2010-12-30,India,44.8000
2010-12-31,India,
2011-01-03,India,44.5900
2011-01-04,India,44.9000
2011-01-05,India,45.3500
2011-01-06,India,45.1500
2011-01-07,India,45.3500
2011-01-10,India,45.3600
2011-01-11,India,45.0800
2011-01-12,India,45.0200
2011-01-13,India,45.0200
2011-01-14,India,45.4100
2011-01-17,India,
2011-01-18,India,45.3200
2011-01-19,India,45.5000
2011-01-20,India,45.7700
2011-01-21,India,45.5800
2011-01-24,India,45.5100
2011-01-25,India,45.7000
2011-01-26,India,45.4600
2011-01-27,India,45.6800
2011-01-28,India,45.8300
2011-01-31,India,45.9200
2011-02-01,India,45.6500
2011-02-02,India,45.5500
2011-02-03,India,45.6600
2011-02-04,India,45.6000
2011-02-07,India,45.3500
2011-02-08,India,45.1500
2011-02-09,India,45.3600
2011-02-10,India,45.6400
2011-02-11,India,45.6000
2011-02-14,India,45.4400
2011-02-15,India,45.4100
2011-02-16,India,45.4000
2011-02-17,India,45.2500
2011-02-18,India,45.1000
2011-02-21,India,
2011-02-22,India,45.1500
2011-02-23,India,45.0600
2011-02-24,India,45.4000
2011-02-25,India,45.2600
2011-02-28,India,45.1800
2011-03-01,India,44.8200
2011-03-02,India,44.8100
2011-03-03,India,45.0400
2011-03-04,India,44.8900
2011-03-07,India,44.9500
2011-03-08,India,45.0300
2011-03-09,India,44.8800
2011-03-10,India,45.1700
2011-03-11,India,45.2400
2011-03-14,India,44.9900
2011-03-15,India,45.2200
2011-03-16,India,45.0000
2011-03-17,India,45.1200
2011-03-18,India,45.0600
2011-03-21,India,44.9800
2011-03-22,India,44.9500
2011-03-23,India,44.8000
2011-03-24,India,44.6900
2011-03-25,India,44.6000
2011-03-28,India,44.8000
2011-03-29,India,44.7000
2011-03-30,India,44.7500
2011-03-31,India,44.5400
2011-04-01,India,44.4400
2011-04-04,India,44.3000
2011-04-05,India,44.3000
2011-04-06,India,44.0600
2011-04-07,India,44.1800
2011-04-08,India,44.0500
2011-04-11,India,44.3300
2011-04-12,India,44.1700
2011-04-13,India,44.4600
2011-04-14,India,44.3900
2011-04-15,India,44.2600
2011-04-18,India,44.3600
2011-04-19,India,44.4900
2011-04-20,India,44.3300
2011-04-21,India,44.2600
2011-04-22,India,44.3600
2011-04-25,India,44.4100
2011-04-26,India,44.5100
2011-04-27,India,44.0000
2011-04-28,India,44.4200
2011-04-29,India,44.2400
2011-05-02,India,44.2700
2011-05-03,India,44.4700
2011-05-04,India,44.3500
2011-05-05,India,44.7600
2011-05-06,India,44.7200
2011-05-09,India,44.6800
2011-05-10,India,44.7500
2011-05-11,India,44.5900
2011-05-12,India,44.9800
2011-05-13,India,44.8600
2011-05-16,India,45.1500
2011-05-17,India,45.1300
2011-05-18,India,45.0600
2011-05-19,India,44.9000
2011-05-20,India,44.9900
2011-05-23,India,45.2200
2011-05-24,India,45.2100
2011-05-25,India,45.3200
2011-05-26,India,45.3300
2011-05-27,India,45.1700
2011-05-30,India,
2011-05-31,India,45.0400
2011-06-01,India,44.8400
2011-06-02,India,44.8600
2011-06-03,India,44.8200
2011-06-06,India,44.7800
2011-06-07,India,44.6700
2011-06-08,India,44.7200
2011-06-09,India,44.6400
2011-06-10,India,44.7200
2011-06-13,India,44.8500
2011-06-14,India,44.7400
2011-06-15,India,44.7900
2011-06-16,India,44.8800
2011-06-17,India,44.7600
2011-06-20,India,44.9200
2011-06-21,India,44.8400
2011-06-22,India,44.8200
2011-06-23,India,44.8900
2011-06-24,India,44.9900
2011-06-27,India,44.9400
2011-06-28,India,45.0000
2011-06-29,India,44.7800
2011-06-30,India,44.5900
2011-07-01,India,44.6200
2011-07-04,India,
2011-07-05,India,44.3500
2011-07-06,India,44.4800
2011-07-07,India,44.3200
2011-07-08,India,44.4100
2011-07-11,India,44.4800
2011-07-12,India,44.6000
2011-07-13,India,44.5200
2011-07-14,India,44.5000
2011-07-15,India,44.5100
2011-07-18,India,44.6000
2011-07-19,India,44.4800
2011-07-20,India,44.4400
2011-07-21,India,44.4000
2011-07-22,India,44.3400
2011-07-25,India,44.3900
2011-07-26,India,44.1000
2011-07-27,India,44.1500
2011-07-28,India,44.0300
2011-07-29,India,44.2000
2011-08-01,India,44.0600
2011-08-02,India,44.2600
2011-08-03,India,44.3100
2011-08-04,India,44.5600
2011-08-05,India,44.7300
2011-08-08,India,45.0000
2011-08-09,India,45.2000
2011-08-10,India,45.2500
2011-08-11,India,45.2900
2011-08-12,India,45.3900
2011-08-15,India,45.2300
2011-08-16,India,45.2500
2011-08-17,India,45.3000
2011-08-18,India,45.7100
2011-08-19,India,45.6600
2011-08-22,India,45.5600
2011-08-23,India,45.6200
2011-08-24,India,45.8900
2011-08-25,India,46.0400
2011-08-26,India,46.1500
2011-08-29,India,45.9500
2011-08-30,India,46.0100
2011-08-31,India,45.7900
2011-09-01,India,45.6600
2011-09-02,India,45.7400
2011-09-05,India,
2011-09-06,India,46.0000
2011-09-07,India,46.0700
2011-09-08,India,46.2000
2011-09-09,India,46.6400
2011-09-12,India,47.2200
2011-09-13,India,47.4900
2011-09-14,India,47.5800
2011-09-15,India,47.5400
2011-09-16,India,47.2700
2011-09-19,India,47.7200
2011-09-20,India,47.9300
2011-09-21,India,48.3200
2011-09-22,India,49.4700
2011-09-23,India,49.3400
2011-09-26,India,49.4700
2011-09-27,India,48.9200
2011-09-28,India,48.9400
2011-09-29,India,48.9300
2011-09-30,India,49.0500
2011-10-03,India,49.0900
2011-10-04,India,49.3000
2011-10-05,India,49.2400
2011-10-06,India,49.1800
2011-10-07,India,48.8900
2011-10-10,India,
2011-10-11,India,49.2400
2011-10-12,India,48.9500
2011-10-13,India,49.2200
2011-10-14,India,48.8900
2011-10-17,India,49.0300
2011-10-18,India,49.3300
2011-10-19,India,49.1700
2011-10-20,India,49.8600
2011-10-21,India,49.8200
2011-10-24,India,49.7200
2011-10-25,India,49.4100
2011-10-26,India,49.4000
2011-10-27,India,49.0000
2011-10-28,India,48.6300
2011-10-31,India,48.6700
2011-11-01,India,49.2600
2011-11-02,India,49.1000
2011-11-03,India,49.0400
2011-11-04,India,48.9900
2011-11-07,India,48.9400
2011-11-08,India,49.3900
2011-11-09,India,50.0500
2011-11-10,India,49.9800
2011-11-11,India,
2011-11-14,India,50.3700
2011-11-15,India,50.6200
2011-11-16,India,50.6600
2011-11-17,India,50.9500
2011-11-18,India,51.2300
2011-11-21,India,52.0600
2011-11-22,India,52.4800
2011-11-23,India,52.2600
2011-11-24,India,
2011-11-25,India,52.2300
2011-11-28,India,51.9400
2011-11-29,India,51.9000
2011-11-30,India,52.1200
2011-12-01,India,51.3600
2011-12-02,India,50.5000
2011-12-05,India,51.3100
2011-12-06,India,51.2300
2011-12-07,India,51.6200
2011-12-08,India,51.7000
2011-12-09,India,51.8700
2011-12-12,India,52.6000
2011-12-13,India,53.0900
2011-12-14,India,53.7100
2011-12-15,India,53.5500
2011-12-16,India,52.4900
2011-12-19,India,52.6900
2011-12-20,India,52.7600
2011-12-21,India,52.3900
2011-12-22,India,52.5600
2011-12-23,India,52.7800
2011-12-26,India,
2011-12-27,India,52.9300
2011-12-28,India,52.8800
2011-12-29,India,53.0000
2011-12-30,India,53.0100
2012-01-02,India,
2012-01-03,India,53.1100
2012-01-04,India,52.8500
2012-01-05,India,52.8900
2012-01-06,India,52.6700
2012-01-09,India,52.3900
2012-01-10,India,51.5900
2012-01-11,India,51.7800
2012-01-12,India,51.5100
2012-01-13,India,51.4300
2012-01-16,India,
2012-01-17,India,50.6900
2012-01-18,India,50.4000
2012-01-19,India,50.3000
2012-01-20,India,50.2200
2012-01-23,India,49.9900
2012-01-24,India,50.0200
2012-01-25,India,50.1800
2012-01-26,India,49.4200
2012-01-27,India,49.3900
2012-01-30,India,49.6600
2012-01-31,India,49.5400
2012-02-01,India,49.2738
2012-02-02,India,49.0300
2012-02-03,India,48.6500
2012-02-06,India,49.0500
2012-02-07,India,49.2000
2012-02-08,India,49.2200
2012-02-09,India,49.3500
2012-02-10,India,49.4800
2012-02-13,India,49.1400
2012-02-14,India,49.4000
2012-02-15,India,49.3500
2012-02-16,India,49.4300
2012-02-17,India,49.3100
2012-02-20,India,
2012-02-21,India,49.2100
2012-02-22,India,49.2400
2012-02-23,India,49.1900
2012-02-24,India,48.9800
2012-02-27,India,49.1200
2012-02-28,India,49.0100
2012-02-29,India,48.9900
2012-03-01,India,49.1400
2012-03-02,India,49.5500
2012-03-05,India,49.8200
2012-03-06,India,50.3763
2012-03-07,India,50.2700
2012-03-08,India,50.1700
2012-03-09,India,49.7500
2012-03-12,India,49.9800
2012-03-13,India,49.9200
2012-03-14,India,50.0000
2012-03-15,India,50.2800
2012-03-16,India,50.1100
2012-03-19,India,50.1600
2012-03-20,India,50.4800
2012-03-21,India,50.6000
2012-03-22,India,51.2800
2012-03-23,India,51.1800
2012-03-26,India,51.0300
2012-03-27,India,50.6600
2012-03-28,India,50.9700
2012-03-29,India,51.3800
2012-03-30,India,50.8900
2012-04-02,India,50.7900
2012-04-03,India,50.6400
2012-04-04,India,51.1800
2012-04-05,India,51.1100
2012-04-06,India,51.1400
2012-04-09,India,51.1000
2012-04-10,India,51.4700
2012-04-11,India,51.5000
2012-04-12,India,51.2200
2012-04-13,India,51.4500
2012-04-16,India,51.6000
2012-04-17,India,51.4100
2012-04-18,India,51.7900
2012-04-19,India,52.0700
2012-04-20,India,52.0200
2012-04-23,India,52.3800
2012-04-24,India,52.6300
2012-04-25,India,52.4500
2012-04-26,India,52.4400
2012-04-27,India,52.4500
2012-04-30,India,52.6500
2012-05-01,India,52.5000
2012-05-02,India,52.9700
2012-05-03,India,53.3300
2012-05-04,India,53.4100
2012-05-07,India,52.9100
2012-05-08,India,53.1400
2012-05-09,India,53.7500
2012-05-10,India,53.2500
2012-05-11,India,53.6300
2012-05-14,India,53.9200
2012-05-15,India,53.9100
2012-05-16,India,54.3400
2012-05-17,India,54.3700
2012-05-18,India,54.4800
2012-05-21,India,54.9700
2012-05-22,India,55.3400
2012-05-23,India,55.9500
2012-05-24,India,55.5500
2012-05-25,India,55.3500
2012-05-28,India,
2012-05-29,India,55.7100
2012-05-30,India,56.1300
2012-05-31,India,56.3800
2012-06-01,India,55.4400
2012-06-04,India,55.6500
2012-06-05,India,55.5400
2012-06-06,India,55.2600
2012-06-07,India,54.9100
2012-06-08,India,55.3900
2012-06-11,India,55.6900
2012-06-12,India,55.6000
2012-06-13,India,55.5600
2012-06-14,India,55.7000
2012-06-15,India,55.3400
2012-06-18,India,55.8500
2012-06-19,India,55.8700
2012-06-20,India,56.2400
2012-06-21,India,56.2500
2012-06-22,India,57.1100
2012-06-25,India,57.1300
2012-06-26,India,56.9500
2012-06-27,India,56.9300
2012-06-28,India,56.8100
2012-06-29,India,55.5700
2012-07-02,India,55.4500
2012-07-03,India,54.3100
2012-07-04,India,
2012-07-05,India,54.9500
2012-07-06,India,55.4700
2012-07-09,India,55.8700
2012-07-10,India,55.3900
2012-07-11,India,55.5200
2012-07-12,India,55.8300
2012-07-13,India,55.1000
2012-07-16,India,55.0500
2012-07-17,India,55.0300
2012-07-18,India,55.3300
2012-07-19,India,55.1600
2012-07-20,India,55.2700
2012-07-23,India,55.9200
2012-07-24,India,56.2200
2012-07-25,India,56.1000
2012-07-26,India,55.5900
2012-07-27,India,55.3900
2012-07-30,India,55.4200
2012-07-31,India,55.5500
2012-08-01,India,55.4700
2012-08-02,India,55.8400
2012-08-03,India,55.7500
2012-08-06,India,55.5200
2012-08-07,India,55.0600
2012-08-08,India,55.2800
2012-08-09,India,55.1700
2012-08-10,India,55.1800
2012-08-13,India,55.3400
2012-08-14,India,55.6600
2012-08-15,India,55.6600
2012-08-16,India,55.6200
2012-08-17,India,55.6200
2012-08-20,India,55.5000
2012-08-21,India,55.4600
2012-08-22,India,55.5000
2012-08-23,India,55.1400
2012-08-24,India,55.4100
2012-08-27,India,55.6800
2012-08-28,India,55.6500
2012-08-29,India,55.6900
2012-08-30,India,55.6300
2012-08-31,India,55.5200
2012-09-03,India,
2012-09-04,India,55.6100
2012-09-05,India,55.8800
2012-09-06,India,55.6400
2012-09-07,India,55.2700
2012-09-10,India,55.4400
2012-09-11,India,55.2500
2012-09-12,India,55.2100
2012-09-13,India,55.3400
2012-09-14,India,53.3000
2012-09-17,India,53.8800
2012-09-18,India,53.9000
2012-09-19,India,53.9900
2012-09-20,India,54.2600
2012-09-21,India,53.4600
2012-09-24,India,53.4300
2012-09-25,India,53.3600
2012-09-26,India,53.5200
2012-09-27,India,52.9900
2012-09-28,India,52.9200
2012-10-01,India,52.4600
2012-10-02,India,52.4200
2012-10-03,India,52.2500
2012-10-04,India,51.7400
2012-10-05,India,51.7700
2012-10-08,India,
2012-10-09,India,52.7300
2012-10-10,India,53.0500
2012-10-11,India,52.6600
2012-10-12,India,52.8100
2012-10-15,India,53.0900
2012-10-16,India,52.8900
2012-10-17,India,52.8600
2012-10-18,India,53.4600
2012-10-19,India,54.0800
2012-10-22,India,53.5100
2012-10-23,India,53.7200
2012-10-24,India,53.7300
2012-10-25,India,53.5500
2012-10-26,India,53.5500
2012-10-29,India,54.1000
2012-10-30,India,53.9600
2012-10-31,India,53.8000
2012-11-01,India,53.7600
2012-11-02,India,53.7500
2012-11-05,India,54.6000
2012-11-06,India,54.4200
2012-11-07,India,54.3700
2012-11-08,India,54.3000
2012-11-09,India,54.6100
2012-11-12,India,
2012-11-13,India,54.8200
2012-11-14,India,54.8700
2012-11-15,India,54.6500
2012-11-16,India,55.1600
2012-11-19,India,55.0500
2012-11-20,India,55.1000
2012-11-21,India,55.1400
2012-11-22,India,
2012-11-23,India,55.4400
2012-11-26,India,55.6300
2012-11-27,India,55.3500
2012-11-28,India,55.7000
2012-11-29,India,54.7100
2012-11-30,India,54.2600
2012-12-03,India,54.6600
2012-12-04,India,54.7300
2012-12-05,India,54.4600
2012-12-06,India,54.3100
2012-12-07,India,54.3500
2012-12-10,India,54.4200
2012-12-11,India,54.3100
2012-12-12,India,54.2300
2012-12-13,India,54.3600
2012-12-14,India,54.4900
2012-12-17,India,54.6800
2012-12-18,India,54.9100
2012-12-19,India,54.6700
2012-12-20,India,54.9200
2012-12-21,India,55.0600
2012-12-24,India,54.9500
2012-12-25,India,
2012-12-26,India,54.8600
2012-12-27,India,54.9400
2012-12-28,India,54.7700
2012-12-31,India,54.8600
2013-01-01,India,
2013-01-02,India,54.2300
2013-01-03,India,54.4600
2013-01-04,India,54.9300
2013-01-07,India,55.2000
2013-01-08,India,55.0200
2013-01-09,India,54.7900
2013-01-10,India,54.4900
2013-01-11,India,54.8100
2013-01-14,India,54.5000
2013-01-15,India,54.5800
2013-01-16,India,54.6600
2013-01-17,India,54.3500
2013-01-18,India,53.8200
2013-01-21,India,
2013-01-22,India,53.7200
2013-01-23,India,53.6600
2013-01-24,India,53.6700
2013-01-25,India,53.7800
2013-01-28,India,53.9700
2013-01-29,India,53.6400
2013-01-30,India,53.2100
2013-01-31,India,53.3200
2013-02-01,India,53.1600
2013-02-04,India,53.2400
2013-02-05,India,52.9900
2013-02-06,India,53.0700
2013-02-07,India,53.2200
2013-02-08,India,53.5800
2013-02-11,India,53.9500
2013-02-12,India,53.7500
2013-02-13,India,53.7900
2013-02-14,India,53.9400
2013-02-15,India,54.2800
2013-02-18,India,
2013-02-19,India,54.2600
2013-02-20,India,54.1800
2013-02-21,India,54.4700
2013-02-22,India,54.2800
2013-02-25,India,53.9600
2013-02-26,India,54.1400
2013-02-27,India,53.7200
2013-02-28,India,54.3700
2013-03-01,India,54.9000
2013-03-04,India,54.9200
2013-03-05,India,54.8700
2013-03-06,India,54.8300
2013-03-07,India,54.4500
2013-03-08,India,54.3200
2013-03-11,India,54.3800
2013-03-12,India,54.1900
2013-03-13,India,54.3000
2013-03-14,India,54.2200
2013-03-15,India,54.0600
2013-03-18,India,54.1000
2013-03-19,India,54.4000
2013-03-20,India,54.3200
2013-03-21,India,54.2700
2013-03-22,India,54.3000
2013-03-25,India,54.2200
2013-03-26,India,54.4200
2013-03-27,India,54.4500
2013-03-28,India,54.4400
2013-03-29,India,54.5200
2013-04-01,India,54.2800
2013-04-02,India,54.4300
2013-04-03,India,54.4600
2013-04-04,India,54.9100
2013-04-05,India,54.7500
2013-04-08,India,54.5800
2013-04-09,India,54.4700
2013-04-10,India,54.4100
2013-04-11,India,54.3600
2013-04-12,India,54.6200
2013-04-15,India,54.4800
2013-04-16,India,54.0800
2013-04-17,India,54.1600
2013-04-18,India,53.9500
2013-04-19,India,53.9800
2013-04-22,India,54.1900
2013-04-23,India,54.3900
2013-04-24,India,54.2200
2013-04-25,India,54.1100
2013-04-26,India,54.4100
2013-04-29,India,54.2000
2013-04-30,India,53.6800
2013-05-01,India,53.6500
2013-05-02,India,53.7900
2013-05-03,India,53.8000
2013-05-06,India,54.1300
2013-05-07,India,54.0600
2013-05-08,India,54.0800
2013-05-09,India,54.3400
2013-05-10,India,54.9400
2013-05-13,India,54.8500
2013-05-14,India,54.5000
2013-05-15,India,54.7800
2013-05-16,India,54.6800
2013-05-17,India,55.1700
2013-05-20,India,55.0200
2013-05-21,India,55.4200
2013-05-22,India,55.6200
2013-05-23,India,55.7000
2013-05-24,India,55.7800
2013-05-27,India,
2013-05-28,India,56.0700
2013-05-29,India,56.2800
2013-05-30,India,56.5000
2013-05-31,India,56.5000
2013-06-03,India,56.6600
2013-06-04,India,56.4300
2013-06-05,India,56.8400
2013-06-06,India,56.9200
2013-06-07,India,56.5700
2013-06-10,India,58.1300
2013-06-11,India,58.3400
2013-06-12,India,57.8200
2013-06-13,India,58.0700
2013-06-14,India,57.5600
2013-06-17,India,57.9700
2013-06-18,India,58.7900
2013-06-19,India,58.7000
2013-06-20,India,59.5700
2013-06-21,India,59.4300
2013-06-24,India,59.8000
2013-06-25,India,59.6600
2013-06-26,India,60.7000
2013-06-27,India,60.1900
2013-06-28,India,59.5200
2013-07-01,India,59.3800
2013-07-02,India,59.5400
2013-07-03,India,60.2100
2013-07-04,India,
2013-07-05,India,60.2300
2013-07-08,India,60.7500
2013-07-09,India,60.0900
2013-07-10,India,59.8800
2013-07-11,India,59.8200
2013-07-12,India,59.8800
2013-07-15,India,59.8900
2013-07-16,India,59.2900
2013-07-17,India,59.3400
2013-07-18,India,59.5900
2013-07-19,India,59.3700
2013-07-22,India,59.7100
2013-07-23,India,59.6400
2013-07-24,India,59.1400
2013-07-25,India,59.0100
2013-07-26,India,59.0800
2013-07-29,India,59.3300
2013-07-30,India,60.8000
2013-07-31,India,60.7700
2013-08-01,India,60.4500
2013-08-02,India,60.8800
2013-08-05,India,60.8800
2013-08-06,India,60.7800
2013-08-07,India,61.2000
2013-08-08,India,60.7200
2013-08-09,India,60.3400
2013-08-12,India,61.1500
2013-08-13,India,61.3300
2013-08-14,India,61.2700
2013-08-15,India,61.4100
2013-08-16,India,61.6500
2013-08-19,India,63.1300
2013-08-20,India,63.2100
2013-08-21,India,64.1100
2013-08-22,India,64.5500
2013-08-23,India,63.2200
2013-08-26,India,64.2600
2013-08-27,India,66.2400
2013-08-28,India,68.8000
2013-08-29,India,66.5500
2013-08-30,India,65.7100
2013-09-02,India,
2013-09-03,India,67.7100
2013-09-04,India,67.0800
2013-09-05,India,66.0100
2013-09-06,India,65.2300
2013-09-09,India,65.2400
2013-09-10,India,63.8300
2013-09-11,India,63.2600
2013-09-12,India,63.4200
2013-09-13,India,63.3600
2013-09-16,India,62.8300
2013-09-17,India,63.3600
2013-09-18,India,63.3700
2013-09-19,India,61.7600
2013-09-20,India,62.2700
2013-09-23,India,62.5700
2013-09-24,India,62.7200
2013-09-25,India,62.2000
2013-09-26,India,61.6800
2013-09-27,India,62.4800
2013-09-30,India,62.5800
2013-10-01,India,62.4600
2013-10-02,India,62.4600
2013-10-03,India,61.9700
2013-10-04,India,61.4200
2013-10-07,India,61.7900
2013-10-08,India,61.7900
2013-10-09,India,61.9200
2013-10-10,India,61.3000
2013-10-11,India,61.0700
2013-10-14,India,
2013-10-15,India,61.8400
2013-10-16,India,61.7200
2013-10-17,India,61.1300
2013-10-18,India,61.2600
2013-10-21,India,61.5600
2013-10-22,India,61.6400
2013-10-23,India,61.5400
2013-10-24,India,61.4800
2013-10-25,India,61.4000
2013-10-28,India,61.5400
2013-10-29,India,61.3400
2013-10-30,India,61.0900
2013-10-31,India,61.6100
2013-11-01,India,61.8400
2013-11-04,India,61.7400
2013-11-05,India,61.7600
2013-11-06,India,62.4800
2013-11-07,India,62.4100
2013-11-08,India,62.4800
2013-11-11,India,
2013-11-12,India,63.7300
2013-11-13,India,63.2800
2013-11-14,India,63.1200
2013-11-15,India,62.9700
2013-11-18,India,62.0700
2013-11-19,India,62.2600
2013-11-20,India,62.3400
2013-11-21,India,62.9400
2013-11-22,India,62.7200
2013-11-25,India,62.3700
2013-11-26,India,62.4700
2013-11-27,India,62.4700
2013-11-28,India,
2013-11-29,India,62.3900
2013-12-02,India,62.3000
2013-12-03,India,62.3800
2013-12-04,India,61.9000
2013-12-05,India,61.6000
2013-12-06,India,61.4300
2013-12-09,India,60.8700
2013-12-10,India,61.0400
2013-12-11,India,61.3800
2013-12-12,India,61.8500
2013-12-13,India,62.1600
2013-12-16,India,61.6800
2013-12-17,India,61.9200
2013-12-18,India,62.0600
2013-12-19,India,62.1400
2013-12-20,India,61.9800
2013-12-23,India,61.8300
2013-12-24,India,61.7500
2013-12-25,India,
2013-12-26,India,62.1500
2013-12-27,India,61.9200
2013-12-30,India,61.7700
2013-12-31,India,61.9200
2014-01-01,India,
2014-01-02,India,62.3100
2014-01-03,India,62.1700
2014-01-06,India,62.3100
2014-01-07,India,62.3000
2014-01-08,India,62.0700
2014-01-09,India,62.0700
2014-01-10,India,61.4500
2014-01-13,India,61.5200
2014-01-14,India,61.5100
2014-01-15,India,61.5400
2014-01-16,India,61.5400
2014-01-17,India,61.5400
2014-01-20,India,
2014-01-21,India,61.9400
2014-01-22,India,61.8600
2014-01-23,India,62.1100
2014-01-24,India,62.6800
2014-01-27,India,63.0900
2014-01-28,India,62.5600
2014-01-29,India,62.4600
2014-01-30,India,62.5600
2014-01-31,India,62.6300
2014-02-03,India,62.6300
2014-02-04,India,62.2700
2014-02-05,India,62.5700
2014-02-06,India,62.1400
2014-02-07,India,62.0900
2014-02-10,India,62.4400
2014-02-11,India,62.1500
2014-02-12,India,61.8400
2014-02-13,India,62.2300
2014-02-14,India,61.8700
2014-02-17,India,
2014-02-18,India,62.2000
2014-02-19,India,62.3200
2014-02-20,India,62.2100
2014-02-21,India,62.1300
2014-02-24,India,62.0700
2014-02-25,India,61.9600
2014-02-26,India,62.1100
2014-02-27,India,62.1100
2014-02-28,India,61.7800
2014-03-03,India,62.1700
2014-03-04,India,61.9100
2014-03-05,India,61.7500
2014-03-06,India,60.8900
2014-03-07,India,61.2400
2014-03-10,India,60.8400
2014-03-11,India,61.0100
2014-03-12,India,61.0100
2014-03-13,India,61.2000
2014-03-14,India,61.1900
2014-03-17,India,61.0800
2014-03-18,India,61.1000
2014-03-19,India,60.9500
2014-03-20,India,61.3300
2014-03-21,India,60.9000
2014-03-24,India,60.7800
2014-03-25,India,60.2700
2014-03-26,India,60.1300
2014-03-27,India,60.2600
2014-03-28,India,59.8900
2014-03-31,India,60.0000
2014-04-01,India,59.8600
2014-04-02,India,59.9000
2014-04-03,India,60.3500
2014-04-04,India,60.0800
2014-04-07,India,60.1100
2014-04-08,India,60.0800
2014-04-09,India,60.0900
2014-04-10,India,60.0700
2014-04-11,India,60.1800
2014-04-14,India,60.3200
2014-04-15,India,60.3400
2014-04-16,India,60.2200
2014-04-17,India,60.2900
2014-04-18,India,60.2900
2014-04-21,India,60.5900
2014-04-22,India,60.8000
2014-04-23,India,61.1700
2014-04-24,India,61.1100
2014-04-25,India,60.6400
2014-04-28,India,60.6900
2014-04-29,India,60.2300
2014-04-30,India,60.2100
2014-05-01,India,60.1100
2014-05-02,India,60.0200
2014-05-05,India,60.2100
2014-05-06,India,59.9700
2014-05-07,India,60.0100
2014-05-08,India,60.0600
2014-05-09,India,60.0000
2014-05-12,India,59.4800
2014-05-13,India,59.4400
2014-05-14,India,59.4900
2014-05-15,India,59.3800
2014-05-16,India,58.6200
2014-05-19,India,58.3800
2014-05-20,India,58.5800
2014-05-21,India,58.6600
2014-05-22,India,58.3000
2014-05-23,India,58.3600
2014-05-26,India,
2014-05-27,India,58.9000
2014-05-28,India,58.9400
2014-05-29,India,58.9000
2014-05-30,India,59.1600
2014-06-02,India,59.1500
2014-06-03,India,59.3200
2014-06-04,India,59.3400
2014-06-05,India,59.2400
2014-06-06,India,59.1700
2014-06-09,India,59.1800
2014-06-10,India,59.1800
2014-06-11,India,59.3200
2014-06-12,India,59.1900
2014-06-13,India,59.6400
2014-06-16,India,60.1600
2014-06-17,India,60.3200
2014-06-18,India,60.2800
2014-06-19,India,60.0900
2014-06-20,India,60.2300
2014-06-23,India,60.1400
2014-06-24,India,60.1400
2014-06-25,India,60.1100
2014-06-26,India,60.1700
2014-06-27,India,60.0400
2014-06-30,India,60.0600
2014-07-01,India,60.0500
2014-07-02,India,59.6900
2014-07-03,India,59.7400
2014-07-04,India,
2014-07-07,India,60.0130
2014-07-08,India,59.7800
2014-07-09,India,59.7500
2014-07-10,India,60.1900
2014-07-11,India,60.0800
2014-07-14,India,60.1100
2014-07-15,India,60.1500
2014-07-16,India,60.1200
2014-07-17,India,60.3500
2014-07-18,India,60.3300
2014-07-21,India,60.2400
2014-07-22,India,60.1600
2014-07-23,India,60.0000
2014-07-24,India,60.1100
2014-07-25,India,60.0400
2014-07-28,India,60.1300
2014-07-29,India,60.1200
2014-07-30,India,60.4000
2014-07-31,India,60.5500
2014-08-01,India,61.2000
2014-08-04,India,60.9400
2014-08-05,India,61.0500
2014-08-06,India,61.2500
2014-08-07,India,61.2000
2014-08-08,India,61.1800
2014-08-11,India,61.1700
2014-08-12,India,61.0900
2014-08-13,India,61.2200
2014-08-14,India,60.7700
2014-08-15,India,60.7700
2014-08-18,India,60.7700
2014-08-19,India,60.6700
2014-08-20,India,60.5800
2014-08-21,India,60.5600
2014-08-22,India,60.4700
2014-08-25,India,60.5600
2014-08-26,India,60.4300
2014-08-27,India,60.4500
2014-08-28,India,60.5100
2014-08-29,India,61.5100
2014-09-01,India,
2014-09-02,India,60.6900
2014-09-03,India,60.4100
2014-09-04,India,60.3800
2014-09-05,India,60.2600
2014-09-08,India,60.2900
2014-09-09,India,60.6000
2014-09-10,India,60.9500
2014-09-11,India,60.9300
2014-09-12,India,60.9500
2014-09-15,India,61.0300
2014-09-16,India,61.0600
2014-09-17,India,60.9000
2014-09-18,India,60.7800
2014-09-19,India,60.8000
2014-09-22,India,60.9300
2014-09-23,India,61.0400
2014-09-24,India,60.9300
2014-09-25,India,61.3300
2014-09-26,India,61.1400
2014-09-29,India,61.5300
2014-09-30,India,61.9200
2014-10-01,India,61.7100
2014-10-02,India,61.6100
2014-10-03,India,61.8100
2014-10-06,India,61.6800
2014-10-07,India,61.2800
2014-10-08,India,61.3800
2014-10-09,India,60.9200
2014-10-10,India,61.2700
2014-10-13,India,
2014-10-14,India,61.3800
2014-10-15,India,61.4200
2014-10-16,India,61.8000
2014-10-17,India,61.4600
2014-10-20,India,61.2000
2014-10-21,India,61.1400
2014-10-22,India,61.1800
2014-10-23,India,61.1600
2014-10-24,India,61.1600
2014-10-27,India,61.2800
2014-10-28,India,61.1700
2014-10-29,India,61.2000
2014-10-30,India,61.4200
2014-10-31,India,61.4400
2014-11-03,India,61.3800
2014-11-04,India,61.3800
2014-11-05,India,61.4900
2014-11-06,India,61.4500
2014-11-07,India,61.5000
2014-11-10,India,61.5200
2014-11-11,India,
2014-11-12,India,61.4000
2014-11-13,India,61.5500
2014-11-14,India,61.7000
2014-11-17,India,61.8200
2014-11-18,India,61.7200
2014-11-19,India,61.9800
2014-11-20,India,61.9200
2014-11-21,India,61.7600
2014-11-24,India,61.8500
2014-11-25,India,61.8900
2014-11-26,India,61.7800
2014-11-27,India,
2014-11-28,India,62.2000
2014-12-01,India,61.9400
2014-12-02,India,61.8000
2014-12-03,India,61.8500
2014-12-04,India,61.7800
2014-12-05,India,61.9000
2014-12-08,India,61.8200
2014-12-09,India,61.8700
2014-12-10,India,62.1000
2014-12-11,India,62.4600
2014-12-12,India,62.5200
2014-12-15,India,63.1600
2014-12-16,India,63.6500
2014-12-17,India,63.5200
2014-12-18,India,62.9800
2014-12-19,India,63.2400
2014-12-22,India,63.2200
2014-12-23,India,63.4000
2014-12-24,India,63.5500
2014-12-25,India,
2014-12-26,India,
2014-12-29,India,63.6700
2014-12-30,India,63.3800
2014-12-31,India,63.0400
2015-01-01,India,
2015-01-02,India,63.2700
2015-01-05,India,63.3400
2015-01-06,India,63.5700
2015-01-07,India,63.2700
2015-01-08,India,62.6700
2015-01-09,India,62.3400
2015-01-12,India,62.0900
2015-01-13,India,61.9700
2015-01-14,India,62.0900
2015-01-15,India,62.0600
2015-01-16,India,61.8700
2015-01-19,India,
2015-01-20,India,61.6400
2015-01-21,India,61.5500
2015-01-22,India,61.3200
2015-01-23,India,61.4600
2015-01-26,India,61.4600
2015-01-27,India,61.3400
2015-01-28,India,61.3400
2015-01-29,India,61.9400
2015-01-30,India,62.0100
2015-02-02,India,61.6800
2015-02-03,India,61.6700
2015-02-04,India,61.7300
2015-02-05,India,61.7300
2015-02-06,India,61.7000
2015-02-09,India,62.1000
2015-02-10,India,62.3300
2015-02-11,India,62.4100
2015-02-12,India,62.3000
2015-02-13,India,62.0400
2015-02-16,India,
2015-02-17,India,62.1400
2015-02-18,India,62.2500
2015-02-19,India,62.0800
2015-02-20,India,62.1900
2015-02-23,India,62.1500
2015-02-24,India,62.0700
2015-02-25,India,61.8400
2015-02-26,India,61.7400
2015-02-27,India,61.6700
2015-03-02,India,61.8700
2015-03-03,India,61.7600
2015-03-04,India,62.3000
2015-03-05,India,62.2600
2015-03-06,India,62.4500
2015-03-09,India,62.6700
2015-03-10,India,62.7100
2015-03-11,India,62.7600
2015-03-12,India,62.4400
2015-03-13,India,63.0600
2015-03-16,India,62.8000
2015-03-17,India,62.6400
2015-03-18,India,62.6900
2015-03-19,India,62.5600
2015-03-20,India,62.4700
2015-03-23,India,62.2200
2015-03-24,India,62.4000
2015-03-25,India,62.3500
2015-03-26,India,62.8300
2015-03-27,India,62.5000
2015-03-30,India,62.5200
2015-03-31,India,62.3100
2015-04-01,India,62.1400
2015-04-02,India,62.1300
2015-04-03,India,61.9900
2015-04-06,India,62.1600
2015-04-07,India,62.2300
2015-04-08,India,62.2200
2015-04-09,India,62.1800
2015-04-10,India,62.2100
2015-04-13,India,62.3800
2015-04-14,India,62.2500
2015-04-15,India,62.3400
2015-04-16,India,62.2800
2015-04-17,India,62.4800
2015-04-20,India,63.0700
2015-04-21,India,62.9200
2015-04-22,India,62.9600
2015-04-23,India,63.2700
2015-04-24,India,63.5500
2015-04-27,India,63.3400
2015-04-28,India,63.0500
2015-04-29,India,63.3800
2015-04-30,India,63.5800
2015-05-01,India,63.6300
2015-05-04,India,63.6400
2015-05-05,India,63.3100
2015-05-06,India,63.5700
2015-05-07,India,64.0800
2015-05-08,India,63.7300
2015-05-11,India,63.9600
2015-05-12,India,64.1900
2015-05-13,India,63.8800
2015-05-14,India,63.4700
2015-05-15,India,63.3600
2015-05-18,India,63.6600
2015-05-19,India,63.8000
2015-05-20,India,63.7500
2015-05-21,India,63.5100
2015-05-22,India,63.4300
2015-05-25,India,
2015-05-26,India,63.8700
2015-05-27,India,63.9200
2015-05-28,India,63.8300
2015-05-29,India,63.7100
2015-06-01,India,63.5900
2015-06-02,India,63.7200
2015-06-03,India,63.9900
2015-06-04,India,63.9600
2015-06-05,India,63.7600
2015-06-08,India,64.0300
2015-06-09,India,63.9600
2015-06-10,India,63.8100
2015-06-11,India,63.9300
2015-06-12,India,64.0200
2015-06-15,India,64.0300
2015-06-16,India,64.2100
2015-06-17,India,64.1400
2015-06-18,India,63.6200
2015-06-19,India,63.4300
2015-06-22,India,63.5100
2015-06-23,India,63.5700
2015-06-24,India,63.5400
2015-06-25,India,63.5000
2015-06-26,India,63.5400
2015-06-29,India,63.7300
2015-06-30,India,63.5900
2015-07-01,India,63.5500
2015-07-02,India,63.3600
2015-07-03,India,
2015-07-06,India,63.2400
2015-07-07,India,63.5100
2015-07-08,India,63.4700
2015-07-09,India,63.3100
2015-07-10,India,63.3300
2015-07-13,India,63.4300
2015-07-14,India,63.2700
2015-07-15,India,63.4800
2015-07-16,India,63.4300
2015-07-17,India,63.4500
2015-07-20,India,63.6100
2015-07-21,India,63.5700
2015-07-22,India,63.6000
2015-07-23,India,63.8600
2015-07-24,India,64.0400
2015-07-27,India,64.2400
2015-07-28,India,63.7600
2015-07-29,India,63.8300
2015-07-30,India,64.0900
2015-07-31,India,63.8700
2015-08-03,India,63.9900
2015-08-04,India,63.7100
2015-08-05,India,63.7300
2015-08-06,India,63.6700
2015-08-07,India,63.7400
2015-08-10,India,63.7700
2015-08-11,India,64.3300
2015-08-12,India,64.8000
2015-08-13,India,65.2700
2015-08-14,India,65.0200
2015-08-17,India,65.3900
2015-08-18,India,65.4400
2015-08-19,India,65.1700
2015-08-20,India,65.4900
2015-08-21,India,66.0200
2015-08-24,India,66.8000
2015-08-25,India,66.0700
2015-08-26,India,66.1100
2015-08-27,India,65.9900
2015-08-28,India,66.1400
2015-08-31,India,66.3900
2015-09-01,India,66.3400
2015-09-02,India,66.1600
2015-09-03,India,66.0700
2015-09-04,India,66.7000
2015-09-07,India,
2015-09-08,India,66.3600
2015-09-09,India,66.4700
2015-09-10,India,66.4600
2015-09-11,India,66.3900
2015-09-14,India,66.3200
2015-09-15,India,66.3600
2015-09-16,India,66.4500
2015-09-17,India,66.1200
2015-09-18,India,65.7000
2015-09-21,India,65.6600
2015-09-22,India,65.8500
2015-09-23,India,66.0500
2015-09-24,India,66.3200
2015-09-25,India,66.1200
2015-09-28,India,66.2000
2015-09-29,India,65.9000
2015-09-30,India,65.5000
2015-10-01,India,65.5700
2015-10-02,India,65.3500
2015-10-05,India,65.1200
2015-10-06,India,65.1800
2015-10-07,India,64.8600
2015-10-08,India,64.9700
2015-10-09,India,64.7600
2015-10-12,India,
2015-10-13,India,65.0600
2015-10-14,India,64.8700
2015-10-15,India,64.7700
2015-10-16,India,64.7000
2015-10-19,India,64.9000
2015-10-20,India,64.9700
2015-10-21,India,65.1900
2015-10-22,India,64.9100
2015-10-23,India,64.8700
2015-10-26,India,64.8300
2015-10-27,India,65.0300
2015-10-28,India,64.8900
2015-10-29,India,65.3500
2015-10-30,India,65.4000
2015-11-02,India,65.5800
2015-11-03,India,65.5700
2015-11-04,India,65.4600
2015-11-05,India,65.8500
2015-11-06,India,66.1300
2015-11-09,India,66.3800
2015-11-10,India,66.1900
2015-11-11,India,
2015-11-12,India,66.0400
2015-11-13,India,66.1200
2015-11-16,India,66.0100
2015-11-17,India,65.9600
2015-11-18,India,66.1600
2015-11-19,India,66.0500
2015-11-20,India,66.0600
2015-11-23,India,66.3700
2015-11-24,India,66.3200
2015-11-25,India,66.3600
2015-11-26,India,
2015-11-27,India,66.8600
2015-11-30,India,66.4300
2015-12-01,India,66.4600
2015-12-02,India,66.5300
2015-12-03,India,66.8200
2015-12-04,India,66.6500
2015-12-07,India,66.7400
2015-12-08,India,66.7700
2015-12-09,India,66.8300
2015-12-10,India,66.7000
2015-12-11,India,67.1000
2015-12-14,India,67.0900
2015-12-15,India,66.7900
2015-12-16,India,66.6000
2015-12-17,India,66.3200
2015-12-18,India,66.2300
2015-12-21,India,66.1900
2015-12-22,India,66.1900
2015-12-23,India,66.0400
2015-12-24,India,66.0000
2015-12-25,India,
2015-12-28,India,66.0900
2015-12-29,India,66.2800
2015-12-30,India,66.4400
2015-12-31,India,66.1900
2016-01-01,India,
2016-01-04,India,66.5600
2016-01-05,India,66.4900
2016-01-06,India,66.7100
2016-01-07,India,66.7300
2016-01-08,India,66.8200
2016-01-11,India,66.7800
2016-01-12,India,66.8500
2016-01-13,India,66.7400
2016-01-14,India,67.3700
2016-01-15,India,67.7400
2016-01-18,India,
2016-01-19,India,67.6800
2016-01-20,India,68.0500
2016-01-21,India,67.8700
2016-01-22,India,67.5500
2016-01-25,India,67.7100
2016-01-26,India,67.7500
2016-01-27,India,67.9800
2016-01-28,India,68.0800
2016-01-29,India,67.8700
2016-02-01,India,67.9200
2016-02-02,India,67.9200
2016-02-03,India,67.9200
2016-02-04,India,67.5700
2016-02-05,India,67.7800
2016-02-08,India,67.9800
2016-02-09,India,67.9200
2016-02-10,India,67.8500
2016-02-11,India,68.4400
2016-02-12,India,68.1200
2016-02-15,India,
2016-02-16,India,68.4800
2016-02-17,India,68.3300
2016-02-18,India,68.5400
2016-02-19,India,68.5400
2016-02-22,India,68.5300
2016-02-23,India,68.5500
2016-02-24,India,68.5300
2016-02-25,India,68.8400
2016-02-26,India,68.8200
2016-02-29,India,68.2100
2016-03-01,India,67.7500
2016-03-02,India,67.4000
2016-03-03,India,67.1500
2016-03-04,India,66.9000
2016-03-07,India,66.9700
2016-03-08,India,67.3000
2016-03-09,India,67.0700
2016-03-10,India,67.2000
2016-03-11,India,66.9300
2016-03-14,India,67.1500
2016-03-15,India,67.3300
2016-03-16,India,67.2400
2016-03-17,India,66.6100
2016-03-18,India,66.3400
2016-03-21,India,66.4500
2016-03-22,India,66.5800
2016-03-23,India,66.8200
2016-03-24,India,66.8200
2016-03-25,India,66.8200
2016-03-28,India,66.5800
2016-03-29,India,66.4600
2016-03-30,India,66.3700
2016-03-31,India,66.2500
2016-04-01,India,66.3400
2016-04-04,India,66.0500
2016-04-05,India,66.4000
2016-04-06,India,66.4900
2016-04-07,India,66.7000
2016-04-08,India,66.4900
2016-04-11,India,66.3300
2016-04-12,India,66.3500
2016-04-13,India,66.6200
2016-04-14,India,66.5600
2016-04-15,India,66.4900
2016-04-18,India,66.4200
2016-04-19,India,66.1200
2016-04-20,India,66.1200
2016-04-21,India,66.4300
2016-04-22,India,66.6000
2016-04-25,India,66.6500
2016-04-26,India,66.4000
2016-04-27,India,66.5200
2016-04-28,India,66.3900
2016-04-29,India,66.3900
2016-05-02,India,66.3600
2016-05-03,India,66.5100
2016-05-04,India,66.6300
2016-05-05,India,66.5300
2016-05-06,India,66.5200
2016-05-09,India,66.7000
2016-05-10,India,66.5800
2016-05-11,India,66.5300
2016-05-12,India,66.7000
2016-05-13,India,66.8400
2016-05-16,India,66.7800
2016-05-17,India,66.7400
2016-05-18,India,66.9500
2016-05-19,India,67.5700
2016-05-20,India,67.4200
2016-05-23,India,67.4700
2016-05-24,India,67.5900
2016-05-25,India,67.2800
2016-05-26,India,66.9000
2016-05-27,India,66.9600
2016-05-30,India,
2016-05-31,India,67.1200
2016-06-01,India,67.4400
2016-06-02,India,67.2200
2016-06-03,India,66.9900
2016-06-06,India,66.8100
2016-06-07,India,66.6400
2016-06-08,India,66.5100
2016-06-09,India,66.6800
2016-06-10,India,66.8400
2016-06-13,India,67.1700
2016-06-14,India,67.3400
2016-06-15,India,67.0800
2016-06-16,India,67.4300
2016-06-17,India,67.1100
2016-06-20,India,67.5400
2016-06-21,India,67.7300
2016-06-22,India,67.4900
2016-06-23,India,67.2900
2016-06-24,India,67.8200
2016-06-27,India,67.9200
2016-06-28,India,67.8600
2016-06-29,India,67.4200
2016-06-30,India,67.5100
2016-07-01,India,67.2400
2016-07-04,India,
2016-07-05,India,67.4000
2016-07-06,India,67.4500
2016-07-07,India,67.4900
2016-07-08,India,67.1300
2016-07-11,India,67.1100
2016-07-12,India,67.0500
2016-07-13,India,66.9900
2016-07-14,India,66.8100
2016-07-15,India,67.0700
2016-07-18,India,67.1400
2016-07-19,India,67.1400
2016-07-20,India,67.1800
2016-07-21,India,67.1500
2016-07-22,India,67.1900
2016-07-25,India,67.4100
2016-07-26,India,67.3400
2016-07-27,India,67.1400
2016-07-28,India,66.9600
2016-07-29,India,66.7700
2016-08-01,India,66.6300
2016-08-02,India,66.6500
2016-08-03,India,66.8000
2016-08-04,India,66.7600
2016-08-05,India,66.8400
2016-08-08,India,66.8200
2016-08-09,India,66.7600
2016-08-10,India,66.7200
2016-08-11,India,66.7500
2016-08-12,India,66.8200
2016-08-15,India,66.8500
2016-08-16,India,66.8300
2016-08-17,India,66.9600
2016-08-18,India,66.8300
2016-08-19,India,67.1300
2016-08-22,India,67.1800
2016-08-23,India,67.0900
2016-08-24,India,67.1400
2016-08-25,India,67.0100
2016-08-26,India,66.9800
2016-08-29,India,67.1500
2016-08-30,India,67.1400
2016-08-31,India,66.9400
2016-09-01,India,66.8500
2016-09-02,India,66.6000
2016-09-05,India,
2016-09-06,India,66.2800
2016-09-07,India,66.4200
2016-09-08,India,66.5200
2016-09-09,India,66.7600
2016-09-12,India,66.7900
2016-09-13,India,67.0300
2016-09-14,India,66.7800
2016-09-15,India,66.8400
2016-09-16,India,67.1000
2016-09-19,India,66.9400
2016-09-20,India,66.9700
2016-09-21,India,66.9900
2016-09-22,India,66.6000
2016-09-23,India,66.6600
2016-09-26,India,66.5600
2016-09-27,India,66.5000
2016-09-28,India,66.5000
2016-09-29,India,66.7200
2016-09-30,India,66.5800
2016-10-03,India,66.5200
2016-10-04,India,66.4900
2016-10-05,India,66.5300
2016-10-06,India,66.7000
2016-10-07,India,66.6100
2016-10-10,India,
2016-10-11,India,66.8100
2016-10-12,India,66.8500
2016-10-13,India,66.8400
2016-10-14,India,66.6900
2016-10-17,India,66.8000
2016-10-18,India,66.7100
2016-10-19,India,66.6400
2016-10-20,India,66.8300
2016-10-21,India,66.9400
2016-10-24,India,66.8900
2016-10-25,India,66.8000
2016-10-26,India,66.8300
2016-10-27,India,66.8500
2016-10-28,India,66.7800
2016-10-31,India,66.7200
2016-11-01,India,66.7000
2016-11-02,India,66.6600
2016-11-03,India,66.6800
2016-11-04,India,66.7500
2016-11-07,India,66.7300
2016-11-08,India,66.3900
2016-11-09,India,66.4800
2016-11-10,India,66.8600
2016-11-11,India,
2016-11-14,India,67.7800
2016-11-15,India,67.8000
2016-11-16,India,68.0700
2016-11-17,India,67.9300
2016-11-18,India,68.1200
2016-11-21,India,68.2300
2016-11-22,India,68.4000
2016-11-23,India,68.8600
2016-11-24,India,
2016-11-25,India,68.5900
2016-11-28,India,68.5600
2016-11-29,India,68.6400
2016-11-30,India,68.5600
2016-12-01,India,68.2900
2016-12-02,India,68.0400
2016-12-05,India,68.0600
2016-12-06,India,67.7200
2016-12-07,India,67.5000
2016-12-08,India,67.4200
2016-12-09,India,67.5100
2016-12-12,India,67.3800
2016-12-13,India,67.4700
2016-12-14,India,67.4300
2016-12-15,India,67.9100
2016-12-16,India,67.8200
2016-12-19,India,67.8300
2016-12-20,India,67.9700
2016-12-21,India,67.8200
2016-12-22,India,67.8600
2016-12-23,India,67.8400
2016-12-26,India,
2016-12-27,India,68.0100
2016-12-28,India,68.2000
2016-12-29,India,67.9100
2016-12-30,India,67.9200
2017-01-02,India,
2017-01-03,India,68.3700
2017-01-04,India,67.9000
2017-01-05,India,67.7400
2017-01-06,India,68.1200
2017-01-09,India,68.0800
2017-01-10,India,68.2500
2017-01-11,India,68.3900
2017-01-12,India,67.9900
2017-01-13,India,68.1600
2017-01-16,India,
2017-01-17,India,67.9000
2017-01-18,India,68.1200
2017-01-19,India,68.1000
2017-01-20,India,
2017-01-23,India,68.1100
2017-01-24,India,68.1200
2017-01-25,India,68.0400
2017-01-26,India,68.1700
2017-01-27,India,68.0600
2017-01-30,India,67.8000
2017-01-31,India,67.4800
2017-02-01,India,67.4000
2017-02-02,India,67.2000
2017-02-03,India,67.1800
2017-02-06,India,67.2000
2017-02-07,India,67.3500
2017-02-08,India,67.0400
2017-02-09,India,66.7100
2017-02-10,India,66.8000
2017-02-13,India,66.9900
2017-02-14,India,66.8800
2017-02-15,India,66.8500
2017-02-16,India,67.1200
2017-02-17,India,67.0900
2017-02-20,India,
2017-02-21,India,67.0000
2017-02-22,India,66.9500
2017-02-23,India,66.6800
2017-02-24,India,66.6800
2017-02-27,India,66.6900
2017-02-28,India,66.6700
2017-03-01,India,66.8300
2017-03-02,India,66.7500
2017-03-03,India,66.7600
2017-03-06,India,66.6400
2017-03-07,India,66.6200
2017-03-08,India,66.7600
2017-03-09,India,66.6400
2017-03-10,India,66.6000
2017-03-13,India,66.1500
2017-03-14,India,65.7600
2017-03-15,India,65.6200
2017-03-16,India,65.4000
2017-03-17,India,65.3800
2017-03-20,India,65.3000
2017-03-21,India,65.3100
2017-03-22,India,65.4500
2017-03-23,India,65.4100
2017-03-24,India,65.4000
2017-03-27,India,65.0500
2017-03-28,India,65.0200
2017-03-29,India,64.8700
2017-03-30,India,64.8500
2017-03-31,India,64.8500
2017-04-03,India,65.0300
2017-04-04,India,65.1000
2017-04-05,India,64.8700
2017-04-06,India,64.5800
2017-04-07,India,64.2600
2017-04-10,India,64.5500
2017-04-11,India,64.5500
2017-04-12,India,64.6800
2017-04-13,India,64.4200
2017-04-14,India,64.4200
2017-04-17,India,64.5300
2017-04-18,India,64.5600
2017-04-19,India,64.6200
2017-04-20,India,64.6100
2017-04-21,India,64.6500
2017-04-24,India,64.4800
2017-04-25,India,64.3200
2017-04-26,India,64.0800
2017-04-27,India,64.1400
2017-04-28,India,64.2700
2017-05-01,India,64.2500
2017-05-02,India,64.1600
2017-05-03,India,64.1700
2017-05-04,India,64.2200
2017-05-05,India,64.3100
2017-05-08,India,64.3200
2017-05-09,India,64.6600
2017-05-10,India,64.5300
2017-05-11,India,64.4300
2017-05-12,India,64.2400
2017-05-15,India,64.0400
2017-05-16,India,64.0300
2017-05-17,India,64.1100
2017-05-18,India,64.8700
2017-05-19,India,64.5600
2017-05-22,India,64.5300
2017-05-23,India,64.8500
2017-05-24,India,64.7400
2017-05-25,India,64.5500
2017-05-26,India,64.5000
2017-05-29,India,
2017-05-30,India,64.6600
2017-05-31,India,64.5000
2017-06-01,India,64.3900
2017-06-02,India,64.4100
2017-06-05,India,64.3400
2017-06-06,India,64.4200
2017-06-07,India,64.3900
2017-06-08,India,64.2400
2017-06-09,India,64.2400
2017-06-12,India,64.4800
2017-06-13,India,64.3300
2017-06-14,India,64.2300
2017-06-15,India,64.5800
2017-06-16,India,64.5000
2017-06-19,India,64.4500
2017-06-20,India,64.5400
2017-06-21,India,64.5200
2017-06-22,India,64.6000
2017-06-23,India,64.4700
2017-06-26,India,64.4300
2017-06-27,India,64.4700
2017-06-28,India,64.5500
2017-06-29,India,64.6600
2017-06-30,India,64.6200
2017-07-03,India,64.8400
2017-07-04,India,
2017-07-05,India,64.8000
2017-07-06,India,64.7200
2017-07-07,India,64.6200
2017-07-10,India,64.4500
2017-07-11,India,64.5400
2017-07-12,India,64.5300
2017-07-13,India,64.4600
2017-07-14,India,64.3800
2017-07-17,India,64.3400
2017-07-18,India,64.3200
2017-07-19,India,64.2400
2017-07-20,India,64.3700
2017-07-21,India,64.3800
2017-07-24,India,64.3900
2017-07-25,India,64.3800
2017-07-26,India,64.3200
2017-07-27,India,64.1100
2017-07-28,India,64.1100
2017-07-31,India,64.1800
2017-08-01,India,64.0600
2017-08-02,India,63.6400
2017-08-03,India,63.6700
2017-08-04,India,63.6400
2017-08-07,India,63.8300
2017-08-08,India,63.6900
2017-08-09,India,63.8600
2017-08-10,India,64.0500
2017-08-11,India,64.1400
2017-08-14,India,64.0800
2017-08-15,India,64.1200
2017-08-16,India,64.1600
2017-08-17,India,64.1500
2017-08-18,India,64.1000
2017-08-21,India,64.1000
2017-08-22,India,64.0700
2017-08-23,India,64.0400
2017-08-24,India,64.0400
2017-08-25,India,64.0000
2017-08-28,India,63.9000
2017-08-29,India,64.0200
2017-08-30,India,63.9800
2017-08-31,India,63.9300
2017-09-01,India,64.0200
2017-09-04,India,
2017-09-05,India,64.1200
2017-09-06,India,64.0600
2017-09-07,India,64.0100
2017-09-08,India,63.7800
2017-09-11,India,63.9300
2017-09-12,India,64.0300
2017-09-13,India,64.0000
2017-09-14,India,64.1200
2017-09-15,India,64.1000
2017-09-18,India,64.1500
2017-09-19,India,64.3000
2017-09-20,India,64.2900
2017-09-21,India,64.8000
2017-09-22,India,64.7900
2017-09-25,India,65.1200
2017-09-26,India,65.4600
2017-09-27,India,65.7100
2017-09-28,India,65.4600
2017-09-29,India,65.3000
2017-10-02,India,65.2800
2017-10-03,India,65.4800
2017-10-04,India,65.0200
2017-10-05,India,65.1400
2017-10-06,India,65.3900
2017-10-09,India,
2017-10-10,India,65.2400
2017-10-11,India,65.1500
2017-10-12,India,65.0500
2017-10-13,India,64.7000
2017-10-16,India,64.7000
2017-10-17,India,65.0200
2017-10-18,India,65.0600
2017-10-19,India,64.9900
2017-10-20,India,65.0300
2017-10-23,India,65.0200
2017-10-24,India,65.1000
2017-10-25,India,64.9200
2017-10-26,India,64.8400
2017-10-27,India,65.0400
2017-10-30,India,64.8300
2017-10-31,India,64.7500
2017-11-01,India,64.5600
2017-11-02,India,64.5700
2017-11-03,India,64.5600
2017-11-06,India,64.6200
2017-11-07,India,65.0300
2017-11-08,India,64.9400
2017-11-09,India,64.9600
2017-11-10,India,
2017-11-13,India,65.4600
2017-11-14,India,65.4100
2017-11-15,India,65.2600
2017-11-16,India,65.3200
2017-11-17,India,65.0100
2017-11-20,India,65.1000
2017-11-21,India,64.9100
2017-11-22,India,64.8700
2017-11-23,India,
2017-11-24,India,64.6700
2017-11-27,India,64.4700
2017-11-28,India,64.4000
2017-11-29,India,64.2900
2017-11-30,India,64.4600
2017-12-01,India,64.5000
2017-12-04,India,64.3600
2017-12-05,India,64.3800
2017-12-06,India,64.5300
2017-12-07,India,64.5700
2017-12-08,India,64.4300
2017-12-11,India,64.3500
2017-12-12,India,64.3900
2017-12-13,India,64.4500
2017-12-14,India,64.3600
2017-12-15,India,64.0400
2017-12-18,India,64.2300
2017-12-19,India,64.0200
2017-12-20,India,64.1100
2017-12-21,India,64.0200
2017-12-22,India,64.0200
2017-12-25,India,
2017-12-26,India,64.0800
2017-12-27,India,64.1500
2017-12-28,India,64.0700
2017-12-29,India,63.8300
2018-01-01,India,
2018-01-02,India,63.4600
2018-01-03,India,63.5000
2018-01-04,India,63.4000
2018-01-05,India,63.3800
2018-01-08,India,63.4800
2018-01-09,India,63.6600
2018-01-10,India,63.5800
2018-01-11,India,63.6500
2018-01-12,India,63.6100
2018-01-15,India,
2018-01-16,India,64.0100
2018-01-17,India,63.8800
2018-01-18,India,63.8700
2018-01-19,India,63.8400
2018-01-22,India,63.8800
2018-01-23,India,63.7600
2018-01-24,India,63.6900
2018-01-25,India,63.5200
2018-01-26,India,63.5800
2018-01-29,India,63.5700
2018-01-30,India,63.6500
2018-01-31,India,63.5800
2018-02-01,India,63.9700
2018-02-02,India,64.1100
2018-02-05,India,64.0600
2018-02-06,India,64.2300
2018-02-07,India,64.2300
2018-02-08,India,64.2700
2018-02-09,India,64.3700
2018-02-12,India,64.2900
2018-02-13,India,64.2700
2018-02-14,India,64.1000
2018-02-15,India,63.9300
2018-02-16,India,64.2100
2018-02-19,India,
2018-02-20,India,64.8300
2018-02-21,India,64.7600
2018-02-22,India,65.0100
2018-02-23,India,64.7100
2018-02-26,India,64.7800
2018-02-27,India,64.8400
2018-02-28,India,65.2000
2018-03-01,India,65.2000
2018-03-02,India,65.2400
2018-03-05,India,65.0600
2018-03-06,India,64.9000
2018-03-07,India,64.8600
2018-03-08,India,65.1500
2018-03-09,India,65.1200
2018-03-12,India,65.0000
2018-03-13,India,64.8500
2018-03-14,India,64.8400
2018-03-15,India,64.9400
2018-03-16,India,64.9700
2018-03-19,India,65.2100
2018-03-20,India,65.1900
2018-03-21,India,65.2000
2018-03-22,India,65.1000
2018-03-23,India,64.9800
2018-03-26,India,64.8300
2018-03-27,India,64.9800
2018-03-28,India,65.1500
2018-03-29,India,65.1200
2018-03-30,India,65.1100
2018-04-02,India,65.1100
2018-04-03,India,65.0000
2018-04-04,India,65.0800
2018-04-05,India,64.9200
2018-04-06,India,64.9500
2018-04-09,India,64.9500
2018-04-10,India,64.9500
2018-04-11,India,65.2600
2018-04-12,India,65.2800
2018-04-13,India,65.2700
2018-04-16,India,65.4600
2018-04-17,India,65.6600
2018-04-18,India,65.6200
2018-04-19,India,65.7900
2018-04-20,India,66.1500
2018-04-23,India,66.4200
2018-04-24,India,66.3600
2018-04-25,India,66.9200
2018-04-26,India,66.8000
2018-04-27,India,66.6800
2018-04-30,India,66.5000
2018-05-01,India,66.5200
2018-05-02,India,66.7100
2018-05-03,India,66.6800
2018-05-04,India,66.8300
2018-05-07,India,67.1300
2018-05-08,India,67.1200
2018-05-09,India,67.2500
2018-05-10,India,67.2400
2018-05-11,India,67.2800
2018-05-14,India,67.5500
2018-05-15,India,68.0700
2018-05-16,India,67.7700
2018-05-17,India,67.7600
2018-05-18,India,68.0400
2018-05-21,India,68.1100
2018-05-22,India,68.0400
2018-05-23,India,68.3800
2018-05-24,India,68.3200
2018-05-25,India,67.7800
2018-05-28,India,
2018-05-29,India,67.7800
2018-05-30,India,67.4600
2018-05-31,India,67.4000
2018-06-01,India,66.9900
2018-06-04,India,67.0500
2018-06-05,India,67.1200
2018-06-06,India,66.8700
2018-06-07,India,67.2000
2018-06-08,India,67.5600
2018-06-11,India,67.4600
2018-06-12,India,67.4800
2018-06-13,India,67.6000
2018-06-14,India,67.6200
2018-06-15,India,68.0600
2018-06-18,India,68.1000
2018-06-19,India,68.3000
2018-06-20,India,68.0600
2018-06-21,India,67.9400
2018-06-22,India,67.8800
2018-06-25,India,68.0900
2018-06-26,India,68.3100
2018-06-27,India,68.6300
2018-06-28,India,68.8100
2018-06-29,India,68.4600
2018-07-02,India,68.7800
2018-07-03,India,68.5800
2018-07-04,India,
2018-07-05,India,68.8900
2018-07-06,India,68.8000
2018-07-09,India,68.6600
2018-07-10,India,68.7600
2018-07-11,India,68.7000
2018-07-12,India,68.5200
2018-07-13,India,68.4400
2018-07-16,India,68.6000
2018-07-17,India,68.4200
2018-07-18,India,68.6200
2018-07-19,India,69.0100
2018-07-20,India,68.7400
2018-07-23,India,68.8400
2018-07-24,India,68.9400
2018-07-25,India,68.7200
2018-07-26,India,68.6600
2018-07-27,India,68.6000
2018-07-30,India,68.6000
2018-07-31,India,68.5400
2018-08-01,India,68.3700
2018-08-02,India,68.6300
2018-08-03,India,68.5400
2018-08-06,India,68.8200
2018-08-07,India,68.6200
2018-08-08,India,68.6500
2018-08-09,India,68.7400
2018-08-10,India,68.8800
2018-08-13,India,70.0200
2018-08-14,India,69.9500
2018-08-15,India,69.9200
2018-08-16,India,70.1900
2018-08-17,India,70.0900
2018-08-20,India,69.8400
2018-08-21,India,69.8500
2018-08-22,India,69.8500
2018-08-23,India,70.0900
2018-08-24,India,69.9600
2018-08-27,India,70.1600
2018-08-28,India,70.0900
2018-08-29,India,70.5300
2018-08-30,India,70.7400
2018-08-31,India,71.0000
2018-09-03,India,
2018-09-04,India,71.5800
2018-09-05,India,71.7500
2018-09-06,India,71.9400
2018-09-07,India,71.7800
2018-09-10,India,72.4500
2018-09-11,India,72.6900
2018-09-12,India,72.1500
2018-09-13,India,72.0200
2018-09-14,India,71.8700
2018-09-17,India,72.5100
2018-09-18,India,72.9800
2018-09-19,India,72.3500
2018-09-20,India,72.0100
2018-09-21,India,72.1800
2018-09-24,India,72.6600
2018-09-25,India,72.6800
2018-09-26,India,72.5900
2018-09-27,India,72.5500
2018-09-28,India,72.5400
2018-10-01,India,72.9200
2018-10-02,India,72.9100
2018-10-03,India,73.3400
2018-10-04,India,73.6200
2018-10-05,India,73.7600
2018-10-08,India,
2018-10-09,India,74.3300
2018-10-10,India,74.2500
2018-10-11,India,74.0400
2018-10-12,India,73.6000
2018-10-15,India,73.7600
2018-10-16,India,73.4600
2018-10-17,India,73.5200
2018-10-18,India,73.5200
2018-10-19,India,73.3700
2018-10-22,India,73.5600
2018-10-23,India,73.5400
2018-10-24,India,73.1800
2018-10-25,India,73.2100
2018-10-26,India,73.4600
2018-10-29,India,73.4200
2018-10-30,India,73.6200
2018-10-31,India,73.9500
2018-11-01,India,73.4500
2018-11-02,India,72.4400
2018-11-05,India,73.0800
2018-11-06,India,72.9500
2018-11-07,India,72.4400
2018-11-08,India,72.3700
2018-11-09,India,72.4800
2018-11-12,India,
2018-11-13,India,72.6100
2018-11-14,India,72.3000
2018-11-15,India,71.9700
2018-11-16,India,71.9800
2018-11-19,India,71.6000
2018-11-20,India,71.4900
2018-11-21,India,71.3000
2018-11-22,India,
2018-11-23,India,70.6500
2018-11-26,India,70.8100
2018-11-27,India,70.8000
2018-11-28,India,70.6300
2018-11-29,India,69.7900
2018-11-30,India,69.6200
2018-12-03,India,70.4000
2018-12-04,India,70.5200
2018-12-05,India,
2018-12-06,India,70.8400
2018-12-07,India,70.8500
2018-12-10,India,72.4360
2018-12-11,India,72.2700
2018-12-12,India,71.7900
2018-12-13,India,71.5200
2018-12-14,India,71.9400
2018-12-17,India,71.6000
2018-12-18,India,70.6100
2018-12-19,India,70.2600
2018-12-20,India,69.9600
2018-12-21,India,70.0900
2018-12-24,India,
2018-12-25,India,
2018-12-26,India,70.0700
2018-12-27,India,70.3400
2018-12-28,India,69.9200
2018-12-31,India,69.5800
2019-01-01,India,
2019-01-02,India,70.0200
2019-01-03,India,70.1200
2019-01-04,India,69.6300
2019-01-07,India,69.7800
2019-01-08,India,70.1100
2019-01-09,India,70.4200
2019-01-10,India,70.4300
2019-01-11,India,70.3800
2019-01-14,India,
2019-01-15,India,71.0000
2019-01-16,India,70.9700
2019-01-17,India,71.0900
2019-01-18,India,71.2100
2019-01-21,India,
2019-01-22,India,71.2300
2019-01-23,India,71.2100
2019-01-24,India,71.0200
2019-01-25,India,70.9400
2019-01-28,India,71.0600
2019-01-29,India,71.4000
2019-01-30,India,71.2400
2019-01-31,India,70.9400
2019-02-01,India,71.4100
2019-02-04,India,71.6600
2019-02-05,India,71.5200
2019-02-06,India,71.5500
2019-02-07,India,71.3000
2019-02-08,India,71.2300
2019-02-11,India,71.1500
2019-02-12,India,70.5600
2019-02-13,India,70.8600
2019-02-14,India,71.1800
2019-02-15,India,71.3600
2019-02-18,India,
2019-02-19,India,71.3100
2019-02-20,India,
2019-02-21,India,71.1500
2019-02-22,India,71.0700
2019-02-25,India,70.8200
2019-02-26,India,71.0200
2019-02-27,India,71.1500
2019-02-28,India,70.8300
2019-03-01,India,70.9000
2019-03-04,India,70.9100
2019-03-05,India,70.5500
2019-03-06,India,70.0200
2019-03-07,India,70.0900
2019-03-08,India,70.0000
2019-03-11,India,69.8200
2019-03-12,India,69.6200
2019-03-13,India,69.5200
2019-03-14,India,69.3300
2019-03-15,India,68.9400
2019-03-18,India,68.6000
2019-03-19,India,69.0200
2019-03-20,India,68.8500
2019-03-21,India,68.7200
2019-03-22,India,69.0100
2019-03-25,India,68.8800
2019-03-26,India,68.9800
2019-03-27,India,69.1300
2019-03-28,India,69.2300
2019-03-29,India,69.1600
2019-04-01,India,69.1800
2019-04-02,India,68.9100
2019-04-03,India,68.5800
2019-04-04,India,69.0300
2019-04-05,India,69.1100
2019-04-08,India,69.5600
2019-04-09,India,69.2800
2019-04-10,India,69.1200
2019-04-11,India,68.9700
2019-04-12,India,69.2100
2019-04-15,India,69.3800
2019-04-16,India,69.5100
2019-04-17,India,69.4300
2019-04-18,India,69.4200
2019-04-19,India,69.3700
2019-04-22,India,69.6400
2019-04-23,India,69.7800
2019-04-24,India,69.9100
2019-04-25,India,70.1900
2019-04-26,India,69.9300
2019-04-29,India,69.8000
2019-04-30,India,69.6400
2019-05-01,India,69.5200
2019-05-02,India,69.4000
2019-05-03,India,69.0800
2019-05-06,India,69.4000
2019-05-07,India,69.6200
2019-05-08,India,69.7300
2019-05-09,India,70.2100
2019-05-10,India,70.0200
2019-05-13,India,70.6200
2019-05-14,India,70.3000
2019-05-15,India,70.2200
2019-05-16,India,70.0800
2019-05-17,India,70.2800
2019-05-20,India,69.5900
2019-05-21,India,69.6100
2019-05-22,India,69.7100
2019-05-23,India,69.6600
2019-05-24,India,69.3700
2019-05-27,India,
2019-05-28,India,69.5600
2019-05-29,India,69.8000
2019-05-30,India,69.8100
2019-05-31,India,69.6300
2019-06-03,India,69.1500
2019-06-04,India,69.2800
2019-06-05,India,69.4100
2019-06-06,India,69.2100
2019-06-07,India,69.3200
2019-06-10,India,69.4900
2019-06-11,India,69.4200
2019-06-12,India,69.3500
2019-06-13,India,69.5300
2019-06-14,India,69.8100
2019-06-17,India,69.8300
2019-06-18,India,69.6000
2019-06-19,India,69.6400
2019-06-20,India,69.4400
2019-06-21,India,69.5900
2019-06-24,India,69.3200
2019-06-25,India,69.2600
2019-06-26,India,69.1800
2019-06-27,India,69.0100
2019-06-28,India,68.9200
2019-07-01,India,68.8700
2019-07-02,India,68.8700
2019-07-03,India,68.7900
2019-07-04,India,
2019-07-05,India,68.4800
2019-07-08,India,68.5500
2019-07-09,India,68.5400
2019-07-10,India,68.4000
2019-07-11,India,68.4000
2019-07-12,India,68.5700
2019-07-15,India,68.5200
2019-07-16,India,68.6600
2019-07-17,India,68.8400
2019-07-18,India,68.8500
2019-07-19,India,68.8200
2019-07-22,India,68.8900
2019-07-23,India,68.9900
2019-07-24,India,68.9400
2019-07-25,India,69.0300
2019-07-26,India,68.8900
2019-07-29,India,68.7300
2019-07-30,India,68.8200
2019-07-31,India,68.8100
2019-08-01,India,69.0000
2019-08-02,India,69.6500
2019-08-05,India,70.8000
2019-08-06,India,70.9000
2019-08-07,India,71.1800
2019-08-08,India,70.6200
2019-08-09,India,70.9100
2019-08-12,India,71.2700
2019-08-13,India,71.4100
2019-08-14,India,71.2700
2019-08-15,India,71.7900
2019-08-16,India,71.1500
2019-08-19,India,71.4400
2019-08-20,India,71.5400
2019-08-21,India,71.4300
2019-08-22,India,71.9000
2019-08-23,India,71.4900
2019-08-26,India,72.0200
2019-08-27,India,71.5200
2019-08-28,India,71.7500
2019-08-29,India,71.6700
2019-08-30,India,71.4500
2019-09-02,India,
2019-09-03,India,72.2000
2019-09-04,India,72.1100
2019-09-05,India,71.8400
2019-09-06,India,71.6800
2019-09-09,India,71.6600
2019-09-10,India,71.8900
2019-09-11,India,71.6200
2019-09-12,India,70.9100
2019-09-13,India,71.0000
2019-09-16,India,71.5300
2019-09-17,India,71.4700
2019-09-18,India,71.1600
2019-09-19,India,71.3100
2019-09-20,India,71.0500
2019-09-23,India,70.7900
2019-09-24,India,70.9400
2019-09-25,India,71.0000
2019-09-26,India,70.9300
2019-09-27,India,70.4900
2019-09-30,India,70.6400
2019-10-01,India,71.1100
2019-10-02,India,71.1700
2019-10-03,India,71.0300
2019-10-04,India,70.8600
2019-10-07,India,70.9700
2019-10-08,India,71.2100
2019-10-09,India,71.0900
2019-10-10,India,70.9800
2019-10-11,India,70.9100
2019-10-14,India,
2019-10-15,India,71.4800
2019-10-16,India,71.3700
2019-10-17,India,71.0900
2019-10-18,India,71.0700
2019-10-21,India,70.9000
2019-10-22,India,70.8100
2019-10-23,India,70.8100
2019-10-24,India,71.0100
2019-10-25,India,70.7800
2019-10-28,India,70.7100
2019-10-29,India,70.8600
2019-10-30,India,70.9600
2019-10-31,India,71.0100
2019-11-01,India,70.7600
2019-11-04,India,70.7900
2019-11-05,India,70.8100
2019-11-06,India,70.9600
2019-11-07,India,71.0400
2019-11-08,India,71.3500
2019-11-11,India,
2019-11-12,India,71.7500
2019-11-13,India,72.1200
2019-11-14,India,71.9900
2019-11-15,India,71.6000
2019-11-18,India,71.9000
2019-11-19,India,71.8600
2019-11-20,India,71.7400
2019-11-21,India,71.7500
2019-11-22,India,71.7600
2019-11-25,India,71.6900
2019-11-26,India,71.5100
2019-11-27,India,71.2600
2019-11-28,India,
2019-11-29,India,71.7500
2019-12-02,India,71.6500
2019-12-03,India,71.7000
2019-12-04,India,71.4700
2019-12-05,India,71.2600
2019-12-06,India,71.2600
2019-12-09,India,71.0200
2019-12-10,India,70.8400
2019-12-11,India,70.7300
2019-12-12,India,70.6200
2019-12-13,India,70.8000
2019-12-16,India,70.8900
2019-12-17,India,71.0400
2019-12-18,India,70.9700
2019-12-19,India,71.1100
2019-12-20,India,71.0700
2019-12-23,India,71.2400
2019-12-24,India,71.2300
2019-12-25,India,
2019-12-26,India,71.2800
2019-12-27,India,71.4500
2019-12-30,India,71.3000
2019-12-31,India,71.3600
2020-01-01,India,
2020-01-02,India,71.3400
2020-01-03,India,71.7600
2020-01-06,India,71.8600
2020-01-07,India,71.8400
2020-01-08,India,71.5100
2020-01-09,India,71.1600
2020-01-10,India,70.9400
2020-01-13,India,70.7400
2020-01-14,India,70.8500
2020-01-15,India,70.6900
2020-01-16,India,70.9500
2020-01-17,India,71.0800
2020-01-20,India,
2020-01-21,India,71.1700
2020-01-22,India,71.0700
2020-01-23,India,71.4500
2020-01-24,India,71.3100
2020-01-27,India,71.4500
2020-01-28,India,71.2400
2020-01-29,India,71.3500
2020-01-30,India,71.5700
2020-01-31,India,71.5300
2020-02-03,India,71.3200
2020-02-04,India,71.1100
2020-02-05,India,71.1900
2020-02-06,India,71.1900
2020-02-07,India,71.4700
2020-02-10,India,71.2800
2020-02-11,India,71.2500
2020-02-12,India,71.2900
2020-02-13,India,71.2700
2020-02-14,India,71.5200
2020-02-17,India,
2020-02-18,India,71.5600
2020-02-19,India,71.5500
2020-02-20,India,71.6700
2020-02-21,India,71.9000
2020-02-24,India,71.9200
2020-02-25,India,71.8100
2020-02-26,India,71.5800
2020-02-27,India,71.6500
2020-02-28,India,72.5300
2020-03-02,India,72.8800
2020-03-03,India,73.0300
2020-03-04,India,73.4900
2020-03-05,India,73.5000
2020-03-06,India,74.0000
2020-03-09,India,74.2100
2020-03-10,India,74.1500
2020-03-11,India,73.6800
2020-03-12,India,74.2500
2020-03-13,India,73.8600
2020-03-16,India,74.0100
2020-03-17,India,74.2600
2020-03-18,India,74.5500
2020-03-19,India,74.7800
2020-03-20,India,75.3100
2020-03-23,India,76.2900
2020-03-24,India,76.3700
2020-03-25,India,76.3600
2020-03-26,India,74.8900
2020-03-27,India,75.4700
2020-03-30,India,75.3300
2020-03-31,India,75.3900
2020-04-01,India,76.4000
2020-04-02,India,76.3400
2020-04-03,India,76.2400
2020-04-06,India,75.9500
2020-04-07,India,75.6400
2020-04-08,India,75.9600
2020-04-09,India,76.3000
2020-04-10,India,75.8700
2020-04-13,India,76.2500
2020-04-14,India,76.1100
2020-04-15,India,76.5600
2020-04-16,India,76.7500
2020-04-17,India,76.5600
2020-04-20,India,76.5600
2020-04-21,India,76.9500
2020-04-22,India,76.4400
2020-04-23,India,75.8400
2020-04-24,India,76.2600
2020-04-27,India,76.2300
2020-04-28,India,75.9600
2020-04-29,India,75.4500
2020-04-30,India,75.0800
2020-05-01,India,75.7500
2020-05-04,India,75.6400
2020-05-05,India,75.7200
2020-05-06,India,76.0800
2020-05-07,India,75.7800
2020-05-08,India,75.5800
2020-05-11,India,75.8700
2020-05-12,India,75.0300
2020-05-13,India,75.3300
2020-05-14,India,75.4800
2020-05-15,India,75.8200
2020-05-18,India,75.7400
2020-05-19,India,75.6700
2020-05-20,India,75.4700
2020-05-21,India,75.6300
2020-05-22,India,75.9900
2020-05-25,India,
2020-05-26,India,75.4300
2020-05-27,India,75.8800
2020-05-28,India,75.6700
2020-05-29,India,75.5900
2020-06-01,India,75.5600
2020-06-02,India,75.0300
2020-06-03,India,75.3200
2020-06-04,India,75.4300
2020-06-05,India,75.6100
2020-06-08,India,75.4400
2020-06-09,India,75.4400
2020-06-10,India,75.6500
2020-06-11,India,75.9700
2020-06-12,India,76.0300
2020-06-15,India,75.9700
2020-06-16,India,76.1900
2020-06-17,India,76.2500
2020-06-18,India,76.3200
2020-06-19,India,76.2100
2020-06-22,India,75.7600
2020-06-23,India,75.4800
2020-06-24,India,75.6500
2020-06-25,India,75.5800
2020-06-26,India,75.6300
2020-06-29,India,75.5200
2020-06-30,India,75.5300
2020-07-01,India,75.5000
2020-07-02,India,74.7800
2020-07-03,India,
2020-07-06,India,74.6200
2020-07-07,India,74.8100
2020-07-08,India,74.9400
2020-07-09,India,75.1200
2020-07-10,India,75.1400
2020-07-13,India,75.1600
2020-07-14,India,75.3800
2020-07-15,India,75.1100
2020-07-16,India,75.1100
2020-07-17,India,74.9300
2020-07-20,India,74.7700
2020-07-21,India,74.5400
2020-07-22,India,74.5600
2020-07-23,India,74.8100
2020-07-24,India,74.7700
2020-07-27,India,74.7700
2020-07-28,India,74.9100
2020-07-29,India,74.9200
2020-07-30,India,74.8800
2020-07-31,India,74.9000
2020-08-03,India,75.2000
2020-08-04,India,75.0600
2020-08-05,India,74.8000
2020-08-06,India,74.8700
2020-08-07,India,75.0400
2020-08-10,India,74.9100
2020-08-11,India,74.6100
2020-08-12,India,74.7300
2020-08-13,India,74.8100
2020-08-14,India,74.8700
2020-08-17,India,74.7400
2020-08-18,India,74.6200
2020-08-19,India,74.8500
2020-08-20,India,75.0100
2020-08-21,India,74.9200
2020-08-24,India,74.1700
2020-08-25,India,74.2000
2020-08-26,India,74.2200
2020-08-27,India,73.8900
2020-08-28,India,73.1100
2020-08-31,India,73.2500
2020-09-01,India,73.0000
2020-09-02,India,73.2700
2020-09-03,India,73.3900
2020-09-04,India,73.2900
2020-09-07,India,
2020-09-08,India,73.7800
2020-09-09,India,73.3800
2020-09-10,India,73.4300
2020-09-11,India,73.4500
2020-09-14,India,73.4200
2020-09-15,India,73.5700
2020-09-16,India,73.5400
2020-09-17,India,73.6000
2020-09-18,India,73.5400
2020-09-21,India,73.5800
2020-09-22,India,73.5000
2020-09-23,India,73.5300
2020-09-24,India,73.9000
2020-09-25,India,73.7100
2020-09-28,India,73.7900
2020-09-29,India,73.7800
2020-09-30,India,73.5400
2020-10-01,India,73.1800
2020-10-02,India,73.3500
2020-10-05,India,73.0900
2020-10-06,India,73.4000
2020-10-07,India,73.2800
2020-10-08,India,73.3300
2020-10-09,India,72.9800
2020-10-12,India,
2020-10-13,India,73.4500
2020-10-14,India,73.2400
2020-10-15,India,73.4800
2020-10-16,India,73.4200
2020-10-19,India,73.3100
2020-10-20,India,73.4700
2020-10-21,India,73.6200
2020-10-22,India,73.6500
2020-10-23,India,73.8600
2020-10-26,India,73.9300
2020-10-27,India,73.6200
2020-10-28,India,74.1900
2020-10-29,India,74.4200
2020-10-30,India,74.5900
2020-11-02,India,74.5100
2020-11-03,India,74.6100
2020-11-04,India,74.3600
2020-11-05,India,73.9300
2020-11-06,India,73.9600
2020-11-09,India,74.0300
2020-11-10,India,74.3100
2020-11-11,India,
2020-11-12,India,74.6300
2020-11-13,India,74.5600
2020-11-16,India,74.4100
2020-11-17,India,74.4200
2020-11-18,India,74.1000
2020-11-19,India,74.1600
2020-11-20,India,74.1200
2020-11-23,India,74.2100
2020-11-24,India,74.0800
2020-11-25,India,73.7500
2020-11-26,India,
2020-11-27,India,
2020-11-30,India,74.0100
2020-12-01,India,73.5100
2020-12-02,India,73.7200
2020-12-03,India,73.8000
2020-12-04,India,73.7800
2020-12-07,India,73.8300
2020-12-08,India,73.6800
2020-12-09,India,73.7100
2020-12-10,India,73.7200
2020-12-11,India,73.7300
2020-12-14,India,73.6400
2020-12-15,India,73.5600
2020-12-16,India,73.6500
2020-12-17,India,73.5300
2020-12-18,India,73.5300
2020-12-21,India,74.0300
2020-12-22,India,73.8500
2020-12-23,India,73.7700
2020-12-24,India,
2020-12-25,India,
2020-12-28,India,73.5000
2020-12-29,India,73.3300
2020-12-30,India,73.1300
2020-12-31,India,73.0100
2021-01-01,India,
2021-01-04,India,73.0800
2021-01-05,India,73.1500
2021-01-06,India,73.1500
2021-01-07,India,73.4300
2021-01-08,India,73.3100
2021-01-11,India,73.5000
2021-01-12,India,73.2600
2021-01-13,India,73.0700
2021-01-14,India,73.1100
2021-01-15,India,73.0800
2021-01-18,India,
2021-01-19,India,73.2000
2021-01-20,India,
2021-01-21,India,72.9600
2021-01-22,India,72.9800
2021-01-25,India,73.0100
2021-01-26,India,72.9000
2021-01-27,India,73.0500
2021-01-28,India,72.9100
2021-01-29,India,72.8400
2021-02-01,India,73.1100
2021-02-02,India,72.9500
2021-02-03,India,72.8400
2021-02-04,India,72.9300
2021-02-05,India,72.8500
2021-02-08,India,72.9000
2021-02-09,India,72.8300
2021-02-10,India,72.8200
2021-02-11,India,72.6900
2021-02-12,India,72.6000
2021-02-15,India,
2021-02-16,India,72.8600
2021-02-17,India,72.8100
2021-02-18,India,72.6500
2021-02-19,India,72.5000
2021-02-22,India,72.4800
2021-02-23,India,72.4400
2021-02-24,India,72.3800
2021-02-25,India,72.7400
2021-02-26,India,73.9200
2021-03-01,India,73.4000
2021-03-02,India,73.2900
2021-03-03,India,72.8500
2021-03-04,India,72.7300
2021-03-05,India,73.2100
2021-03-08,India,73.3200
2021-03-09,India,72.8900
2021-03-10,India,72.8600
2021-03-11,India,72.6900
2021-03-12,India,72.7100
2021-03-15,India,72.5800
2021-03-16,India,72.5200
2021-03-17,India,72.5600
2021-03-18,India,72.6300
2021-03-19,India,72.4500
2021-03-22,India,72.3700
2021-03-23,India,72.5200
2021-03-24,India,72.5900
2021-03-25,India,72.6900
2021-03-26,India,72.6500
2021-03-29,India,72.7500
2021-03-30,India,73.4500
2021-03-31,India,73.1400
2021-04-01,India,73.3200
2021-04-02,India,73.3700
2021-04-05,India,73.2900
2021-04-06,India,73.4900
2021-04-07,India,74.3500
2021-04-08,India,74.5700
2021-04-09,India,74.7200
2021-04-12,India,75.0300
2021-04-13,India,75.2700
2021-04-14,India,75.0700
2021-04-15,India,74.8100
2021-04-16,India,74.4800
2021-04-19,India,74.8700
2021-04-20,India,75.3800
2021-04-21,India,75.4200
2021-04-22,India,75.1100
2021-04-23,India,74.9700
2021-04-26,India,74.7500
2021-04-27,India,74.5800
2021-04-28,India,74.4900
2021-04-29,India,74.0700
2021-04-30,India,74.0000
2021-05-03,India,73.8200
2021-05-04,India,73.8000
2021-05-05,India,73.8100
2021-05-06,India,73.6400
2021-05-07,India,73.2700
2021-05-10,India,73.4100
2021-05-11,India,73.3900
2021-05-12,India,73.5300
2021-05-13,India,73.4800
2021-05-14,India,73.2300
2021-05-17,India,73.3000
2021-05-18,India,73.0400
2021-05-19,India,73.2000
2021-05-20,India,73.0300
2021-05-21,India,72.8200
2021-05-24,India,72.8600
2021-05-25,India,72.7800
2021-05-26,India,72.7100
2021-05-27,India,72.5900
2021-05-28,India,72.4200
2021-05-31,India,
2021-06-01,India,72.8300
2021-06-02,India,72.9700
2021-06-03,India,73.0100
2021-06-04,India,72.8700
2021-06-07,India,72.8000
2021-06-08,India,72.9300
2021-06-09,India,72.9800
2021-06-10,India,73.1000
2021-06-11,India,73.2400
2021-06-14,India,73.1600
2021-06-15,India,73.3500
2021-06-16,India,73.3100
2021-06-17,India,74.1600
2021-06-18,India,74.1400
2021-06-21,India,74.1800
2021-06-22,India,74.3700
2021-06-23,India,74.1300
2021-06-24,India,74.1400
2021-06-25,India,74.1400
2021-06-28,India,74.2900
2021-06-29,India,74.2900
2021-06-30,India,74.3300
2021-07-01,India,74.5600
2021-07-02,India,74.5100
2021-07-05,India,
2021-07-06,India,74.5800
2021-07-07,India,74.8100
2021-07-08,India,74.7600
2021-07-09,India,74.5300
2021-07-12,India,74.5600
2021-07-13,India,74.5100
2021-07-14,India,74.5400
2021-07-15,India,74.5500
2021-07-16,India,74.6100
2021-07-19,India,74.8500
2021-07-20,India,74.6000
2021-07-21,India,74.4900
2021-07-22,India,74.4600
2021-07-23,India,74.4400
2021-07-26,India,74.3500
2021-07-27,India,74.5000
2021-07-28,India,74.5200
2021-07-29,India,74.2500
2021-07-30,India,74.3400
2021-08-02,India,74.3500
2021-08-03,India,74.2500
2021-08-04,India,74.1500
2021-08-05,India,74.1000
2021-08-06,India,74.1900
2021-08-09,India,74.3100
2021-08-10,India,74.5000
2021-08-11,India,74.2500
2021-08-12,India,74.3100
2021-08-13,India,74.2400
2021-08-16,India,74.1900
2021-08-17,India,74.3800
2021-08-18,India,74.2700
2021-08-19,India,74.3800
2021-08-20,India,74.3500
2021-08-23,India,74.1200
2021-08-24,India,74.1300
2021-08-25,India,74.2300
2021-08-26,India,74.1300
2021-08-27,India,73.4700
2021-08-30,India,73.2900
2021-08-31,India,72.9500
2021-09-01,India,72.9900
2021-09-02,India,72.9900
2021-09-03,India,72.9800
2021-09-06,India,
2021-09-07,India,73.4400
2021-09-08,India,73.8400
2021-09-09,India,73.5200
2021-09-10,India,73.5200
2021-09-13,India,73.5800
2021-09-14,India,73.6400
2021-09-15,India,73.4700
2021-09-16,India,73.5600
2021-09-17,India,73.6400
2021-09-20,India,73.6500
2021-09-21,India,73.7100
2021-09-22,India,73.8000
2021-09-23,India,73.7000
2021-09-24,India,73.8100
2021-09-27,India,73.8600
2021-09-28,India,74.2100
2021-09-29,India,74.2800
2021-09-30,India,74.1600
2021-10-01,India,74.1500
2021-10-04,India,74.4600
2021-10-05,India,74.5100
2021-10-06,India,74.8200
2021-10-07,India,74.8500
2021-10-08,India,75.0500
2021-10-11,India,
2021-10-12,India,75.4600
2021-10-13,India,75.3300
2021-10-14,India,75.1800
2021-10-15,India,74.9800
2021-10-18,India,75.3200
2021-10-19,India,75.0600
2021-10-20,India,74.8300
2021-10-21,India,74.8000
2021-10-22,India,74.8700
2021-10-25,India,75.0500
2021-10-26,India,74.9000
2021-10-27,India,75.0100
2021-10-28,India,74.7700
2021-10-29,India,75.0000
2021-11-01,India,74.8300
2021-11-02,India,74.6300
2021-11-03,India,74.5100
2021-11-04,India,74.5300
2021-11-05,India,74.2200
2021-11-08,India,73.9100
2021-11-09,India,74.1000
2021-11-10,India,74.2600
2021-11-11,India,
2021-11-12,India,74.4000
2021-11-15,India,74.3500
2021-11-16,India,74.4800
2021-11-17,India,74.2800
2021-11-18,India,74.2500
2021-11-19,India,74.2500
2021-11-22,India,74.3700
2021-11-23,India,74.4900
2021-11-24,India,74.5700
2021-11-25,India,
2021-11-26,India,74.8900
2021-11-29,India,75.1200
2021-11-30,India,75.1000
2021-12-01,India,74.8300
2021-12-02,India,74.8900
2021-12-03,India,75.2400
2021-12-06,India,75.3900
2021-12-07,India,75.4300
2021-12-08,India,75.4000
2021-12-09,India,75.5800
2021-12-10,India,75.6600
2021-12-13,India,75.7800
2021-12-14,India,75.9800
2021-12-15,India,76.3800
2021-12-16,India,76.1800
2021-12-17,India,75.9800
2021-12-20,India,75.8200
2021-12-21,India,75.6700
2021-12-22,India,75.4500
2021-12-23,India,75.0200
2021-12-24,India,
2021-12-27,India,74.9700
2021-12-28,India,74.6700
2021-12-29,India,74.5800
2021-12-30,India,74.3900
2021-12-31,India,
2022-01-03,India,74.3200
2022-01-04,India,74.5200
2022-01-05,India,74.3100
2022-01-06,India,74.4000
2022-01-07,India,74.2700
2022-01-10,India,74.0600
2022-01-11,India,73.8100
2022-01-12,India,73.7700
2022-01-13,India,73.9600
2022-01-14,India,74.0800
2022-01-17,India,
2022-01-18,India,74.5600
2022-01-19,India,74.3900
2022-01-20,India,74.3200
2022-01-21,India,74.2800
2022-01-24,India,74.7200
2022-01-25,India,74.7300
2022-01-26,India,74.8700
2022-01-27,India,75.1800
2022-01-28,India,75.0000
2022-01-31,India,74.6000
2022-02-01,India,74.7800
2022-02-02,India,74.7700
2022-02-03,India,74.7100
2022-02-04,India,74.6100
2022-02-07,India,74.6800
2022-02-08,India,74.7100
2022-02-09,India,74.8000
2022-02-10,India,75.0700
2022-02-11,India,75.3400
2022-02-14,India,75.6300
2022-02-15,India,75.2000
2022-02-16,India,75.0300
2022-02-17,India,75.0200
2022-02-18,India,74.6300
2022-02-21,India,
2022-02-22,India,74.6500
2022-02-23,India,74.6000
2022-02-24,India,75.6100
2022-02-25,India,75.0900
2022-02-28,India,75.4900
2022-03-01,India,75.7900
2022-03-02,India,75.6100
2022-03-03,India,75.9400
2022-03-04,India,76.4200
2022-03-07,India,76.9100
2022-03-08,India,77.0700
2022-03-09,India,76.3600
2022-03-10,India,76.3700
2022-03-11,India,76.4800
2022-03-14,India,76.4500
2022-03-15,India,76.4100
2022-03-16,India,76.1700
2022-03-17,India,75.9400
2022-03-18,India,76.0300
2022-03-21,India,76.1900
2022-03-22,India,76.0600
2022-03-23,India,76.4600
2022-03-24,India,76.1800
2022-03-25,India,76.2500
2022-03-28,India,76.0600
2022-03-29,India,75.5800
2022-03-30,India,75.7600
2022-03-31,India,75.8700
2022-04-01,India,75.9600
2022-04-04,India,75.4200
2022-04-05,India,75.3100
2022-04-06,India,75.9200
2022-04-07,India,75.9000
2022-04-08,India,75.9300
2022-04-11,India,75.8500
2022-04-12,India,76.0200
2022-04-13,India,76.1400
2022-04-14,India,76.1900
2022-04-15,India,76.3200
2022-04-18,India,76.2200
2022-04-19,India,76.3900
2022-04-20,India,76.2400
2022-04-21,India,76.2300
2022-04-22,India,76.4900
2022-04-25,India,76.7200
2022-04-26,India,76.6100
2022-04-27,India,76.6100
2022-04-28,India,76.6600
2022-04-29,India,76.4800
2022-05-02,India,76.4900
2022-05-03,India,76.4900
2022-05-04,India,76.2400
2022-05-05,India,76.5400
2022-05-06,India,76.9000
2022-05-09,India,77.4500
2022-05-10,India,77.3100
2022-05-11,India,77.2800
2022-05-12,India,77.3900
2022-05-13,India,77.4200
2022-05-16,India,77.8200
2022-05-17,India,77.4600
2022-05-18,India,77.7100
2022-05-19,India,77.4500
2022-05-20,India,77.7900
2022-05-23,India,77.5100
2022-05-24,India,77.5000
2022-05-25,India,77.5800
2022-05-26,India,77.6600
2022-05-27,India,77.5800
2022-05-30,India,
2022-05-31,India,77.5900
2022-06-01,India,77.5900
2022-06-02,India,77.4100
2022-06-03,India,77.5900
2022-06-06,India,77.8300
2022-06-07,India,77.6600
2022-06-08,India,77.6500
2022-06-09,India,77.8400
2022-06-10,India,78.0800
2022-06-13,India,78.0800
2022-06-14,India,78.0100
2022-06-15,India,78.1200
2022-06-16,India,78.0000
2022-06-17,India,78.0000
2022-06-20,India,
2022-06-21,India,78.0800
2022-06-22,India,78.2100
2022-06-23,India,78.1400
2022-06-24,India,78.2500
2022-06-27,India,78.4500
2022-06-28,India,78.9700
2022-06-29,India,78.9100
2022-06-30,India,79.0200
2022-07-01,India,78.8900
2022-07-04,India,
2022-07-05,India,79.2700
2022-07-06,India,79.0200
2022-07-07,India,79.1200
2022-07-08,India,79.2500
2022-07-11,India,79.4600
2022-07-12,India,79.4500
2022-07-13,India,79.6800
2022-07-14,India,79.9400
2022-07-15,India,79.7400
2022-07-18,India,79.9900
2022-07-19,India,79.8800
2022-07-20,India,79.9600
2022-07-21,India,79.8500
2022-07-22,India,79.8300
2022-07-25,India,79.7900
2022-07-26,India,79.8200
2022-07-27,India,79.9200
2022-07-28,India,79.6400
2022-07-29,India,79.3300
2022-08-01,India,78.9300
2022-08-02,India,78.4900
2022-08-03,India,79.1300
2022-08-04,India,79.2300
2022-08-05,India,79.3600
2022-08-08,India,79.5800
2022-08-09,India,79.6500
2022-08-10,India,79.0700
2022-08-11,India,79.5400
2022-08-12,India,79.6500
2022-08-15,India,79.4800
2022-08-16,India,79.3100
2022-08-17,India,79.4100
2022-08-18,India,79.6600
2022-08-19,India,79.8900
2022-08-22,India,79.8600
2022-08-23,India,79.8100
2022-08-24,India,79.8200
2022-08-25,India,79.9000
2022-08-26,India,79.8700
2022-08-29,India,79.9600
2022-08-30,India,79.6000
2022-08-31,India,79.4500
2022-09-01,India,79.6500
2022-09-02,India,79.7000
2022-09-05,India,
2022-09-06,India,79.8600
2022-09-07,India,79.8200
2022-09-08,India,79.7100
2022-09-09,India,79.6100
2022-09-12,India,79.3500
2022-09-13,India,79.4900
2022-09-14,India,79.4100
2022-09-15,India,79.8200
2022-09-16,India,79.6600
2022-09-19,India,79.7100
2022-09-20,India,79.7200
2022-09-21,India,79.9600
2022-09-22,India,81.0000
2022-09-23,India,81.1100
2022-09-26,India,81.6000
2022-09-27,India,81.6300
2022-09-28,India,81.6100
2022-09-29,India,81.5400
2022-09-30,India,81.3700
2022-10-03,India,81.5600
2022-10-04,India,81.4500
2022-10-05,India,81.5000
2022-10-06,India,82.0600
2022-10-07,India,82.3200
2022-10-10,India,
2022-10-11,India,82.2200
2022-10-12,India,82.2500
2022-10-13,India,82.2800
2022-10-14,India,82.2800
2022-10-17,India,82.1600
2022-10-18,India,82.2900
2022-10-19,India,82.9500
2022-10-20,India,82.6600
2022-10-21,India,82.5800
2022-10-24,India,82.6800
2022-10-25,India,82.4400
2022-10-26,India,82.7300
2022-10-27,India,82.3600
2022-10-28,India,82.3300
2022-10-31,India,82.7300
2022-11-01,India,82.6200
2022-11-02,India,82.7200
2022-11-03,India,82.7600
2022-11-04,India,82.0300
2022-11-07,India,81.9500
2022-11-08,India,81.2700
2022-11-09,India,81.2500
2022-11-10,India,80.7200
2022-11-11,India,
2022-11-14,India,80.9800
2022-11-15,India,80.9400
2022-11-16,India,81.4600
2022-11-17,India,81.6900
2022-11-18,India,81.7600
2022-11-21,India,81.6800
2022-11-22,India,81.6900
2022-11-23,India,81.7100
2022-11-24,India,
2022-11-25,India,81.7300
2022-11-28,India,81.6100
2022-11-29,India,81.6100
2022-11-30,India,81.4300
2022-12-01,India,81.1700
2022-12-02,India,81.4100
2022-12-05,India,81.7700
2022-12-06,India,82.4200
2022-12-07,India,82.3100
2022-12-08,India,82.2900
2022-12-09,India,82.4600
2022-12-12,India,82.6700
2022-12-13,India,82.4900
2022-12-14,India,82.5000
2022-12-15,India,82.7500
2022-12-16,India,82.7100
2022-12-19,India,82.6500
2022-12-20,India,82.5800
2022-12-21,India,82.8100
2022-12-22,India,82.9300
2022-12-23,India,82.8600
2022-12-26,India,
2022-12-27,India,82.8800
2022-12-28,India,82.7400
2022-12-29,India,82.8300
2022-12-30,India,82.7200
2023-01-02,India,
2023-01-03,India,82.8600
2023-01-04,India,82.7200
2023-01-05,India,82.5700
2023-01-06,India,82.7200
2023-01-09,India,82.3600
2023-01-10,India,81.6000
2023-01-11,India,81.6000
2023-01-12,India,81.1900
2023-01-13,India,81.3100
2023-01-16,India,
2023-01-17,India,81.5700
2023-01-18,India,81.3300
2023-01-19,India,81.2800
2023-01-20,India,80.9900
2023-01-23,India,81.4100
2023-01-24,India,81.5300
2023-01-25,India,81.4900
2023-01-26,India,81.5900
2023-01-27,India,81.5400
2023-01-30,India,81.4700
2023-01-31,India,81.6900
2023-02-01,India,81.7300
2023-02-02,India,82.0300
2023-02-03,India,82.2100
2023-02-06,India,82.7700
2023-02-07,India,82.8100
2023-02-08,India,82.6500
2023-02-09,India,82.4400
2023-02-10,India,82.4700
2023-02-13,India,82.7200
2023-02-14,India,82.8600
2023-02-15,India,82.7800
2023-02-16,India,82.7400
2023-02-17,India,82.7300
2023-02-20,India,
2023-02-21,India,82.8500
2023-02-22,India,82.7800
2023-02-23,India,82.5900
2023-02-24,India,82.9700
2023-02-27,India,82.6900
2023-02-28,India,82.5700
2023-03-01,India,82.4300
2023-03-02,India,82.4100
2023-03-03,India,81.9800
2023-03-06,India,81.7700
2023-03-07,India,81.9300
2023-03-08,India,81.8600
2023-03-09,India,82.0200
2023-03-10,India,81.9300
2023-03-13,India,82.1900
2023-03-14,India,82.2500
2023-03-15,India,82.8400
2023-03-16,India,82.6300
2023-03-17,India,82.5600
2023-03-20,India,82.5500
2023-03-21,India,82.5900
2023-03-22,India,82.6600
2023-03-23,India,82.0700
2023-03-24,India,82.3400
2023-03-27,India,82.2400
2023-03-28,India,82.1700
2023-03-29,India,82.1800
2023-03-30,India,82.3400
2023-03-31,India,82.1900
2023-04-03,India,82.2400
2023-04-04,India,82.3300
2023-04-05,India,81.8900
2023-04-06,India,81.8600
2023-04-07,India,81.8500
2023-04-10,India,82.0100
2023-04-11,India,82.0400
2023-04-12,India,81.9800
2023-04-13,India,81.6500
2023-04-14,India,81.8800
2023-04-17,India,81.9800
2023-04-18,India,82.0800
2023-04-19,India,82.1800
2023-04-20,India,82.1000
2023-04-21,India,82.0600
2023-04-24,India,81.9000
2023-04-25,India,81.9200
2023-04-26,India,81.7400
2023-04-27,India,81.8400
2023-04-28,India,81.8400
2023-05-01,India,81.8400
2023-05-02,India,81.8900
2023-05-03,India,81.8300
2023-05-04,India,81.7300
2023-05-05,India,81.8100
2023-05-08,India,81.7800
2023-05-09,India,82.0400
2023-05-10,India,81.9400
2023-05-11,India,82.1300
2023-05-12,India,82.1700
2023-05-15,India,82.3000
2023-05-16,India,82.2600
2023-05-17,India,82.3900
2023-05-18,India,82.7700
2023-05-19,India,82.6500
2023-05-22,India,82.8300
2023-05-23,India,82.8400
2023-05-24,India,82.6600
2023-05-25,India,82.7600
2023-05-26,India,82.5800
2023-05-29,India,
2023-05-30,India,82.6700
2023-05-31,India,82.6800
2023-06-01,India,82.4100
2023-06-02,India,82.3500
2023-06-05,India,82.6700
2023-06-06,India,82.6100
2023-06-07,India,82.5000
2023-06-08,India,82.5700
2023-06-09,India,82.4600
2023-06-12,India,82.4300
2023-06-13,India,82.3800
2023-06-14,India,82.1000
2023-06-15,India,82.1800
2023-06-16,India,81.8900
2023-06-19,India,
2023-06-20,India,82.1100
2023-06-21,India,82.0400
2023-06-22,India,81.9300
2023-06-23,India,82.0100
2023-06-26,India,82.0000
2023-06-27,India,81.9800
2023-06-28,India,82.0000
2023-06-29,India,82.0500
2023-06-30,India,82.0600
2023-07-03,India,81.9600
2023-07-04,India,
2023-07-05,India,82.3400
2023-07-06,India,82.4900
2023-07-07,India,82.7400
2023-07-10,India,82.5700
2023-07-11,India,82.3900
2023-07-12,India,82.0300
2023-07-13,India,82.0400
2023-07-14,India,82.1600
2023-07-17,India,82.0300
2023-07-18,India,82.0300
2023-07-19,India,82.0900
2023-07-20,India,81.9900
2023-07-21,India,81.9900
2023-07-24,India,81.8100
2023-07-25,India,81.8700
2023-07-26,India,81.9900
2023-07-27,India,82.1500
2023-07-28,India,82.2200
2023-07-31,India,82.2400
2023-08-01,India,82.2500
2023-08-02,India,82.5800
2023-08-03,India,82.7400
2023-08-04,India,82.8300
2023-08-07,India,82.7500
2023-08-08,India,82.8500
2023-08-09,India,82.8400
2023-08-10,India,82.6900
2023-08-11,India,82.8700
2023-08-14,India,83.1700
2023-08-15,India,82.9400
2023-08-16,India,83.1900
2023-08-17,India,83.0900
2023-08-18,India,83.1400
2023-08-21,India,83.1000
2023-08-22,India,82.9400
2023-08-23,India,82.6900
2023-08-24,India,82.5700
2023-08-25,India,82.6400
2023-08-28,India,82.6000
2023-08-29,India,82.7000
2023-08-30,India,82.7300
2023-08-31,India,82.7800
2023-09-01,India,82.6900
2023-09-04,India,
2023-09-05,India,83.0300
2023-09-06,India,83.1400
2023-09-07,India,83.2100
2023-09-08,India,82.9300
2023-09-11,India,83.0300
2023-09-12,India,82.8600
2023-09-13,India,82.9300
2023-09-14,India,83.0200
2023-09-15,India,83.1500
2023-09-18,India,83.2700
2023-09-19,India,83.2700
2023-09-20,India,83.0700
2023-09-21,India,83.1100
2023-09-22,India,82.9500
2023-09-25,India,83.1100
2023-09-26,India,83.2400
2023-09-27,India,83.1800
2023-09-28,India,83.1300
2023-09-29,India,83.0800
2023-10-02,India,83.0400
2023-10-03,India,83.2200
2023-10-04,India,83.2500
2023-10-05,India,83.2400
2023-10-06,India,83.2500
2023-10-09,India,
2023-10-10,India,83.2500
2023-10-11,India,83.1800
2023-10-12,India,83.2800
2023-10-13,India,83.2600
2023-10-16,India,83.2800
2023-10-17,India,83.2200
2023-10-18,India,83.2500
2023-10-19,India,83.1000
2023-10-20,India,83.1400
2023-10-23,India,83.1900
2023-10-24,India,83.1900
2023-10-25,India,83.1800
2023-10-26,India,83.2400
2023-10-27,India,83.2700
2023-10-30,India,83.2500
2023-10-31,India,83.2600
2023-11-01,India,83.2400
2023-11-02,India,83.2200
2023-11-03,India,83.1400
2023-11-06,India,83.1900
2023-11-07,India,83.2200
2023-11-08,India,83.2800
2023-11-09,India,83.2500
2023-11-10,India,
2023-11-13,India,83.3200
2023-11-14,India,83.3200
2023-11-15,India,83.1100
2023-11-16,India,83.2200
2023-11-17,India,83.2500
2023-11-20,India,83.3300
2023-11-21,India,83.2600
2023-11-22,India,83.2900
2023-11-23,India,
2023-11-24,India,83.3400
2023-11-27,India,83.3400
2023-11-28,India,83.3300
2023-11-29,India,83.3100
2023-11-30,India,83.3600
2023-12-01,India,83.2700
2023-12-04,India,83.4000
2023-12-05,India,83.3300
2023-12-06,India,83.3200
2023-12-07,India,83.3200
2023-12-08,India,83.3800
2023-12-11,India,83.3800
2023-12-12,India,83.3700
2023-12-13,India,83.4000
2023-12-14,India,83.2800
2023-12-15,India,83.0200
2023-12-18,India,83.0400
2023-12-19,India,83.1800
2023-12-20,India,83.1400
2023-12-21,India,83.2700
2023-12-22,India,83.1200
2023-12-25,India,
2023-12-26,India,83.1700
2023-12-27,India,83.3500
2023-12-28,India,83.1500
2023-12-29,India,83.1900
2024-01-01,India,
2024-01-02,India,83.3100
2024-01-03,India,83.3000
2024-01-04,India,83.2100
2024-01-05,India,83.1600
2024-01-08,India,83.1300
2024-01-09,India,83.0900
2024-01-10,India,83.0100
2024-01-11,India,83.0300
2024-01-12,India,82.9200
2024-01-15,India,
2024-01-16,India,83.0500
2024-01-17,India,83.1400
2024-01-18,India,83.1500
2024-01-19,India,83.0900
2024-01-22,India,83.0800
2024-01-23,India,83.1500
2024-01-24,India,83.0900
2024-01-25,India,83.0800
2024-01-26,India,83.1100
2024-01-29,India,83.1200
2024-01-30,India,83.1100
2024-01-31,India,83.0200
2024-02-01,India,82.9500
2024-02-02,India,82.9200
2024-02-05,India,83.0400
2024-02-06,India,83.0300
2024-02-07,India,82.9700
2024-02-08,India,82.9700
2024-02-09,India,83.0000
2024-02-12,India,82.9500
2024-02-13,India,83.0600
2024-02-14,India,83.0200
2024-02-15,India,83.0000
2024-02-16,India,83.0200
2024-02-19,India,
2024-02-20,India,82.8800
2024-02-21,India,82.9600
2024-02-22,India,82.8600
2024-02-23,India,82.8600
2024-02-26,India,82.8500
2024-02-27,India,82.8800
2024-02-28,India,82.8800
2024-02-29,India,82.8700
2024-03-01,India,82.9100
2024-03-04,India,82.8800
2024-03-05,India,82.8600
2024-03-06,India,82.7800
2024-03-07,India,82.7800
2024-03-08,India,82.7300
2024-03-11,India,82.7200
2024-03-12,India,82.7700
2024-03-13,India,82.8100
2024-03-14,India,82.8200
2024-03-15,India,82.8600
2024-03-18,India,82.8900
2024-03-19,India,83.0100
2024-03-20,India,83.1800
2024-03-21,India,83.1500
2024-03-22,India,83.5300
2024-03-25,India,83.4200
2024-03-26,India,83.3200
2024-03-27,India,83.3400
2024-03-28,India,83.3500
2024-03-29,India,83.3400
2024-04-01,India,83.3600
2024-04-02,India,83.3200
2024-04-03,India,83.4300
2024-04-04,India,83.4400
2024-04-05,India,83.2900
2024-04-08,India,83.2500
2024-04-09,India,83.1800
2024-04-10,India,83.3700
2024-04-11,India,83.1900
2024-04-12,India,83.5900
2024-04-15,India,83.4800
2024-04-16,India,83.5400
2024-04-17,India,83.5400
2024-04-18,India,83.5300
2024-04-19,India,83.4600
2024-04-22,India,83.4700
2024-04-23,India,83.3600
2024-04-24,India,83.3400
2024-04-25,India,83.3100
2024-04-26,India,83.3800
2024-04-29,India,83.4600
2024-04-30,India,83.4400
2024-05-01,India,83.4500
2024-05-02,India,83.4400
2024-05-03,India,83.4300
2024-05-06,India,83.4800
2024-05-07,India,83.5100
2024-05-08,India,83.4500
2024-05-09,India,83.5100
2024-05-10,India,83.5400
2024-05-13,India,83.4800
2024-05-14,India,83.5000
2024-05-15,India,83.4600
2024-05-16,India,83.4600
2024-05-17,India,83.3400
2024-05-20,India,83.3400
2024-05-21,India,83.3100
2024-05-22,India,83.2600
2024-05-23,India,83.2700
2024-05-24,India,83.0900
2024-05-27,India,
2024-05-28,India,83.1600
2024-05-29,India,83.3300
2024-05-30,India,83.2800
2024-05-31,India,83.4300
2024-06-03,India,83.1400
2024-06-04,India,83.5200
2024-06-05,India,83.3700
2024-06-06,India,83.4700
2024-06-07,India,83.3800
2024-06-10,India,83.5000
2024-06-11,India,83.5000
2024-06-12,India,83.5700
2024-06-13,India,83.5200
2024-06-14,India,83.5400
2024-06-17,India,83.5200
2024-06-18,India,83.4200
2024-06-19,India,
2024-06-20,India,83.6200
2024-06-21,India,83.5300
2024-06-24,India,83.4200
2024-06-25,India,83.4000
2024-06-26,India,83.5500
2024-06-27,India,83.4400
2024-06-28,India,83.3300
2024-07-01,India,83.4400
2024-07-02,India,83.5000
2024-07-03,India,83.4800
2024-07-04,India,
2024-07-05,India,83.4700
2024-07-08,India,83.4500
2024-07-09,India,83.4700
2024-07-10,India,83.5000
2024-07-11,India,83.5700
2024-07-12,India,83.4800
2024-07-15,India,83.5500
2024-07-16,India,83.6000
2024-07-17,India,83.5500
2024-07-18,India,83.5800
2024-07-19,India,83.7000
2024-07-22,India,83.6500
2024-07-23,India,83.6800
2024-07-24,India,83.7200
2024-07-25,India,83.7000
2024-07-26,India,83.7000
2024-07-29,India,83.7500
2024-07-30,India,83.7000
2024-07-31,India,83.7300
2024-08-01,India,83.7000
2024-08-02,India,83.7900
2024-08-05,India,83.8300
2024-08-06,India,83.9100
2024-08-07,India,83.9600
2024-08-08,India,83.9500
2024-08-09,India,83.9200
2024-08-12,India,83.9200
2024-08-13,India,83.9700
2024-08-14,India,83.9100
2024-08-15,India,83.9400
2024-08-16,India,83.9500
2024-08-19,India,83.8200
2024-08-20,India,83.7900
2024-08-21,India,83.9300
2024-08-22,India,83.9300
2024-08-23,India,83.9100
2024-08-26,India,83.8700
2024-08-27,India,83.9100
2024-08-28,India,83.9000
2024-08-29,India,83.8400
2024-08-30,India,83.8300
2024-09-02,India,
2024-09-03,India,83.9400
2024-09-04,India,83.9500
2024-09-05,India,83.9600
2024-09-06,India,83.9100
2024-09-09,India,83.9300
2024-09-10,India,83.9500
2024-09-11,India,83.9500
2024-09-12,India,83.9200
2024-09-13,India,83.8800
2024-09-16,India,83.8900
2024-09-17,India,83.7500
2024-09-18,India,83.7500
2024-09-19,India,83.6800
2024-09-20,India,83.5700
2024-09-23,India,83.5300
2024-09-24,India,83.6600
2024-09-25,India,83.5600
2024-09-26,India,83.6000
2024-09-27,India,83.6800
2024-09-30,India,83.7600
2024-10-01,India,83.8100
2024-10-02,India,83.8100
2024-10-03,India,84.0000
2024-10-04,India,83.9900
2024-10-07,India,83.9600
2024-10-08,India,83.9500
2024-10-09,India,83.9300
2024-10-10,India,83.9400
2024-10-11,India,84.0800
2024-10-14,India,
2024-10-15,India,84.0400
2024-10-16,India,84.0100
2024-10-17,India,84.0400
2024-10-18,India,84.0300
2024-10-21,India,84.0700
2024-10-22,India,84.0600
2024-10-23,India,84.0600
2024-10-24,India,84.0500
2024-10-25,India,84.0600
2024-10-28,India,84.0500
2024-10-29,India,84.0400
2024-10-30,India,84.0700
2024-10-31,India,84.0600
2024-11-01,India,84.0300
2024-11-04,India,84.1100
2024-11-05,India,84.1000
2024-11-06,India,84.3100
2024-11-07,India,84.3700
2024-11-08,India,84.3400
2024-11-11,India,
2024-11-12,India,84.3800
2024-11-13,India,84.3900
2024-11-14,India,84.4200
2024-11-15,India,84.4100
2024-11-18,India,84.3700
2024-11-19,India,84.3600
2024-11-20,India,84.4100
2024-11-21,India,84.4800
2024-11-22,India,84.4400
2024-11-25,India,84.2400
2024-11-26,India,84.2700
2024-11-27,India,84.4100
2024-11-28,India,
2024-11-29,India,84.4800
2024-12-02,India,84.7400
2024-12-03,India,84.6800
2024-12-04,India,84.6900
2024-12-05,India,84.6800
2024-12-06,India,84.6700
2024-12-09,India,84.7200
2024-12-10,India,84.8400
2024-12-11,India,84.8000
2024-12-12,India,84.8400
2024-12-13,India,84.7800
2024-12-16,India,84.8900
2024-12-17,India,84.9100
2024-12-18,India,84.9500
2024-12-19,India,85.0900
2024-12-20,India,85.0200
2024-12-23,India,85.1000
2024-12-24,India,85.1400
2024-12-25,India,
2024-12-26,India,85.2500
2024-12-27,India,85.5300
2024-12-30,India,85.4700
2024-12-31,India,85.5500
2025-01-01,India,
2025-01-02,India,85.7500
2025-01-03,India,85.7500
2025-01-06,India,85.7000
2025-01-07,India,85.7400
2025-01-08,India,85.8900
2025-01-09,India,85.8700
2025-01-10,India,85.9600
2025-01-13,India,86.6900
2025-01-14,India,86.6300
2025-01-15,India,86.3700
2025-01-16,India,86.5700
2025-01-17,India,86.5500
2025-01-20,India,
2025-01-21,India,86.5800
2025-01-22,India,86.3400
2025-01-23,India,86.4200
2025-01-24,India,86.2000
2025-01-27,India,86.3400
2025-01-28,India,86.5200
2025-01-29,India,86.6100
2025-01-30,India,86.5500
2025-01-31,India,86.5400
2025-02-03,India,87.1900
2025-02-04,India,87.0600
2025-02-05,India,87.0800
2025-02-06,India,87.5700
2025-02-07,India,87.4300
2025-02-10,India,87.4500
2025-02-11,India,86.7600
2025-02-12,India,86.9000
2025-02-13,India,86.8900
2025-02-14,India,86.8200
2025-02-17,India,
2025-02-18,India,86.9600
2025-02-19,India,86.9600
2025-02-20,India,86.6500
2025-02-21,India,86.7000
2025-02-24,India,86.7200
2025-02-25,India,87.2000
2025-02-26,India,87.2000
2025-02-27,India,87.1700
2025-02-28,India,87.5000
2025-03-03,India,87.3500
2025-03-04,India,87.2600
2025-03-05,India,86.9500
2025-03-06,India,87.1100
2025-03-07,India,86.8800
2025-03-10,India,87.2700
2025-03-11,India,87.1600
2025-03-12,India,87.1600
2025-03-13,India,87.0000
2025-03-14,India,87.0000
2025-03-17,India,86.7900
2025-03-18,India,86.5000
2025-03-19,India,86.4300
2025-03-20,India,86.3100
2025-03-21,India,86.0100
2025-03-24,India,85.5600
2025-03-25,India,85.7700
2025-03-26,India,85.7100
2025-03-27,India,85.7900
2025-03-28,India,85.5100
2025-03-31,India,85.4300
2025-04-01,India,85.4600
2025-04-02,India,85.5200
2025-04-03,India,85.4400
2025-04-04,India,85.2400
2025-04-07,India,85.8500
2025-04-08,India,86.2400
2025-04-09,India,86.6400
2025-04-10,India,86.6900
2025-04-11,India,86.0600
2025-04-14,India,86.0200
2025-04-15,India,85.7600
2025-04-16,India,85.6700
2025-04-17,India,85.3700
2025-04-18,India,85.4300
2025-04-21,India,85.1800
2025-04-22,India,85.1900
2025-04-23,India,85.4200
2025-04-24,India,85.3000
2025-04-25,India,85.4300
2025-04-28,India,85.0200
2025-04-29,India,85.2700
2025-04-30,India,84.4900
2025-05-01,India,84.5800
2025-05-02,India,84.5000
2025-05-05,India,84.2700
2025-05-06,India,84.4500
2025-05-07,India,84.8200
2025-05-08,India,85.6700
2025-05-09,India,85.3800
2025-05-12,India,85.3800
2025-05-13,India,85.3500
2025-05-14,India,85.2900
2025-05-15,India,85.5200
2025-05-16,India,85.4900
2025-05-19,India,85.3700
2025-05-20,India,85.6300
2025-05-21,India,85.6500
2025-05-22,India,85.9700
2025-05-23,India,85.1700
2025-05-26,India,
2025-05-27,India,85.3000
2025-05-28,India,85.3900
2025-05-29,India,85.4900
2025-05-30,India,85.5000
2025-06-02,India,85.3300
2025-06-03,India,85.5900
2025-06-04,India,85.8500
2025-06-05,India,85.8000
2025-06-06,India,85.6600
2025-06-09,India,85.6400
2025-06-10,India,85.5700
2025-06-11,India,85.5100
2025-06-12,India,85.5500
2025-06-13,India,86.0800
2025-06-16,India,86.0500
2025-06-17,India,86.2900
2025-06-18,India,86.4900
2025-06-19,India,
2025-06-20,India,86.5800
2025-06-23,India,86.7300
2025-06-24,India,85.9200
2025-06-25,India,86.0400
2025-06-26,India,85.6600
2025-06-27,India,85.4500
2025-06-30,India,85.7400
2025-07-01,India,85.5800
2025-07-02,India,85.7000
2025-07-03,India,85.3000
2025-07-04,India,
2025-07-07,India,85.8600
2025-07-08,India,85.7500
2025-07-09,India,85.6900
2025-07-10,India,85.6500
2025-07-11,India,85.8000
2025-07-14,India,85.9900
2025-07-15,India,85.8200
2025-07-16,India,85.9600
2025-07-17,India,86.0800
2025-07-18,India,86.1000
2025-07-21,India,86.3000
2025-07-22,India,86.3700
2025-07-23,India,86.4100
2025-07-24,India,86.3900
2025-07-25,India,86.4800
2025-07-28,India,86.6700
2025-07-29,India,86.8300
2025-07-30,India,87.4400
2025-07-31,India,87.6000
2025-08-01,India,87.5400
2025-08-04,India,87.6300
2025-08-05,India,87.8000
2025-08-06,India,87.7100
2025-08-07,India,87.7100
2025-08-08,India,87.6700
2025-08-11,India,87.6300
2025-08-12,India,87.7100
2025-08-13,India,87.4800
2025-08-14,India,87.5600
2025-08-15,India,87.5600
2025-08-18,India,87.3000
2025-08-19,India,87.0200
2025-08-20,India,87.0200
2025-08-21,India,87.3100
2025-08-22,India,87.5300
2025-08-25,India,87.5500
2025-08-26,India,87.6800
2025-08-27,India,87.7400
2025-08-28,India,87.6300
2025-08-29,India,88.1800
2025-09-01,India,
2025-09-02,India,88.1500
2025-09-03,India,88.0600
2025-09-04,India,88.1700
2025-09-05,India,88.2500
2025-09-08,India,88.2500
2025-09-09,India,88.1200
2025-09-10,India,88.0900
2025-09-11,India,88.4400
2025-09-12,India,88.2800
2025-09-15,India,88.2200
2025-09-16,India,88.0500
2025-09-17,India,87.7700
2025-09-18,India,88.1700
2025-09-19,India,88.0600
2025-09-22,India,88.2900
2025-09-23,India,88.7600
2025-09-24,India,88.7300
2025-09-25,India,88.7000
2025-09-26,India,88.6500
2025-09-29,India,88.7600
2025-09-30,India,88.7800
2025-10-01,India,88.6900
2025-10-02,India,88.7400
2025-10-03,India,88.7800
2025-10-06,India,88.7900
2025-10-07,India,88.7200
2025-10-08,India,88.7700
2025-10-09,India,88.8400
2025-10-10,India,88.7200
2025-10-13,India,
2025-10-14,India,88.7600
2025-10-15,India,87.9800
2025-10-16,India,87.8100
2025-10-17,India,87.9900
2025-10-20,India,87.9200
2025-10-21,India,87.9700
2025-10-22,India,87.9200
2025-10-23,India,87.8500
2025-10-24,India,87.8300
2025-10-27,India,88.2400
2025-10-28,India,88.2100
2025-10-29,India,88.2000
2025-10-30,India,88.6400
2025-10-31,India,88.7500
2025-11-03,India,88.7800
2025-11-04,India,88.6700
2025-11-05,India,88.6600
2025-11-06,India,88.6500
2025-11-07,India,88.6800
2025-11-10,India,88.7000
2025-11-11,India,
2025-11-12,India,88.5800
2025-11-13,India,88.6600
2025-11-14,India,88.7400
2025-11-17,India,88.5800
2025-11-18,India,88.6000
2025-11-19,India,88.5800
2025-11-20,India,88.6900
2025-11-21,India,89.5400
2025-11-24,India,89.2300
2025-11-25,India,89.1600
2025-11-26,India,89.2700
2025-11-27,India,
2025-11-28,India,89.4300
2025-12-01,India,89.5900
2025-12-02,India,89.9200
2025-12-03,India,90.1500
2025-12-04,India,89.9700
2025-12-05,India,89.9700
2025-12-08,India,90.1200
2025-12-09,India,89.9000
2025-12-10,India,89.9800
2025-12-11,India,90.3500
2025-12-12,India,90.4100
2025-12-15,India,90.7000
2025-12-16,India,91.0300
2025-12-17,India,90.4000
2025-12-18,India,90.2500
2025-12-19,India,89.5400
2025-12-22,India,89.6400
2025-12-23,India,89.6700
2025-12-24,India,89.8100
2025-12-25,India,
2025-12-26,India,89.7800
2025-12-29,India,89.9700
2025-12-30,India,89.7800
2025-12-31,India,89.8400
2026-01-01,India,
2026-01-02,India,90.1900
2026-01-05,India,90.2800
2026-01-06,India,90.1800
2026-01-07,India,89.9000
2026-01-08,India,90.0200
2026-01-09,India,90.1600
2026-01-12,India,90.1200
2026-01-13,India,90.1900
2026-01-14,India,90.2400
2026-01-15,India,90.2600
2026-01-16,India,90.8700
2026-01-19,India,
2026-01-20,India,91.0100
2026-01-21,India,91.6800
2026-01-22,India,91.6200
2026-01-23,India,91.9500
2026-01-26,India,91.9500
2026-01-27,India,91.7200
2026-01-28,India,91.7800
2026-01-29,India,91.9500
2026-01-30,India,91.9800
2026-02-02,India,91.5100
2026-02-03,India,90.3000
2026-02-04,India,90.3600
2026-02-05,India,90.3300
2026-02-06,India,90.6500
2026-02-09,India,90.7700
2026-02-10,India,90.5700
2026-02-11,India,90.6900
2026-02-12,India,90.6300
2026-02-13,India,90.6400
2026-02-16,India,
2026-02-17,India,90.6300
2026-02-18,India,90.7000
2026-02-19,India,90.6800
2026-02-20,India,90.9800
2026-02-23,India,90.8800
2026-02-24,India,90.9500
2026-02-25,India,90.9500
2026-02-26,India,90.9200
2026-02-27,India,91.0300
2026-03-02,India,91.4700
2026-03-03,India,91.4700
2026-03-04,India,92.0800
2026-03-05,India,91.5800
2026-03-06,India,91.7300
2026-03-09,India,92.3100
2026-03-10,India,91.8500
2026-03-11,India,92.0300
2026-03-12,India,92.1800
2026-03-13,India,92.4700
2026-03-16,India,92.4200
2026-03-17,India,92.3600
2026-03-18,India,92.8700
2026-03-19,India,92.6200
2026-03-20,India,93.7300
2026-03-23,India,93.9600
2026-03-24,India,93.8600
2026-03-25,India,93.9700
2026-03-26,India,93.9700
2026-03-27,India,94.8300
2026-03-30,India,94.4100
2026-03-31,India,93.8300
2026-04-01,India,93.2100
2026-04-02,India,93.0900
2026-04-03,India,93.0900
2026-04-06,India,93.0600
2026-04-07,India,92.9600
2026-04-08,India,92.2500
2026-04-09,India,92.6900
2026-04-10,India,92.7200
2026-04-13,India,93.3900
2026-04-14,India,93.3700
2026-04-15,India,93.3700
2026-04-16,India,93.2000
2026-04-17,India,92.9000
2026-04-20,India,93.1300
2026-04-21,India,93.5000
2026-04-22,India,93.7900
2026-04-23,India,94.1100
2026-04-24,India,94.2500
2026-04-27,India,94.1900
2026-04-28,India,94.5400
2026-04-29,India,94.8500
2026-04-30,India,94.9100
2026-05-01,India,94.9000
2026-05-04,India,95.0900
2026-05-05,India,95.3200
2026-05-06,India,94.6100
2026-05-07,India,94.2500
2026-05-08,India,94.4900
2026-05-11,India,95.3100
2026-05-12,India,95.6300
2026-05-13,India,95.6900
2026-05-14,India,95.7600
2026-05-15,India,95.9700
2026-05-18,India,96.3500
2026-05-19,India,96.5300
2026-05-20,India,96.8200
2026-05-21,India,96.2000
2026-05-22,India,95.6900
2026-05-25,India,
2026-05-26,India,95.6800
2026-05-27,India,95.6900
2026-05-28,India,95.6900
2026-05-29,India,95.0000
2026-06-01,India,94.9900
2026-06-02,India,95.2700
2026-06-03,India,95.7100
2026-06-04,India,95.7900
2026-06-05,India,94.9500
2026-06-08,India,95.7100
2026-06-09,India,95.3500
2026-06-10,India,95.2700
2026-06-11,India,95.7600
2026-06-12,India,95.1100
2026-06-15,India,94.7100
2026-06-16,India,94.6200
2026-06-17,India,94.5300
2026-06-18,India,94.3300
2026-06-19,India,
2026-06-22,India,94.6800
2026-06-23,India,94.7400
2026-06-24,India,94.6700
2026-06-25,India,94.4000
2026-06-26,India,94.3700
2026-06-29,India,94.5400
2026-06-30,India,94.6600
2026-07-01,India,95.2500
2026-07-02,India,95.3900
2026-07-03,India,
2026-07-06,India,95.4000
2026-07-07,India,94.9700
2026-07-08,India,95.5600
2026-07-09,India,95.3900
2026-07-10,India,95.3300
2026-07-13,India,95.6200
2026-07-14,India,96.2000
2026-07-15,India,96.2600
2026-07-16,India,96.3500
2026-07-17,India,96.2800
2026-07-20,India,96.4500
2026-07-21,India,96.2400
2026-07-22,India,96.5700
2026-07-23,India,96.5700
2026-07-24,India,96.5600
2026-07-27,India,95.9100
2026-07-28,India,95.8500
2026-07-29,India,95.6500
2026-07-30,India,95.6800
2026-07-31,India,95.3800
2026-08-03,India,95.3400
2026-08-04,India,95.3800
2026-08-05,India,95.1400
2026-08-06,India,95.2100
2026-08-07,India,95.2100
2026-08-10,India,95.3000
2026-08-11,India,95.4400
2026-08-12,India,95.3300
2026-08-13,India,95.4400
2026-08-14,India,95.4300
2026-08-17,India,95.6000
2026-08-18,India,95.6800
2026-08-19,India,95.7500
2026-08-20,India,95.7100
2026-08-21,India,95.7000
2026-08-24,India,95.7500
2026-08-25,India,95.4100
2026-08-26,India,95.4300
2026-08-27,India,95.5400
2026-08-28,India,95.3800
2026-08-31,India,95.1600
2026-09-01,India,94.9500
2026-09-02,India,94.9700
2026-09-03,India,94.4900
2026-09-04,India,94.4900
